player_id,player_display_name,position_group,c,t,rtd,ctd,r_rush,r_rec,g,team25,mc,mt,e_car,e_tar,team26,team,moved,opp,site,implied,game,team_td,lam_raw,lam,p_td,fair
00-0032764,Derrick Henry,RB,2376,213,112,4,0.04674319893331746,0.020890283712006952,4,BAL,21.25,0.25,20.378861133494496,0.3235629868385711,BAL,BAL,False,IND,A,25.5,BAL@IND,2.8195499999999996,0.9593324825911467,1.2308967306604068,0.7079694125504636,-242.42988336720126
00-0039139,Jahmyr Gibbs,RB,675,228,39,10,0.0555752244890991,0.04171953788410614,4,DET,14.0,7.0,13.555331721729788,6.6765041633091595,DET,DET,False,NO,H,28.25,NO@DET,3.1938250000000004,1.031881271833908,0.8858379365042369,0.5876315101419517,-142.5015549428219
00-0036900,Ja'Marr Chase,WR,21,767,0,54,0.027927872621148386,0.06912604263874263,4,CIN,0.0,11.5,0.006336158917715558,11.011323743471188,CIN,CIN,False,TB,H,27.0,TB@CIN,3.0237,0.7613461900393497,0.806286854491702,0.5534870405182938,-123.9576654529263
00-0036223,Jonathan Taylor,RB,1551,239,69,7,0.0439926991587936,0.029540793964506505,4,IND,19.0,3.75,18.261214074670963,3.6176806338973946,IND,IND,False,BAL,H,22.0,BAL@IND,2.3432000000000004,0.9102292552966754,0.7350003040523335,0.5204946868198375,-108.54826266007905
00-0039040,De'Von Achane,RB,544,209,22,13,0.03953913725890836,0.056650582395855666,4,MIA,13.0,3.25,12.614155251141554,3.147092398603277,MIA,MIA,False,LV,A,19.0,MIA@LV,1.9349,0.6770374331145116,0.7188169977255294,0.5126715742762491,-105.20042485000953
00-0040122,Ashton Jeanty,RB,266,73,5,5,0.021227884109946242,0.054146433126672514,4,LV,18.75,3.75,18.025919957023905,3.6176806338973946,LV,LV,False,MIA,H,22.5,MIA@LV,2.41125,0.5785366423398541,0.715686177742225,0.5111434458032109,-104.55898390132869
00-0038542,Bijan Robinson,RB,805,261,25,9,0.031097638363510084,0.03395271421869457,4,ATL,18.0,8.25,17.320037604082728,7.852974751544453,ATL,ATL,False,PIT,A,19.5,ATL@PIT,2.0029500000000002,0.8052420733599732,0.7109182214448615,0.5088070335876687,-103.58597707617645
00-0033280,Christian McCaffrey,RB,1541,665,60,31,0.03865303515611491,0.045618852521221866,4,SF,18.5,5.5,17.790625839376847,5.264739457426806,SF,SF,False,LA,N,22.5,SF@LA,2.41125,0.9278330588897307,0.6975581517702519,0.5022006285824189,-100.88414277268055
00-0040666,Omarion Hampton,RB,124,35,4,1,0.032051326863029535,0.0298697673713674,4,LAC,14.5,3.25,14.025919957023905,3.147092398603277,LAC,LAC,False,ARI,H,28.5,ARI@LAC,3.22785,0.5435522629397409,0.6781722900402419,0.4924562120128856,103.06373959880804
00-0038597,Chase Brown,RB,505,168,13,10,0.02638831434618198,0.05347083343273711,4,CIN,15.0,5.0,14.496508192318023,4.794151222132689,CIN,CIN,False,TB,H,27.0,TB@CIN,3.0237,0.6388856765509003,0.67659775443206,0.49165643677392334,103.39406243954588
00-0036963,Amon-Ra St. Brown,WR,25,742,1,44,0.04087664766324694,0.05866647718653597,4,DET,0.0,13.75,0.006336158917715558,13.128970802294717,DET,DET,False,NO,H,28.25,NO@DET,3.1938250000000004,0.7704894669911376,0.6614412124416759,0.4838930215656201,106.65724766282692
00-0037840,Kyren Williams,RB,838,150,36,8,0.042178249751589604,0.04815053213781304,4,LA,15.75,3.75,15.2023905452592,3.6176806338973946,LA,LA,False,SF,N,26.0,SF@LA,2.8876,0.8154034728659674,0.6568072617929434,0.48149585741753276,107.6861066600709
00-0034844,Saquon Barkley,RB,1826,489,55,16,0.030170421182676474,0.03256469631800999,4,PHI,20.5,1.75,19.67297878055332,1.735327692720924,PHI,PHI,False,WAS,H,25.0,WAS@PHI,2.7515,0.6500524750528405,0.6235470627351937,0.46396030495579466,115.53568038439803
00-0039067,Rashee Rice,WR,7,209,1,14,0.05541769121612017,0.06358902382939897,4,KC,0.25,10.75,0.24163027656477437,10.305441390530012,KC,KC,False,DEN,H,23.0,DEN@KC,2.4793000000000003,0.6687035502100198,0.609361338967976,0.4563020030619852,119.1531032714221
00-0035640,DK Metcalf,WR,5,825,1,54,0.057698245430064264,0.06453789405665127,4,PIT,0.0,7.25,0.006336158917715558,7.011323743471188,PIT,PIT,False,ATL,H,23.0,ATL@PIT,2.4793000000000003,0.4528616542053453,0.5680303181871746,0.4333595583891733,130.75526560832475
00-0033293,Aaron Jones,RB,1483,449,48,21,0.03233755021630437,0.04532264975351124,4,MIN,16.25,2.75,15.672978780553319,2.676504163309159,MIN,MIN,False,GB,H,24.0,GB@MIN,2.6154,0.6281319991126914,0.5679274899139729,0.43330128873520357,130.78629720187928
00-0040126,Colston Loveland,TE,1,82,0,6,0.07284107157309737,0.0661525121568957,4,CHI,0.25,8.25,0.2394957983193277,7.917522564581388,CHI,CHI,False,CAR,A,24.75,CHI@CAR,2.7174750000000003,0.5412091382928006,0.5658669624287695,0.4321323866008999,131.41056560603494
00-0038611,Chris Rodriguez Jr.,RB,198,7,10,0,0.0460000051620956,0.026723472418896898,4,WAS,13.0,0.75,12.614155251141554,0.7941512221326887,JAX,JAX,True,CLE,H,24.5,CLE@JAX,2.6834499999999997,0.6014736849490829,0.5642231444500856,0.4311981479597149,131.91194227796774
00-0038996,Tucker Kraft,TE,4,154,0,15,0.0707398868161811,0.08714474334934356,4,GB,0.0,6.0,0.004201680672268907,5.799875505757859,GB,GB,False,MIN,A,22.5,GB@MIN,2.41125,0.5057258888226068,0.55369324597303,0.42517707720626075,135.19612265335806
00-0034857,Josh Allen,QB,871,2,79,2,0.08846213216791964,0.16955017301038064,4,BUF,8.5,0.0,8.173464052287581,0.0012418300653594771,BUF,BUF,False,HOU,A,23.0,BUF@HOU,2.4793000000000003,0.7232526097656352,0.5414370060237416,0.41808855897951847,139.1837754280639
00-0039361,Bucky Irving,RB,380,87,9,3,0.024801696888616057,0.03325408522648001,4,TB,17.5,2.75,16.849449368788612,2.676504163309159,TB,TB,False,CIN,A,23.5,TB@CIN,2.54735,0.5068996335404896,0.5294904429457399,0.4110950260790248,143.25276069085058
00-0038543,Jaxon Smith-Njigba,WR,12,393,0,20,0.03244855546748085,0.0506875827030408,4,SEA,0.0,10.5,0.006336158917715558,10.070147272882952,SEA,SEA,False,NE,H,23.75,NE@SEA,2.5813749999999995,0.5106370219301477,0.5171313059784624,0.40377150587197785,147.66482663020452
00-0036410,Tee Higgins,WR,5,610,0,45,0.03712219684433106,0.07193823836081648,4,CIN,0.0,7.0,0.006336158917715558,6.776029625824129,CIN,CIN,False,TB,H,27.0,TB@CIN,3.0237,0.48769084650107064,0.5164782115339941,0.4033819851717718,147.90398103033056
00-0040715,Cam Skattebo,RB,101,32,5,2,0.042701636732353554,0.04401824960993939,4,NYG,13.25,4.25,12.849449368788612,4.088268869191513,NYG,NYG,False,DAL,H,22.75,DAL@NYG,2.4452749999999996,0.7286509587133976,0.5097854875839861,0.39937559361325425,150.39086413687463
00-0036275,D'Andre Swift,RB,1069,354,38,9,0.035332611179612713,0.026039170642511815,4,CHI,12.5,2.0,12.143567015847436,1.9706218103679827,CHI,CHI,False,CAR,A,24.75,CHI@CAR,2.7174750000000003,0.4803772892965348,0.5022635766488727,0.3948407162326819,153.26668676456717
00-0036919,Kenny Gainwell,RB,394,223,17,4,0.04158002424841763,0.02011083172775981,4,PIT,8.5,6.75,8.378861133494494,6.441210045662101,TB,TB,True,CIN,A,23.5,TB@CIN,2.54735,0.47793134045629165,0.49923113060534374,0.3930028181018601,154.45110160528566
00-0037248,James Cook,RB,842,164,32,9,0.0375674066795151,0.04970973374394182,4,BUF,15.0,2.25,14.496508192318023,2.2059159280150418,BUF,BUF,False,HOU,A,23.0,BUF@HOU,2.4793000000000003,0.6542517121368816,0.4897819702580647,0.3872400204786981,158.23777169617455
00-0038124,Christian Watson,WR,16,227,2,20,0.06382774370441907,0.08119121042671817,4,GB,0.0,5.25,0.006336158917715558,5.128970802294717,GB,GB,False,MIN,A,22.5,GB@MIN,2.41125,0.4168317704090743,0.4563676511001035,0.3664191424257076,172.91150603649274
00-0040730,RJ Harvey,RB,146,58,7,5,0.043078485740876235,0.06203088287152769,4,DEN,13.75,4.0,13.32003760408273,3.852974751544454,DEN,DEN,False,KC,A,20.5,DEN@KC,2.13905,0.8128104755154206,0.451759710334834,0.3634929025718052,175.10853524917388
00-0039075,Puka Nacua,WR,33,432,2,19,0.04966235385394142,0.044496724911298496,4,LA,1.0,12.0,0.9475126295059508,11.481911978765305,LA,LA,False,SF,N,26.0,SF@LA,2.8876,0.5579631862624658,0.44943918531796057,0.3620141568591627,176.2322912109313
00-0036997,Javonte Williams,RB,858,254,22,7,0.0260458827980956,0.02805887604686339,4,DAL,13.5,2.25,13.08474348643567,2.2059159280150418,DAL,DAL,False,NYG,A,25.75,DAL@NYG,2.853575,0.4026992168848239,0.4477768214679027,0.3609527102458755,177.04460213605688
00-0036139,Rico Dowdle,RB,567,121,10,6,0.019019063141581555,0.04451445205724973,4,CAR,11.0,3.5,10.731802309965083,3.3823865162503357,PIT,PIT,True,ATL,H,23.0,ATL@PIT,2.4793000000000003,0.3546739081729102,0.4448721392975228,0.3590937824871473,178.4787843091636
00-0031408,Mike Evans,WR,1,914,0,76,0.04045152720051029,0.08142140267109566,4,TB,0.0,7.5,0.006336158917715558,7.246617861118246,SF,SF,True,LA,N,22.5,SF@LA,2.41125,0.5902860981784693,0.4437855233933656,0.3583969850911194,179.02020429824722
00-0040734,TreVeyon Henderson,RB,180,42,9,1,0.04528958699778318,0.027466796669943255,4,NE,12.75,1.0,12.378861133494494,1.0294453397797474,NE,NE,False,SEA,A,20.75,NE@SEA,2.173075,0.5889090740694268,0.43557262877535974,0.3531058691956166,183.20118333859003
00-0038134,Kenneth Walker III,RB,821,161,29,2,0.03506366142993571,0.016455089429580242,4,SEA,12.75,2.5,12.378861133494494,2.4412100456621,KC,KC,True,DEN,H,23.0,DEN@KC,2.4793000000000003,0.4742185252908006,0.4321353392603707,0.35087848088629536,184.9989539039463
00-0035261,Tony Pollard,RB,1264,326,33,5,0.02636664904578322,0.017223015796934894,4,TEN,16.75,1.75,16.143567015847434,1.735327692720924,TEN,TEN,False,NYJ,H,20.5,NYJ@TEN,2.13905,0.45553934211852226,0.4301476638206695,0.34958695484329305,186.05186381976498
00-0038606,Parker Washington,WR,7,167,0,10,0.03565492202837819,0.057430492725504254,4,JAX,0.25,8.0,0.24163027656477437,7.717206096412364,JAX,JAX,False,CLE,H,24.5,CLE@JAX,2.6834499999999997,0.4518182572518399,0.4238361946760336,0.34546891119486356,189.46164693700752
00-0040242,Jacory Croskey-Merritt,RB,175,13,8,0,0.04202717938559613,0.02395956862956118,4,WAS,12.5,0.0,12.143567015847436,0.08826886919151222,WAS,WAS,False,PHI,A,19.5,WAS@PHI,2.0029500000000002,0.5124747533852763,0.4183885619192643,0.3418935363727724,192.48871172272845
00-0037240,Jameson Williams,WR,21,244,2,17,0.05888753087406083,0.06623341189304338,4,DET,0.0,7.5,0.006336158917715558,7.246617861118246,DET,DET,False,NO,H,28.25,NO@DET,3.1938250000000004,0.48034134638081977,0.4123580868363135,0.3379128510939142,195.93429097553783
00-0035676,A.J. Brown,WR,5,816,1,56,0.057698245430064264,0.06752207526930006,4,PHI,0.0,8.5,0.006336158917715558,8.187794331706483,NE,NE,True,SEA,A,20.75,NE@SEA,2.173075,0.5532224504073517,0.4091778640059949,0.33580391476101523,197.79283565281824
00-0038544,Quentin Johnston,WR,8,242,0,18,0.03496393779582473,0.0701271834470526,4,LAC,0.0,4.75,0.006336158917715558,4.658382567000599,LAC,LAC,False,ARI,H,28.5,ARI@LAC,3.22785,0.3269007859088663,0.4078633642269431,0.3349302550667844,198.5696230400571
00-0031381,Davante Adams,WR,3,1224,0,91,0.038715417465922594,0.07337590593521268,4,LA,0.0,7.0,0.006336158917715558,6.776029625824129,LA,LA,False,SF,N,26.0,SF@LA,2.8876,0.4974426194763154,0.4006898862583742,0.33014223907242657,202.89974491286472
00-0037228,Jaylen Warren,RB,557,199,12,2,0.022556702359673303,0.013892542336203748,4,PIT,13.0,2.5,12.614155251141554,2.4412100456621,PIT,PIT,False,ATL,H,23.0,ATL@PIT,2.4793000000000003,0.3184483594296367,0.39943395792786285,0.3293004172097559,203.67407623508282
00-0039410,Ryan Flournoy,WR,4,70,0,4,0.037902071713406045,0.05381857697777769,4,DAL,0.0,6.75,0.006336158917715558,6.54073550817707,DAL,DAL,False,NYG,A,25.75,DAL@NYG,2.853575,0.35225323098779837,0.3916839802760976,0.32408231646751917,208.563580666773
00-0036389,Jalen Hurts,QB,779,2,63,0,0.07893383658327557,0.14994232987312572,4,PHI,5.25,0.0,5.114640522875817,0.0012418300653594771,PHI,PHI,False,WAS,H,25.0,WAS@PHI,2.7515,0.4039044021081854,0.3874354967110944,0.3212045826237637,211.3280613344577
00-0036973,Travis Etienne,RB,897,222,25,7,0.028114685046648227,0.03142158077645629,4,JAX,14.75,3.25,14.261214074670965,3.147092398603277,NO,NO,True,DET,A,21.25,NO@DET,2.2411250000000003,0.4998361601058855,0.3840107526990763,0.3188758967823445,213.6016268682017
00-0038120,Breece Hall,RB,755,250,18,9,0.024433770856073178,0.0352186941951805,4,NYJ,14.0,2.25,13.555331721729788,2.2059159280150418,NYJ,NYJ,False,TEN,A,19.0,NYJ@TEN,1.9349,0.4088973476558451,0.38369436024925524,0.3186603601634138,213.81374184325435
00-0039793,AJ Barner,TE,10,106,1,10,0.07597225662620759,0.08183360396590614,4,SEA,0.25,4.5,0.2394957983193277,4.388110799875506,SEA,SEA,False,NE,H,23.75,NE@SEA,2.5813749999999995,0.37728995760634215,0.38208833306296425,0.3175652310105336,214.89593392131462
00-0037563,Malik Davis,RB,90,12,3,0,0.032641325179033766,0.024379820136059067,4,DAL,9.75,1.25,9.555331721729788,1.2647394574268063,DAL,DAL,False,NYG,A,25.75,DAL@NYG,2.853575,0.342732810413561,0.38109785672525665,0.3168889606602182,215.56795096823913
00-0039146,Jayden Reed,WR,34,191,3,15,0.061908942028504846,0.07253080641617099,4,GB,0.75,4.25,0.7122185118588921,4.187794331706481,GB,GB,False,MIN,A,22.5,GB@MIN,2.41125,0.3478367945460411,0.38082860319734957,0.3167050058387927,215.75124534312351
00-0034351,Dallas Goedert,TE,1,558,0,35,0.07284107157309737,0.06204481685421307,4,PHI,0.0,6.5,0.004201680672268907,6.270463741051977,PHI,PHI,False,WAS,H,25.0,WAS@PHI,2.7515,0.38935582932712964,0.37348013130174174,0.3116653375258125,220.85698330735252
00-0036945,Justin Fields,QB,489,1,23,0,0.046958061467860523,0.151426907396622,4,NYJ,8.25,0.25,7.938169934640523,0.2365359477124183,KC,KC,True,DEN,H,23.0,DEN@KC,2.4793000000000003,0.4085789787833926,0.3723207892457302,0.310866859437816,221.68112156067062
00-0039919,Rome Odunze,WR,3,191,0,9,0.038715417465922594,0.04751419037726239,4,CHI,0.0,7.75,0.006336158917715558,7.481911978765305,CHI,CHI,False,CAR,A,24.75,CHI@CAR,2.7174750000000003,0.3557422971826044,0.3719501369639582,0.31061138332334437,221.94570247253517
00-0040784,Quinshon Judkins,RB,230,36,7,0,0.030690745011028985,0.017157279989776123,4,CLE,14.25,4.0,13.790625839376847,3.852974751544454,CLE,CLE,False,JAX,A,16.0,CLE@JAX,1.5266,0.4893511477846087,0.37073500088142763,0.3097731731737746,222.81685006952694
00-0036358,CeeDee Lamb,WR,58,837,3,41,0.04728481074688744,0.04898830776149303,4,DAL,0.0,7.0,0.006336158917715558,6.776029625824129,DAL,DAL,False,NYG,A,25.75,DAL@NYG,2.853575,0.3322458287861533,0.36943697658687785,0.30887666026190963,223.7538243103437
00-0038555,Tank Bigsby,RB,281,20,11,0,0.037786913463152404,0.021379801576445562,4,PHI,9.75,0.75,9.555331721729788,0.7941512221326887,PHI,PHI,False,WAS,H,25.0,WAS@PHI,2.7515,0.3780452884316072,0.3626307694055717,0.30415668728767387,228.77791013491407
00-0036158,J.K. Dobbins,RB,582,87,25,1,0.041864067680855856,0.018103999175026163,4,DEN,15.5,1.25,14.967096427612141,1.2647394574268063,DEN,DEN,False,KC,A,20.5,DEN@KC,2.13905,0.6494803799253286,0.3609809139297415,0.30300769881604595,230.02461782566576
00-0040663,Harold Fannin Jr.,TE,7,107,1,6,0.07810231989610127,0.05547155324058029,4,CLE,0.5,8.25,0.47478991596638653,7.917522564581388,CLE,CLE,False,JAX,A,16.0,CLE@JAX,1.5266,0.476279468374922,0.3608318278748631,0.3029037792372943,230.13784196353714
00-0040691,Jaxson Dart,QB,86,0,9,0,0.08424286811821095,0.15294117647058825,4,NYG,6.25,0.0,6.0558169934640524,0.0012418300653594771,NYG,NYG,False,DAL,H,22.75,DAL@NYG,2.4452749999999996,0.5103493192795855,0.3570552861502949,0.3002661889234429,233.0378300618336
00-0036894,Pat Freiermuth,TE,0,356,0,22,0.07356948228882834,0.06088854232770295,4,PIT,0.0,4.75,0.004201680672268907,4.623404917522564,PIT,PIT,False,ATL,H,23.0,ATL@PIT,2.4793000000000003,0.2818215014904844,0.3534924091652926,0.29776867691026476,235.83115940074478
00-0040583,Woody Marks,RB,196,36,2,3,0.015361999624718882,0.054188624488911805,4,HOU,15.5,2.25,14.967096427612141,2.2059159280150418,HOU,HOU,False,BUF,H,21.5,BUF@HOU,2.27515,0.34946007958142555,0.3520237903355196,0.29673660909470545,236.9992004191311
00-0033288,George Kittle,TE,13,739,0,50,0.06510573653878615,0.06683600719105996,4,SF,0.0,7.25,0.004201680672268907,6.976346093993152,SF,SF,False,LA,N,22.5,SF@LA,2.41125,0.4665446712203183,0.3507549504262518,0.29584371408698096,238.0163080652747
00-0038563,Tre Tucker,WR,30,207,1,10,0.038099708896267154,0.048451387059431576,4,LV,1.25,5.0,1.1828067471530097,4.893676684647658,LV,LV,False,MIA,H,22.5,MIA@LV,2.41125,0.2821700159386499,0.349062039292517,0.2946506304633374,239.38498567863317
00-0040124,Tetairoa McMillan,WR,0,122,0,7,0.041379310344827586,0.05499765271631318,4,CAR,0.0,6.0,0.006336158917715558,5.834853155235893,CAR,CAR,False,CHI,H,21.75,CHI@CAR,2.3091749999999998,0.3211654133685982,0.34779084294121104,0.29375342277563643,240.42156532207693
00-0036322,Justin Jefferson,WR,15,871,1,42,0.047852161442360645,0.04826470144351009,4,MIN,0.25,8.0,0.24163027656477437,7.717206096412364,MIN,MIN,False,GB,H,24.0,GB@MIN,2.6154,0.38403117922491853,0.347222978568207,0.29335225661266917,240.8870998801829
00-0039065,Sam LaPorta,TE,1,252,0,20,0.07284107157309737,0.07533773108876453,4,DET,0.0,5.5,0.004201680672268907,5.329287270463741,DET,DET,False,NO,H,28.25,NO@DET,3.1938250000000004,0.40180246619954924,0.3449349040979716,0.2917335427888901,242.77854731419743
00-0034753,Mark Andrews,TE,19,702,1,56,0.07022645570489777,0.07813569872200085,4,BAL,0.25,3.25,0.2394957983193277,3.2116402116402116,BAL,BAL,False,IND,A,25.5,BAL@IND,2.8195499999999996,0.26776269305236405,0.3435599538762273,0.2907590418748932,243.9273955340232
00-0038559,Michael Wilson,WR,1,255,0,14,0.04045152720051029,0.05396195235375317,4,ARI,0.0,8.0,0.006336158917715558,7.717206096412364,ARI,ARI,False,LAC,A,19.0,ARI@LAC,1.9349,0.41669181498350427,0.3412162957452888,0.28909487417824764,245.90720532230142
00-0039855,Jalen McMillan,WR,5,73,0,8,0.03712219684433106,0.0853232192880598,4,TB,0.25,3.75,0.24163027656477437,3.7172060964123643,TB,TB,False,CIN,A,23.5,TB@CIN,2.54735,0.3261338375932926,0.34066852430082284,0.288705353976316,246.37390205172127
00-0036971,Trevor Lawrence,QB,313,0,23,0,0.06997497748554195,0.15294117647058825,4,JAX,5.25,0.0,5.114640522875817,0.0012418300653594771,JAX,JAX,False,CLE,H,24.5,CLE@JAX,2.6834499999999997,0.3580867823860484,0.33590970876967513,0.2853123670714276,250.49304390988817
00-0039338,Brock Bowers,TE,7,239,0,12,0.06875652550357789,0.05086181740718651,4,LV,0.0,5.5,0.004201680672268907,5.329287270463741,LV,LV,False,MIA,H,22.5,MIA@LV,2.41125,0.27134612902507094,0.33567221108360157,0.285142610254714,250.70170645724036
00-0036244,Colby Parkinson,TE,0,183,0,13,0.07356948228882834,0.067532687797403,4,LA,0.0,6.25,0.004201680672268907,6.035169623404918,LA,LA,False,SF,N,26.0,SF@LA,2.8876,0.4078803414535763,0.3285474971889533,0.28003126907716414,257.10297756942447
00-0039150,Bryce Young,QB,136,0,8,0,0.05561528246815208,0.15294117647058825,4,CAR,5.5,0.0,5.349934640522876,0.0012418300653594771,CAR,CAR,False,CHI,H,21.75,CHI@CAR,2.3091749999999998,0.29772805317000406,0.3224104659750566,0.27559921257834974,262.84573916034367
00-0036554,Nico Collins,WR,3,454,1,24,0.06017455454599057,0.052493438215911646,4,HOU,0.0,6.25,0.006336158917715558,6.070147272882952,HOU,HOU,False,BUF,H,21.5,BUF@HOU,2.27515,0.31902417637097197,0.3213646031022825,0.27484119236627413,263.84647853925935
00-0037239,Chris Olave,WR,2,457,0,19,0.039564436124207555,0.04229757731336124,4,NO,0.0,10.25,0.006336158917715558,9.834853155235894,NO,NO,False,DET,A,21.25,NO@DET,2.2411250000000003,0.4162411482539178,0.3197869410077374,0.2736962338616137,265.3685642257029
00-0036355,Justin Herbert,QB,376,3,15,0,0.040575809382652886,0.1484865790976585,4,LAC,6.5,0.0,6.291111111111111,0.0012418300653594771,LAC,LAC,False,ARI,H,28.5,ARI@LAC,3.22785,0.2554513203477599,0.3187182148356716,0.2729195990868378,266.4082767767144
00-0040648,Tory Horton,WR,0,22,0,5,0.041379310344827586,0.10440104100015278,4,SEA,0.0,3.0,0.006336158917715558,3.0113237434711877,SEA,SEA,False,NE,H,23.75,NE@SEA,2.5813749999999995,0.31464751949311937,0.3186492081269793,0.27286942393022484,266.47565183254426
00-0039064,Zay Flowers,WR,27,342,2,14,0.053882938764615515,0.041950175810674166,4,BAL,0.25,5.75,0.24163027656477437,5.599559037588834,BAL,BAL,False,IND,A,25.5,BAL@IND,2.8195499999999996,0.24792223548491787,0.31810313385006317,0.2724722481928168,267.00985389614556
00-0037744,Trey McBride,TE,1,461,1,17,0.08274206167210728,0.038497705753019806,4,ARI,0.0,10.5,0.004201680672268907,10.035169623404917,ARI,ARI,False,LAC,A,19.0,ARI@LAC,1.9349,0.3866786630647965,0.3166394354540745,0.2714065872766297,268.45089503327176
00-0040236,Kyle Monangai,RB,169,30,5,0,0.030137484165259652,0.01852963455076074,4,CHI,8.5,2.75,8.378861133494494,2.676504163309159,CHI,CHI,False,CAR,A,24.75,CHI@CAR,2.7174750000000003,0.30211243875330823,0.31587686890976563,0.2708507744204727,269.20699309044085
00-0033526,Samaje Perine,RB,383,210,11,6,0.029127799350491902,0.02897879405356259,4,CIN,8.0,2.25,7.9082728982003765,2.2059159280150418,CIN,CIN,False,TB,H,27.0,TB@CIN,3.0237,0.29427536956513495,0.3116458257560764,0.26775917685228057,273.4699261313041
00-0040669,Isaac TeSlaa,WR,0,27,0,6,0.041379310344827586,0.11070366578916481,4,DET,0.0,3.25,0.006336158917715558,3.2466178611182466,DET,DET,False,NO,H,28.25,NO@DET,3.1938250000000004,0.3596746845286178,0.30876951549802645,0.2656499931821189,276.43516870502623
00-0039384,Tyrone Tracy Jr.,RB,368,101,7,3,0.020843694313167294,0.030065609254694,4,NYG,15.75,4.25,15.2023905452592,4.088268869191513,NYG,NYG,False,DAL,H,22.75,DAL@NYG,2.4452749999999996,0.43979027570400914,0.30769011891556264,0.26485691034597747,277.5623594995952
00-0030506,Travis Kelce,TE,7,1079,2,60,0.08744811428862463,0.055544012890995476,4,KC,0.0,6.25,0.004201680672268907,6.035169623404918,KC,KC,False,DEN,H,23.0,DEN@KC,2.4793000000000003,0.33558496841338,0.3058044265290324,0.26346934877282113,279.55079202107083
00-0037247,George Pickens,WR,8,430,1,21,0.05434370903760419,0.048859332185680775,4,DAL,0.0,5.75,0.006336158917715558,5.599559037588834,DAL,DAL,False,NYG,A,25.75,DAL@NYG,2.853575,0.2739350454875241,0.3045989632310396,0.26258095274809956,280.8349347255682
00-0035685,David Montgomery,RB,1477,285,59,4,0.039610597310869314,0.016332575599920497,4,DET,7.25,1.0,7.202390545259199,1.0294453397797474,HOU,HOU,True,BUF,H,21.5,BUF@HOU,2.27515,0.30210448540181317,0.30432078581304284,0.262375790887178,281.1327244097767
00-0036259,Jauan Jennings,WR,0,330,0,22,0.041379310344827586,0.06439603375156264,4,SF,0.0,5.25,0.006336158917715558,5.128970802294717,MIN,MIN,True,GB,H,24.0,GB@MIN,2.6154,0.3305475627816002,0.29886560132730317,0.2583409192669406,287.0854074676075
00-0033906,Alvin Kamara,RB,1554,667,53,20,0.034010723826517715,0.030041543891622266,4,NO,9.25,2.5,9.08474348643567,2.4412100456621,NO,NO,False,DET,A,21.25,NO@DET,2.2411250000000003,0.38231642048734643,0.2937234800488653,0.25451739624194536,292.90045190050415
00-0037291,Jalen Nailor,WR,5,114,0,11,0.03712219684433106,0.08226346628197345,4,MIN,0.25,2.75,0.24163027656477437,2.776029625824129,LV,LV,True,MIA,H,22.5,MIA@LV,2.41125,0.2373356662119303,0.2935991316058077,0.2544246908770771,293.0436140268873
00-0038128,Malik Willis,QB,74,0,4,0,0.05101908433505074,0.15294117647058825,4,GB,5.5,0.0,5.349934640522876,0.0012418300653594771,MIA,MIA,True,LV,A,19.0,MIA@LV,1.9349,0.2731386935630186,0.2899939147625162,0.2517318790460714,297.24805765144356
00-0038797,Emanuel Wilson,RB,242,36,7,1,0.029479709607912314,0.029501061489488018,4,GB,9.25,0.5,9.08474348643567,0.5588571044856299,SEA,SEA,True,NE,H,23.75,NE@SEA,2.5813749999999995,0.2843024776457642,0.287918237894585,0.25017710316845576,299.71683552777165
00-0035228,Kyler Murray,QB,532,0,32,0,0.059034172619335266,0.15294117647058825,4,ARI,5.5,0.0,5.349934640522876,0.0012418300653594771,MIN,MIN,True,GB,H,24.0,GB@MIN,2.6154,0.3160188920219615,0.2857294587203926,0.24853410900776896,302.3592592551314
00-0039915,Ladd McConkey,WR,0,218,0,13,0.041379310344827586,0.05769673734171227,4,LAC,0.0,4.0,0.006336158917715558,3.9525002140594228,LAC,LAC,False,ARI,H,28.5,ARI@LAC,3.22785,0.22830855257989832,0.284853075767707,0.24787524844646625,303.42874339709255
00-0040735,Luther Burden III,WR,6,60,0,2,0.036373768418113746,0.04038779528422601,4,CHI,0.5,6.5,0.4769243942118332,6.305441390530011,CHI,CHI,False,CAR,A,24.75,CHI@CAR,2.7174750000000003,0.2720104135254219,0.28440337673557625,0.24753694261144898,303.9801047271028
00-0033858,Jonnu Smith,TE,28,457,2,28,0.07310115803814715,0.060591926525821405,4,PIT,1.5,2.5,1.415966386554622,2.505757858699035,GB,GB,True,MIN,A,22.5,GB@MIN,2.41125,0.2553374786660251,0.2795558631777936,0.24388051260202015,310.0368616298031
00-0039849,Marvin Harrison Jr.,WR,0,189,0,12,0.041379310344827586,0.06052722719761755,4,ARI,0.0,5.75,0.006336158917715558,5.599559037588834,ARI,ARI,False,LAC,A,19.0,ARI@LAC,1.9349,0.33918796796086237,0.2777507448605844,0.2425143948341686,312.34665706495497
00-0039893,Brian Thomas Jr.,WR,9,224,1,12,0.05331056253098315,0.0527627925268942,4,JAX,0.25,5.5,0.24163027656477437,5.364264919941776,JAX,JAX,False,CLE,H,24.5,CLE@JAX,2.6834499999999997,0.29591504299836974,0.2775883970131735,0.24239140869372777,312.5558762124049
00-0037525,Jordan Mason,RB,395,34,13,0,0.03273844784777566,0.017591573057902047,4,MIN,9.25,0.25,9.08474348643567,0.3235629868385711,MIN,MIN,False,GB,H,24.0,GB@MIN,2.6154,0.3031123827628975,0.27405999845184065,0.23971354211801865,317.16458367949355
00-0039738,Blake Corum,RB,203,22,6,0,0.0300444119025918,0.02074171712796641,4,LA,11.0,0.75,10.731802309965083,0.7941512221326887,LA,LA,False,SF,N,26.0,SF@LA,2.8876,0.33890274906408213,0.27298606644942486,0.23889660757233588,318.5911261620609
00-0039373,Audric Estimé,RB,122,18,3,0,0.02696798917811444,0.022058391317662813,4,NO,10.75,3.25,10.496508192318023,3.147092398603277,NO,NO,False,DET,A,21.25,NO@DET,2.2411250000000003,0.3524895149796552,0.2708082663271002,0.23723727031459085,321.5189285705151
00-0039391,Kimani Vidal,RB,198,31,3,2,0.019088396285525357,0.044597342228907454,4,LAC,8.5,1.25,8.378861133494494,1.2647394574268063,LAC,LAC,False,ARI,H,28.5,ARI@LAC,3.22785,0.21634304015079509,0.2699240992574031,0.23656256239370266,322.721156670486
00-0036754,Brock Wright,TE,0,93,0,11,0.07356948228882834,0.09648763494433556,4,DET,0.0,3.25,0.004201680672268907,3.2116402116402116,DET,DET,False,NO,H,28.25,NO@DET,3.1938250000000004,0.31019268378509113,0.2662907588530448,0.23378368906610725,327.7458380414337
00-0039337,Malik Nabers,WR,5,205,0,9,0.03712219684433106,0.04489365336974778,4,NYG,0.0,8.75,0.006336158917715558,8.423088449353541,NYG,NYG,False,DAL,H,22.75,DAL@NYG,2.4452749999999996,0.3783784252865846,0.2647245951155787,0.2325827286600316,329.95453951428595
00-0033908,Cooper Kupp,WR,26,867,1,54,0.04028934116346493,0.06157821791417761,4,SEA,0.0,4.25,0.006336158917715558,4.187794331706481,SEA,SEA,False,NE,H,23.75,NE@SEA,2.5813749999999995,0.2581321916058813,0.26141511803367157,0.2300387715262764,334.70932893839336
00-0036040,Juwan Johnson,TE,0,324,0,21,0.07356948228882834,0.06343920866885584,4,NO,0.0,5.5,0.004201680672268907,5.329287270463741,NO,NO,False,DET,A,21.25,NO@DET,2.2411250000000003,0.33839488267902823,0.2599797373194472,0.228932790466172,336.80942252253027
00-0037238,Drake London,WR,1,497,0,22,0.04045152720051029,0.044694058862545565,4,ATL,0.0,6.75,0.006336158917715558,6.54073550817707,ATL,ATL,False,PIT,A,19.5,ATL@PIT,2.0029500000000002,0.2925883251116146,0.258315329744194,0.22764835174334286,339.2739909346799
00-0039491,Jalen Coker,WR,0,89,0,5,0.041379310344827586,0.05365496071456724,4,CAR,0.0,4.5,0.006336158917715558,4.42308844935354,CAR,CAR,False,CHI,H,21.75,CHI@CAR,2.3091749999999998,0.23758282287337062,0.2572790431223969,0.2268475592093001,340.82466810998545
00-0031610,Darren Waller,TE,4,512,0,24,0.0707398868161811,0.04749427556427681,4,MIA,0.25,4.75,0.2394957983193277,4.623404917522564,CAR,CAR,True,CHI,H,21.75,CHI@CAR,2.3091749999999998,0.23652717286410935,0.2561358770425846,0.22596321218300996,342.54991347445065
00-0038454,Keaton Mitchell,RB,121,24,3,0,0.027115266071683432,0.0201406164083457,4,BAL,7.0,0.75,6.967096427612141,0.7941512221326887,LAC,LAC,True,ARI,H,28.5,ARI@LAC,3.22785,0.20490936851697175,0.25565868302393646,0.2255937583140727,343.2746754490412
00-0031588,Stefon Diggs,WR,21,1053,1,59,0.04340770174760461,0.05572115603150964,4,NE,0.0,5.75,0.006336158917715558,5.599559037588834,WAS,WAS,True,PHI,A,19.5,WAS@PHI,2.0029500000000002,0.312288940937663,0.2549552344561463,0.2250488117039866,344.3480471762409
00-0034383,Dalton Schultz,TE,0,580,0,27,0.07356948228882834,0.04712855872788237,4,HOU,0.0,5.5,0.004201680672268907,5.329287270463741,HOU,HOU,False,BUF,H,21.5,BUF@HOU,2.27515,0.25147074357560817,0.25331558448109015,0.2237771207282957,346.87320881841794
00-0039910,Jayden Daniels,QB,206,0,8,0,0.040170709399476694,0.15294117647058825,4,WAS,8.0,0.0,7.702875816993464,0.0012418300653594771,WAS,WAS,False,PHI,A,19.5,WAS@PHI,2.0029500000000002,0.3096199129358737,0.25277621826068636,0.22335833939961325,347.711064958666
00-0033921,Chris Godwin Jr.,WR,13,812,2,40,0.06721082792828027,0.049249340635792796,4,TB,0.0,5.0,0.006336158917715558,4.893676684647658,TB,TB,False,CIN,A,23.5,TB@CIN,2.54735,0.24143620849039446,0.2521962071343807,0.22290774793391277,348.61607964227335
00-0039424,Devaughn Vele,WR,0,94,0,5,0.041379310344827586,0.05177681949530849,4,NO,0.0,6.5,0.006336158917715558,6.305441390530011,NO,NO,False,DET,A,21.25,NO@DET,2.2411250000000003,0.3267378866019697,0.2510239790229423,0.22199628443366282,350.4579896691114
00-0037157,Bam Knight,RB,170,46,5,1,0.030007643224139693,0.026259630124310596,4,ARI,7.25,3.5,7.202390545259199,3.3823865162503357,ARI,ARI,False,LAC,A,19.0,ARI@LAC,1.9349,0.30494698469724424,0.2497118416429853,0.2209747666374431,352.54035798608464
00-0034960,Jakobi Meyers,WR,16,689,2,23,0.06382774370441907,0.03441913039688765,4,JAX,0.25,7.5,0.24163027656477437,7.246617861118246,JAX,JAX,False,CLE,H,24.5,CLE@JAX,2.6834499999999997,0.2648450004620483,0.2484425880830202,0.21998535831450539,354.5757079752257
00-0036912,DeVonta Smith,WR,1,554,0,31,0.04045152720051029,0.05539744999234405,4,PHI,0.0,4.75,0.006336158917715558,4.658382567000599,PHI,PHI,False,WAS,H,25.0,WAS@PHI,2.7515,0.2583188226054297,0.24778606230479486,0.21947309045471808,355.63672426908346
00-0039032,Tyjae Spears,RB,256,155,8,2,0.0313258716159973,0.01694871138081342,4,TEN,6.25,4.0,6.261214074670964,3.852974751544454,TEN,TEN,False,NYJ,H,20.5,NYJ@TEN,2.13905,0.26144094528490625,0.24686827556621993,0.21875640437585442,357.12947369616603
00-0036970,Kyle Pitts,TE,1,451,0,15,0.07284107157309737,0.03526013240560412,4,ATL,0.0,8.25,0.004201680672268907,7.917522564581388,ATL,ATL,False,PIT,A,19.5,ATL@PIT,2.0029500000000002,0.27947894887407404,0.24674154994881362,0.21865739452544453,357.33646564769293
00-0030279,Keenan Allen,WR,16,1071,0,48,0.030270807239050353,0.045002683335863776,4,LAC,0.0,7.0,0.006336158917715558,6.776029625824129,IND,IND,True,BAL,H,22.0,BAL@IND,2.3432000000000004,0.30513131617062894,0.24639024603554743,0.21838285759041332,357.91139974711024
00-0033555,Mack Hollins,WR,5,315,0,16,0.03712219684433106,0.05056014076779374,4,NE,0.0,6.75,0.006336158917715558,6.54073550817707,NE,NE,False,SEA,A,20.75,NE@SEA,2.173075,0.33093572015692,0.24476875621621502,0.21711444527046098,360.5865808487745
00-0040705,Chimere Dike,WR,11,74,0,4,0.0330428492187186,0.05206610815254002,4,TEN,0.5,4.75,0.4769243942118332,4.658382567000599,TEN,TEN,False,NYJ,H,20.5,NYJ@TEN,2.13905,0.2583027913960305,0.243905041792092,0.21643796362297996,362.02615440511687
00-0038935,Brenton Strange,TE,0,122,0,6,0.07356948228882834,0.050572320870622314,4,JAX,0.0,5.25,0.004201680672268907,5.093993152816682,JAX,JAX,False,CLE,H,24.5,CLE@JAX,2.6834499999999997,0.25792417170880005,0.24195038092737572,0.2149048677222417,365.322172828803
00-0040170,Elic Ayomanor,WR,0,89,0,4,0.041379310344827586,0.046400203711082576,4,TEN,0.0,5.5,0.006336158917715558,5.364264919941776,TEN,TEN,False,NYJ,H,20.5,NYJ@TEN,2.13905,0.24916517093176274,0.23527675059488054,0.20964791105172398,376.9902046642772
00-0038117,Wan'Dale Robinson,WR,17,389,1,9,0.04627288730210182,0.026027352776739912,4,NYG,0.25,9.5,0.24163027656477437,9.128970802294717,TEN,TEN,True,NYJ,H,20.5,NYJ@TEN,2.13905,0.24878387411614047,0.23491670719292232,0.20936329876356052,377.6386338511633
00-0037740,Garrett Wilson,WR,10,528,0,18,0.03365931802872283,0.03535782992918711,4,NYJ,0.0,7.25,0.006336158917715558,7.011323743471188,NYJ,NYJ,False,TEN,A,19.0,NYJ@TEN,1.9349,0.24811846328821768,0.2328253180980009,0.2077080394962889,381.4450140808666
00-0039923,J.J. McCarthy,QB,37,0,4,0,0.07374414163094391,0.15294117647058825,4,MIN,3.5,0.0,3.4675816993464053,0.0012418300653594771,MIN,MIN,False,GB,H,24.0,GB@MIN,2.6154,0.2559037629046431,0.2313761787829254,0.20655906575686667,384.123026184222
00-0034348,Courtland Sutton,WR,5,770,0,39,0.03712219684433106,0.05055420060142459,4,DEN,0.0,8.5,0.006336158917715558,8.187794331706483,DEN,DEN,False,KC,A,20.5,DEN@KC,2.13905,0.41416260926687715,0.23019139889317747,0.20561845579641813,386.33766659063684
00-0040128,Tyler Warren,TE,6,112,1,4,0.07883913423474373,0.04122359518304832,4,IND,0.0,7.0,0.004201680672268907,6.741051976346093,IND,IND,False,BAL,H,22.0,BAL@IND,2.3432000000000004,0.2782216546473117,0.22466098465827275,0.2012130260993653,396.98571677271457
00-0036875,Rhamondre Stevenson,RB,836,235,28,4,0.03336458941269986,0.01924897726576941,4,NE,7.25,3.25,7.202390545259199,3.147092398603277,NE,NE,False,SEA,A,20.75,NE@SEA,2.173075,0.30088311336647483,0.22254105839724198,0.19951786043817488,401.20826165829527
00-0035993,Tyler Huntley,QB,165,0,5,0,0.033760423344969995,0.15294117647058825,4,BAL,5.25,0.0,5.114640522875817,0.0012418300653594771,BAL,BAL,False,IND,A,25.5,BAL@IND,2.8195499999999996,0.17286235626079888,0.22179558498943655,0.1989208998082166,402.7123851561696
00-0038619,Andrei Iosivas,WR,3,144,0,12,0.038715417465922594,0.07465145900995487,4,CIN,0.0,2.75,0.006336158917715558,2.776029625824129,CIN,CIN,False,TB,H,27.0,TB@CIN,3.0237,0.2074799688602601,0.2197270750822687,0.19726214476887605,406.93963668075236
00-0038608,Kayshon Boutte,WR,0,121,0,9,0.041379310344827586,0.067097219897583,4,NE,0.0,3.25,0.006336158917715558,3.2466178611182466,HOU,HOU,True,BUF,H,21.5,BUF@HOU,2.27515,0.21810121843712185,0.21970125366820747,0.19724141667472028,406.9929109509212
00-0040719,Bhayshul Tuten,RB,83,14,5,2,0.04799848220253282,0.0574447125498366,4,JAX,4.0,0.5,4.1435670158474345,0.5588571044856299,JAX,JAX,False,CLE,H,24.5,CLE@JAX,2.6834499999999997,0.23098831338876613,0.21668271742007184,0.1948145999179508,413.3085510126888
00-0036555,Chuba Hubbard,RB,889,191,23,5,0.026248359348796147,0.02707464488627419,4,CAR,5.75,1.75,5.790625839376847,1.735327692720924,CAR,CAR,False,CHI,H,21.75,CHI@CAR,2.3091749999999998,0.19897780892812433,0.21547357533883768,0.19384042752979047,415.8882554808204
00-0038951,Sean Tucker,RB,151,25,9,2,0.05145256911357459,0.04841929172021672,4,TB,3.5,0.25,3.672978780553317,0.3235629868385711,TB,TB,False,CIN,A,23.5,TB@CIN,2.54735,0.20465088520871388,0.21377148588872308,0.19246710339767725,419.5693094283188
00-0035719,Deebo Samuel Sr.,WR,219,609,21,27,0.08683979058607914,0.044685341564350445,4,WAS,1.0,4.5,0.9475126295059508,4.42308844935354,SF,SF,True,LA,N,22.5,SF@LA,2.41125,0.27992901645265805,0.21045463456243077,0.18978418988560974,426.91428121738625
00-0037263,Tyler Allgeier,RB,676,69,18,2,0.027048917401448845,0.029733185003192567,4,ATL,8.75,0.75,8.614155251141554,0.7941512221326887,ARI,ARI,True,LAC,A,19.0,ARI@LAC,1.9349,0.25661621907956744,0.21013524277158607,0.18952537227713706,427.63384025318317
00-0040129,Emeka Egbuka,WR,2,127,0,6,0.039564436124207555,0.04774683395338532,4,TB,0.0,4.25,0.006336158917715558,4.187794331706481,TB,TB,False,CIN,A,23.5,TB@CIN,2.54735,0.20020460714169036,0.2091270521835246,0.1887078473443805,429.91966898708773
00-0039901,Keon Coleman,WR,1,116,0,8,0.04045152720051029,0.06306596829536754,4,BUF,0.0,4.5,0.006336158917715558,4.42308844935354,BUF,BUF,False,HOU,A,23.0,BUF@HOU,2.4793000000000003,0.27920266321934345,0.20901501357364216,0.188616946207265,430.1750559046443
00-0034837,Calvin Ridley,WR,30,672,1,40,0.038099708896267154,0.058814434174869826,4,TEN,0.0,3.75,0.006336158917715558,3.7172060964123643,TEN,TEN,False,NYJ,H,20.5,NYJ@TEN,2.13905,0.21886677908215527,0.20666718547801957,0.18670972023399557,435.5907548609367
00-0040189,Oronde Gadsden II,TE,0,69,0,3,0.07356948228882834,0.04783632396904259,4,LAC,0.0,3.5,0.004201680672268907,3.44693432928727,LAC,LAC,False,ARI,H,28.5,ARI@LAC,3.22785,0.16519778274760216,0.20611184291570475,0.18625794009136454,436.88986333118095
00-0040727,Tre Harris,WR,2,43,0,1,0.039564436124207555,0.0369752793865588,4,LAC,0.25,4.25,0.24163027656477437,4.187794331706481,LAC,LAC,False,ARI,H,28.5,ARI@LAC,3.22785,0.16440483107111606,0.205122503175998,0.18545247435969614,439.22170812368904
00-0033090,Hunter Henry,TE,0,548,0,35,0.07356948228882834,0.06308612121209294,4,NE,0.0,4.5,0.004201680672268907,4.388110799875506,NE,NE,False,SEA,A,20.75,NE@SEA,2.173075,0.277138005284842,0.2049785523957594,0.18533521116797724,439.5628783640347
00-0037834,Brock Purdy,QB,160,0,11,0,0.06369630405076647,0.15294117647058825,4,SF,4.25,0.0,4.173464052287581,0.0012418300653594771,SF,SF,False,LA,N,22.5,SF@LA,2.41125,0.26602416217062635,0.20000076642238485,0.18126987441535403,451.66364693817945
00-0040277,Jahdae Walker,WR,0,10,0,2,0.041379310344827586,0.07470746638893089,4,CHI,0.0,2.5,0.006336158917715558,2.54073550817707,CHI,CHI,False,CAR,A,24.75,CHI@CAR,2.7174750000000003,0.190074098466552,0.1987339923249137,0.1802320711070512,454.8402089914602
00-0035659,Terry McLaurin,WR,12,786,0,41,0.03244855546748085,0.051980979320411354,4,WAS,0.0,4.75,0.006336158917715558,4.658382567000599,WAS,WAS,False,PHI,A,19.5,WAS@PHI,2.0029500000000002,0.24235288708591515,0.19785887057860108,0.1795143603692143,457.05849824117706
00-0039875,Ray Davis,RB,171,32,3,5,0.02129930504260099,0.08297298928898,4,BUF,6.25,1.5,6.261214074670964,1.5000335750738651,BUF,BUF,False,HOU,A,23.0,BUF@HOU,2.4793000000000003,0.25782177827115776,0.1930089844543902,0.17552543334830784,469.71800662963045
00-0038997,Josh Downs,WR,3,293,0,11,0.038715417465922594,0.03918736353077918,4,IND,0.5,5.75,0.4769243942118332,5.599559037588834,IND,IND,False,BAL,H,22.0,BAL@IND,2.3432000000000004,0.23789628263964702,0.19209868179425793,0.17477457025258702,472.1656180042577
00-0040466,Raheim Sanders,RB,27,4,1,0,0.03327428424756911,0.028359187728224624,4,CLE,6.75,1.0,6.731802309965082,1.0294453397797474,CLE,CLE,False,JAX,A,16.0,CLE@JAX,1.5266,0.25319013720698036,0.1918181783481064,0.1745430592073859,472.9245290767107
00-0035537,Ty Johnson,RB,329,196,8,9,0.025478964159662287,0.04310961217368909,4,BUF,6.25,2.25,6.261214074670964,2.2059159280150418,BUF,BUF,False,HOU,A,23.0,BUF@HOU,2.4793000000000003,0.2546254291490065,0.19061615285511674,0.17355024234513938,476.2020187856033
00-0037664,Alec Pierce,WR,0,296,0,17,0.041379310344827586,0.05624579008000228,4,IND,0.0,4.25,0.006336158917715558,4.187794331706481,IND,IND,False,BAL,H,22.0,BAL@IND,2.3432000000000004,0.23580798676563647,0.19041240540463703,0.17338183815868835,476.7616785125709
00-0036252,Michael Pittman,WR,11,709,0,25,0.0330428492187186,0.036149860323405426,4,IND,0.0,4.25,0.006336158917715558,4.187794331706481,PIT,PIT,True,ATL,H,23.0,ATL@PIT,2.4793000000000003,0.1515975448980822,0.1901507907883178,0.1731655544751829,477.4820535358343
00-0039732,Bo Nix,QB,175,2,9,1,0.05032731485977313,0.1597462514417532,4,DEN,7.0,0.0,6.761699346405229,0.0012418300653594771,DEN,DEN,False,KC,A,20.5,DEN@KC,2.13905,0.340496549691527,0.18924783487948083,0.17241862225428473,479.9837551915882
00-0038129,Cade Otton,TE,1,300,0,11,0.07284107157309737,0.03906731263963749,4,TB,0.0,4.75,0.004201680672268907,4.623404917522564,TB,TB,False,CIN,A,23.5,TB@CIN,2.54735,0.18093006029506745,0.18899350370152201,0.17220811573957573,480.6927250236364
00-0039792,Devontez Walker,WR,0,11,0,4,0.041379310344827586,0.1068811543496666,4,BAL,0.0,1.25,0.006336158917715558,1.364264919941776,BAL,BAL,False,IND,A,25.5,BAL@IND,2.8195499999999996,0.1460763953683828,0.18742715455641418,0.1709104886260825,485.1015979410119
00-0037304,Connor Heyward,RB,18,63,2,3,0.04949517615034407,0.04064303006010989,4,PIT,2.5,0.25,2.7318023099650817,0.3235629868385711,LV,LV,True,MIA,H,22.5,MIA@LV,2.41125,0.14836161674005754,0.1835326419064989,0.16767529337077913,496.3907859631457
00-0039739,Roman Wilson,WR,0,21,0,2,0.041379310344827586,0.06294092622895542,4,PIT,0.0,2.25,0.006336158917715558,2.305441390530011,PIT,PIT,False,ATL,H,23.0,ATL@PIT,2.4793000000000003,0.14536880237278013,0.1823379972658417,0.16668036694728605,499.9506830437071
00-0039164,Anthony Richardson,QB,115,2,10,0,0.07528360468862509,0.14994232987312572,2,IND,2.0,0.5,2.105432098765432,0.4467901234567901,IND,IND,False,BAL,H,22.0,BAL@IND,2.3432000000000004,0.2254972698976116,0.18208661276624757,0.16647085697565278,500.7057440367807
00-0028118,Tyrod Taylor,QB,124,1,5,0,0.04189942739151711,0.151426907396622,4,NYJ,4.0,0.0,3.938169934640523,0.0012418300653594771,GB,GB,True,MIN,A,22.5,GB@MIN,2.41125,0.1651951117182358,0.18086362523203017,0.16545083761598312,504.4091492126702
00-0034869,Sam Darnold,QB,310,0,14,0,0.045288413005382375,0.15294117647058825,4,SEA,4.0,0.0,3.938169934640523,0.0012418300653594771,SEA,SEA,False,NE,H,23.75,NE@SEA,2.5813749999999995,0.17854339343655234,0.18081410915462576,0.1654095129919525,504.56015008559507
00-0037741,Jahan Dotson,WR,3,213,0,12,0.038715417465922594,0.05497937290282672,4,PHI,0.0,3.75,0.006336158917715558,3.7172060964123643,ATL,ATL,True,PIT,A,19.5,ATL@PIT,2.0029500000000002,0.20461496716894603,0.1806469301011272,0.1652699752807093,505.0705812120505
00-0040743,Tyler Shough,QB,45,0,3,0,0.05628501566485516,0.15294117647058825,4,NO,4.25,0.0,4.173464052287581,0.0012418300653594771,NO,NO,False,DET,A,21.25,NO@DET,2.2411250000000003,0.23509341651088903,0.18061598386523164,0.16524414312875335,505.1651701935539
00-0035689,Dawson Knox,TE,1,348,0,27,0.07284107157309737,0.07475056541094899,4,BUF,0.0,3.25,0.004201680672268907,3.2116402116402116,BUF,BUF,False,HOU,A,23.0,BUF@HOU,2.4793000000000003,0.24037797663922172,0.1799503108986487,0.16468828373137645,507.20773654494025
00-0037112,Jake Tonges,TE,0,47,0,5,0.07356948228882834,0.08002190083967345,4,SF,0.0,3.0,0.004201680672268907,2.9763460939931528,SF,SF,False,LA,N,22.5,SF@LA,2.41125,0.23848198746987126,0.17929416592360328,0.1641400182950149,509.23595012805663
00-0039066,Michael Mayer,TE,0,122,0,3,0.07356948228882834,0.032908375717653565,4,LV,0.0,4.5,0.004201680672268907,4.388110799875506,LV,LV,False,MIA,H,22.5,MIA@LV,2.41125,0.14471471436479824,0.17902119452264395,0.16391182128059067,510.0841246148811
00-0035662,Marquise Brown,WR,5,614,0,33,0.03712219684433106,0.05340021714998785,4,KC,0.0,3.5,0.006336158917715558,3.4819119787653054,PHI,PHI,True,WAS,H,25.0,WAS@PHI,2.7515,0.1861700679017916,0.1785791200932471,0.1635421263657444,511.4632493915405
00-0038393,Dontayvion Wicks,WR,2,180,0,11,0.039564436124207555,0.05853782946319011,4,GB,0.25,3.0,0.24163027656477437,3.0113237434711877,PHI,PHI,True,WAS,H,25.0,WAS@PHI,2.7515,0.18583632139659326,0.17825898185671832,0.16327430134892162,512.4662557048539
00-0039874,Jaylen Wright,RB,138,15,2,0,0.019814512917971244,0.023161082047759397,4,MIA,7.0,1.25,6.967096427612141,1.2647394574268063,MIA,MIA,False,LV,A,19.0,MIA@LV,1.9349,0.16734235650817303,0.17766895065782132,0.16278046140563862,514.3243429615691
00-0036290,Cole Kmet,TE,7,399,0,21,0.06875652550357789,0.05279117482676402,4,CHI,0.0,3.25,0.004201680672268907,3.2116402116402116,CHI,CHI,False,CAR,A,24.75,CHI@CAR,2.7174750000000003,0.16983515285766454,0.1775729477967516,0.16270008207632902,514.6278399115131
00-0035535,Darius Slayton,WR,5,522,0,22,0.03712219684433106,0.04273667971454823,4,NYG,0.0,6.0,0.006336158917715558,5.834853155235893,NYG,NYG,False,DAL,H,22.75,DAL@NYG,2.4452749999999996,0.24959746261531796,0.17462567318068098,0.16022868913431687,524.107958070928
00-0032268,Marcus Mariota,QB,271,1,10,0,0.038243369783966925,0.151426907396622,4,WAS,5.75,0.0,5.585228758169935,0.0012418300653594771,WAS,WAS,False,PHI,A,19.5,WAS@PHI,2.0029500000000002,0.2137860152130487,0.17453664375187783,0.1601539214459723,524.3993222091341
00-0033873,Patrick Mahomes,QB,489,5,19,0,0.03948236449057087,0.14565826330532214,4,KC,4.0,0.25,3.938169934640523,0.2365359477124183,KC,KC,False,DEN,H,23.0,DEN@KC,2.4793000000000003,0.1899416761383541,0.1730858376049262,0.15893458329494636,529.1896824898254
00-0039359,Cade Stover,TE,4,38,0,1,0.0707398868161811,0.04181245265261322,4,HOU,1.0,2.5,0.9453781512605043,2.505757858699035,HOU,HOU,False,BUF,H,21.5,BUF@HOU,2.27515,0.17164782524442548,0.17290706886396304,0.15878421364903872,529.7855290641822
00-0037005,Tommy Tremble,TE,3,168,1,11,0.0811354196978916,0.06295975789968009,4,CAR,0.0,2.5,0.004201680672268907,2.505757858699035,CAR,CAR,False,CHI,H,21.75,CHI@CAR,2.3091749999999998,0.15810281326369308,0.17120993857843908,0.1573553487193461,535.5042953027086
00-0037809,Chig Okonkwo,TE,6,272,0,8,0.06940517197059277,0.03310767581713112,4,TEN,0.0,6.5,0.004201680672268907,6.270463741051977,WAS,WAS,True,PHI,A,19.5,WAS@PHI,2.0029500000000002,0.20789209913144843,0.16972480266670403,0.15610297714608745,540.6027727864279
00-0040737,Terrance Ferguson,TE,1,25,0,3,0.07284107157309737,0.07673350908311191,4,LA,0.0,2.75,0.004201680672268907,2.741051976346094,LA,LA,False,SF,N,26.0,SF@LA,2.8876,0.2106365916468109,0.16966771371070824,0.15605479857086557,540.800545166122
00-0037801,KaVontae Turpin,WR,47,110,1,7,0.030950772383903348,0.05915258455323826,4,DAL,1.0,2.0,0.9475126295059508,2.070147272882952,DAL,DAL,False,NYG,A,25.75,DAL@NYG,2.853575,0.15178080932357685,0.16877094741948662,0.15529763751507153,543.9247988579033
00-0039847,Theo Johnson,TE,0,117,0,6,0.07356948228882834,0.05210632635539633,4,NYG,0.0,4.75,0.004201680672268907,4.623404917522564,NYG,NYG,False,DAL,H,22.75,DAL@NYG,2.4452749999999996,0.2412177609773768,0.16876298922449828,0.15529091518221494,543.952673488093
00-0038994,Jordan Addison,WR,6,286,2,22,0.07669618949441968,0.07285804687951276,4,MIN,0.25,2.25,0.24163027656477437,2.305441390530011,MIN,MIN,False,GB,H,24.0,GB@MIN,2.6154,0.1865020783882056,0.1686264310564918,0.15517555538061145,544.4313974241757
00-0038738,Hunter Luepke,RB,34,35,1,1,0.030850831316010758,0.0298697673713674,4,DAL,3.25,1.5,3.4376846629062583,1.5000335750738651,DAL,DAL,False,NYG,A,25.75,DAL@NYG,2.853575,0.15086108358965522,0.16774826883336103,0.1544333366216296,547.5285853921919
00-0035250,Devin Singletary,RB,1120,274,29,4,0.026194750998547303,0.016895745879819152,4,NYG,8.25,1.5,8.143567015847436,1.5000335750738651,NYG,NYG,False,DAL,H,22.75,DAL@NYG,2.4452749999999996,0.23866289631575116,0.1669755313042649,0.15377968300867162,550.2809606803586
00-0040162,Dylan Sampson,RB,65,40,0,2,0.015459725004881473,0.03987596232507408,4,CLE,6.75,3.0,6.731802309965082,2.911798280956218,CLE,CLE,False,JAX,A,16.0,CLE@JAX,1.5266,0.22018257104891165,0.16681147278686473,0.153640841969356,550.868601852268
00-0037666,Jalen Tolbert,WR,0,152,0,10,0.041379310344827586,0.06171975209487964,4,DAL,0.0,2.5,0.006336158917715558,2.54073550817707,MIA,MIA,True,LV,A,19.0,MIA@LV,1.9349,0.1570757515895971,0.16676879984864632,0.1536047245666824,551.0216419585995
00-0033217,Mo Alie-Cox,TE,0,200,0,16,0.07356948228882834,0.0750051018912076,4,IND,0.0,2.75,0.004201680672268907,2.741051976346094,IND,IND,False,BAL,H,22.0,BAL@IND,2.3432000000000004,0.20590199824673652,0.1662636423029581,0.15317705359514777,552.8392970940898
00-0039894,Xavier Worthy,WR,31,171,3,7,0.06439857121634728,0.04273929333472303,4,KC,0.5,3.5,0.4769243942118332,3.4819119787653054,KC,KC,False,DEN,H,23.0,DEN@KC,2.4793000000000003,0.1795277069916003,0.16359602678929044,0.15091503981587018,562.624481443393
00-0037816,Romeo Doubs,WR,1,320,0,21,0.04045152720051029,0.06343073961032598,4,GB,0.0,3.5,0.006336158917715558,3.4819119787653054,NE,NE,True,SEA,A,20.75,NE@SEA,2.173075,0.2211165593759437,0.16354361865680542,0.1508705396927118,562.8199263002356
00-0037252,Greg Dulcich,TE,1,104,0,3,0.07284107157309737,0.03680959133200382,4,MIA,0.25,3.75,0.2394957983193277,3.682228446934329,MIA,MIA,False,LV,A,19.0,MIA@LV,1.9349,0.15298645490956603,0.16242715517941908,0.1499219882497147,567.0135659716366
00-0038041,Jake Ferguson,TE,1,312,0,15,0.07284107157309737,0.048880610049195056,4,DAL,0.0,3.0,0.004201680672268907,2.9763460939931528,DAL,DAL,False,NYG,A,25.75,DAL@NYG,2.853575,0.1457916677145002,0.1621113894154279,0.14965352033262447,568.2101415171321
00-0039798,Isaiah Davis,RB,73,40,2,1,0.029347010542953838,0.028112979580497906,4,NYJ,4.25,1.5,4.378861133494493,1.5000335750738651,NYJ,NYJ,False,TEN,A,19.0,NYJ@TEN,1.9349,0.17067689711690653,0.1601569763756898,0.14798996697881073,575.7214832970268
00-0039890,Adonai Mitchell,WR,5,129,0,2,0.03712219684433106,0.02471781891014394,4,NYJ,0.25,6.75,0.24163027656477437,6.54073550817707,NYJ,NYJ,False,TEN,A,19.0,NYJ@TEN,1.9349,0.17064256252045681,0.16012475804242177,0.14796251619341227,575.8468467059787
00-0037614,John Metchie III,WR,4,115,0,3,0.037902071713406045,0.03293342316615066,4,NYJ,0.25,4.25,0.24163027656477437,4.187794331706481,CAR,CAR,True,CHI,H,21.75,CHI@CAR,2.3091749999999998,0.14707669092938486,0.15926972266041672,0.14723368245304858,579.1924125913855
00-0037261,Khalil Shakir,WR,4,260,0,11,0.037902071713406045,0.04337458188910161,4,BUF,0.0,5.0,0.006336158917715558,4.893676684647658,BUF,BUF,False,HOU,A,23.0,BUF@HOU,2.4793000000000003,0.21250133364672388,0.15908146657502895,0.14707312889223845,579.9338584363071
00-0038551,Kendre Miller,RB,127,24,3,0,0.0262549682987382,0.0201406164083457,4,NO,7.5,0.5,7.437684662906258,0.5588571044856299,NO,NO,False,DET,A,21.25,NO@DET,2.2411250000000003,0.20653190160913895,0.15867293590062764,0.14672461091707523,581.5489192642486
00-0039851,Drake Maye,QB,157,1,6,0,0.04001492232687757,0.151426907396622,4,NE,5.5,0.0,5.349934640522876,0.0012418300653594771,NE,NE,False,SEA,A,20.75,NE@SEA,2.173075,0.21426526558070405,0.15847622170147674,0.14655674302179866,582.3295737755726
00-0034796,Lamar Jackson,QB,1081,2,35,0,0.03294011040232486,0.14994232987312572,4,BAL,3.75,0.0,3.702875816993464,0.0012418300653594771,BAL,BAL,False,IND,A,25.5,BAL@IND,2.8195499999999996,0.12215934111117008,0.15673975010961058,0.14507347559762584,589.3058816441323
00-0035208,Olamide Zaccheaus,WR,9,300,0,15,0.03429922662996604,0.04986756687002917,4,CHI,0.0,3.5,0.006336158917715558,3.4819119787653054,ATL,ATL,True,PIT,A,19.5,ATL@PIT,2.0029500000000002,0.17385180378731666,0.15348727945591198,0.14228832531139324,602.7983482211444
00-0034827,DJ Moore,WR,72,977,2,41,0.032907781953749785,0.04230270461783067,4,CHI,0.25,4.75,0.24163027656477437,4.658382567000599,BUF,BUF,True,HOU,A,23.0,BUF@HOU,2.4793000000000003,0.205013698183296,0.15347611808022119,0.14227875201573226,602.8456363529436
00-0040736,Mason Taylor,TE,0,65,0,1,0.07356948228882834,0.03180747750694256,4,NYJ,0.0,5.25,0.004201680672268907,5.093993152816682,NYJ,NYJ,False,TEN,A,19.0,NYJ@TEN,1.9349,0.16233618810053782,0.1523303591858068,0.14129544705929675,607.7368880685412
00-0039451,Isaiah Williams,WR,3,39,0,0,0.038715417465922594,0.027274765497834884,4,NYJ,0.25,5.75,0.24163027656477437,5.599559037588834,NYJ,NYJ,False,TEN,A,19.0,NYJ@TEN,1.9349,0.16208147667112902,0.15209134726871942,0.14109018190845524,608.766539580223
00-0033110,Tyler Higbee,TE,1,494,0,25,0.07284107157309737,0.05091762115289911,4,LA,0.0,3.75,0.004201680672268907,3.682228446934329,LA,LA,False,SF,N,26.0,SF@LA,2.8876,0.18779636798200627,0.15126992014810392,0.14038436023886847,612.3300617664732
00-0038618,Xavier Hutchinson,WR,8,102,0,3,0.03496393779582473,0.03577174735695601,4,HOU,0.25,4.0,0.24163027656477437,3.9525002140594228,HOU,HOU,False,BUF,H,21.5,BUF@HOU,2.27515,0.14983618504504692,0.1509354140025076,0.14009676542608318,613.7923541336953
00-0039074,Davis Allen,TE,0,57,0,4,0.07356948228882834,0.06285038029243306,4,LA,0.0,3.0,0.004201680672268907,2.9763460939931528,LA,LA,False,SF,N,26.0,SF@LA,2.8876,0.18737359936116915,0.15092938014617333,0.1400915768778509,613.8187907413757
00-0036613,Jaylen Waddle,WR,14,544,1,26,0.04868292530307841,0.0478979205062474,4,MIA,0.5,5.25,0.4769243942118332,5.128970802294717,DEN,DEN,True,KC,A,20.5,DEN@KC,2.13905,0.2688851104258069,0.1494462279442015,0.1388152555511748,620.3819177002099
00-0039794,Braelon Allen,RB,110,30,3,1,0.0288482655937397,0.03186075465257166,4,NYJ,4.5,0.75,4.614155251141552,0.7941512221326887,NYJ,NYJ,False,TEN,A,19.0,NYJ@TEN,1.9349,0.15841263342108974,0.14864863855038493,0.1381281097392072,623.9656011278589
00-0035249,Josh Oliver,TE,0,121,0,11,0.07356948228882834,0.08048613032276891,4,MIN,0.0,2.0,0.004201680672268907,2.0351696234049172,MIN,MIN,False,GB,H,24.0,GB@MIN,2.6154,0.16411204301011048,0.148382411313302,0.13789862542101106,625.170390166655
00-0037545,Rashid Shaheed,WR,26,242,1,12,0.04028934116346493,0.04949732583590517,4,SEA,0.5,2.5,0.4769243942118332,2.54073550817707,SEA,SEA,False,NE,H,23.75,NE@SEA,2.5813749999999995,0.1449745829386739,0.14681837036683754,0.1365492085746467,632.3367234701582
00-0039880,Malik Washington,WR,22,101,2,3,0.05798985778448944,0.03601047937800118,4,MIA,1.0,2.25,0.9475126295059508,2.305441390530011,MIA,MIA,False,LV,A,19.0,MIA@LV,1.9349,0.13796617228492905,0.14647998012949187,0.1362569758148321,633.9073790680346
00-0038705,Emari Demercado,RB,126,70,3,1,0.026394540130291032,0.020779952795500507,4,ARI,3.25,2.0,3.4376846629062583,1.9706218103679827,DAL,DAL,True,NYG,A,25.75,DAL@NYG,2.853575,0.13168553398759567,0.14642623419636264,0.1362105518924761,634.157512840411
00-0040184,KeAndre Lambert-Smith,WR,0,12,0,1,0.041379310344827586,0.055815228567881785,4,LAC,0.0,2.0,0.006336158917715558,2.070147272882952,LAC,LAC,False,ARI,H,28.5,ARI@LAC,3.22785,0.11580792909138941,0.14448974612296359,0.1345362132831428,643.2942964549
00-0039342,Xavier Legette,WR,7,148,0,7,0.03565492202837819,0.04773320102841717,4,CAR,0.0,2.75,0.006336158917715558,2.776029625824129,CAR,CAR,False,CHI,H,21.75,CHI@CAR,2.3091749999999998,0.13273469544247538,0.1437387392723437,0.13388599992357197,646.9040830040811
00-0040198,Ollie Gordon II,RB,70,9,3,1,0.03758283279646466,0.04424819179336255,4,MIA,3.0,0.25,3.2023905452591994,0.3235629868385711,MIA,MIA,False,LV,A,19.0,MIA@LV,1.9349,0.13467198551032214,0.1429825111101244,0.13323077240549686,650.577349320195
00-0040590,Konata Mumpfield,WR,0,23,0,1,0.041379310344827586,0.047268980585201084,4,LA,0.0,3.75,0.006336158917715558,3.7172060964123643,LA,LA,False,SF,N,26.0,SF@LA,2.8876,0.17597072868875746,0.14174437111426197,0.1321569261087877,656.6761950689056
00-0040187,Mitchell Evans,TE,1,25,0,2,0.07284107157309737,0.06300431434893962,4,CAR,0.25,1.75,0.2394957983193277,1.7998755057578588,CAR,CAR,False,CHI,H,21.75,CHI@CAR,2.3091749999999998,0.13084505274055908,0.14169244038460233,0.13211185721451024,656.9343290483747
00-0035229,T.J. Hockenson,TE,2,628,0,26,0.07212694342041995,0.04230170183285216,4,MIN,0.0,3.75,0.004201680672268907,3.682228446934329,MIN,MIN,False,GB,H,24.0,GB@MIN,2.6154,0.15606758422678166,0.1411089890215128,0.13160533894457427,659.8475928253572
00-0033949,Joshua Dobbs,QB,110,0,8,0,0.06488050702288665,0.15294117647058825,4,NE,2.5,0.0,2.5264052287581698,0.0012418300653594771,DET,DET,True,NO,H,28.25,NO@DET,3.1938250000000004,0.1641043791382746,0.1408784988691576,0.13140515945802922,661.0051265296016
00-0037746,Brian Robinson,RB,662,92,17,5,0.026190878604043916,0.04663775622769316,4,SF,5.0,0.5,5.08474348643567,0.5588571044856299,ATL,ATL,True,PIT,A,19.5,ATL@PIT,2.0029500000000002,0.1592377407910549,0.14058506778925817,0.13115024933852704,662.4842537803985
00-0037838,Isaiah Likely,TE,0,194,0,15,0.07356948228882834,0.07273097391132785,4,BAL,0.0,2.75,0.004201680672268907,2.741051976346094,NYG,NYG,True,DAL,H,22.75,DAL@NYG,2.4452749999999996,0.1996684952530232,0.13969390967034995,0.13037562172253414,667.0145590010711
00-0038976,Marvin Mims Jr.,WR,34,136,1,8,0.03613581134336889,0.0562421459280742,4,DEN,0.5,4.0,0.4769243942118332,3.9525002140594228,DEN,DEN,False,KC,A,20.5,DEN@KC,2.13905,0.23953114375416384,0.13313130597872022,0.1246498541452532,702.2472283318601
00-0033077,Dak Prescott,QB,359,2,19,1,0.05215361461151754,0.1597462514417532,4,DAL,2.25,0.0,2.291111111111111,0.0012418300653594771,DAL,DAL,False,NYG,A,25.75,DAL@NYG,2.853575,0.11968810361892346,0.13308582773164626,0.12461004384979946,702.503529495074
00-0040729,Jack Bech,WR,0,29,0,0,0.041379310344827586,0.030778691252453787,4,LV,0.0,3.5,0.006336158917715558,3.4819119787653054,LV,LV,False,MIA,H,22.5,MIA@LV,2.41125,0.10743087964888806,0.13289874832548895,0.12444626109693446,703.5596981263051
00-0037256,Rachaad White,RB,677,230,14,11,0.021600412332227037,0.045052335796535316,4,TB,3.75,1.75,3.908272898200376,1.735327692720924,WAS,WAS,True,PHI,A,19.5,WAS@PHI,2.0029500000000002,0.16260087203748602,0.1327486760453879,0.12431485489101834,704.409095660095
00-0036550,Rashod Bateman,WR,1,262,0,15,0.04045152720051029,0.05596383482852476,4,BAL,0.0,1.75,0.006336158917715558,1.8348531552358935,BAL,BAL,False,IND,A,25.5,BAL@IND,2.8195499999999996,0.10294172621902578,0.13208208473176417,0.1237309361838721,708.2053129493305
00-0039163,C.J. Stroud,QB,139,2,4,0,0.0330999658728197,0.14994232987312572,4,HOU,4.0,0.0,3.938169934640523,0.0012418300653594771,HOU,HOU,False,BUF,H,21.5,BUF@HOU,2.27515,0.1305394933312724,0.1314971578041021,0.12321823288020273,711.5682043356657
00-0035704,Drew Lock,QB,101,1,7,0,0.06205135455865827,0.151426907396622,3,SEA,2.0,0.0,2.072991452991453,0.001623931623931624,SEA,SEA,False,NE,H,23.75,NE@SEA,2.5813749999999995,0.12887783459027635,0.13051690349718273,0.12235834238993248,717.2716142338644
00-0039912,Ben Sinnott,TE,0,18,0,2,0.07356948228882834,0.06970308493550424,4,WAS,0.0,2.25,0.004201680672268907,2.270463741051976,WAS,WAS,False,PHI,A,19.5,WAS@PHI,2.0029500000000002,0.1585674424573304,0.12945575129056539,0.12142653670194714,723.5432115259896
00-0032775,Demarcus Robinson,WR,2,401,0,28,0.039564436124207555,0.06757022840875859,4,SF,0.0,2.5,0.006336158917715558,2.54073550817707,SF,SF,False,LA,N,22.5,SF@LA,2.41125,0.17192876516854072,0.12925850239764108,0.12125322196645105,724.7203528139524
00-0033885,David Njoku,TE,3,528,0,30,0.07142668183381393,0.05659422431327745,4,CLE,0.0,1.75,0.004201680672268907,1.7998755057578588,LAC,LAC,True,ARI,H,28.5,ARI@LAC,3.22785,0.1021626702173794,0.12746500519238413,0.1196757779280202,735.5909753111919
00-0037012,Trey Lance,QB,82,0,1,0,0.024406856039876745,0.15294117647058825,4,LAC,4.25,0.0,4.173464052287581,0.0012418300653594771,LAC,LAC,False,ARI,H,28.5,ARI@LAC,3.22785,0.10205106326295625,0.12732575686425424,0.11955318571670226,736.4478068946131
00-0038558,Darnell Washington,TE,0,78,0,2,0.07356948228882834,0.03646827311705738,4,PIT,0.0,2.75,0.004201680672268907,2.741051976346094,PIT,PIT,False,ATL,H,23.0,ATL@PIT,2.4793000000000003,0.10027054757324107,0.1257706642059916,0.11818294418968966,746.1457842808087
00-0040131,Kyle Williams,WR,2,21,0,3,0.039564436124207555,0.07725924701793577,4,NE,0.25,2.0,0.24163027656477437,2.070147272882952,NE,NE,False,SEA,A,20.75,NE@SEA,2.173075,0.16949798516199172,0.12536516453885027,0.11782529515869822,748.7141904911892
00-0033375,Tim Patrick,WR,3,304,0,18,0.038715417465922594,0.05780466310047919,4,JAX,0.0,2.25,0.006336158917715558,2.305441390530011,NYJ,NYJ,True,TEN,A,19.0,NYJ@TEN,1.9349,0.13351056991511734,0.12528145023139312,0.11775144142296223,749.2465042597721
00-0039041,Elijah Higgins,TE,0,80,0,3,0.07356948228882834,0.0437201637652476,4,ARI,0.0,3.5,0.004201680672268907,3.44693432928727,ARI,ARI,False,LAC,A,19.0,ARI@LAC,1.9349,0.15100964883629514,0.12365722374402123,0.11631730558024878,759.7173008878609
00-0037004,Hunter Long,TE,0,29,0,2,0.07356948228882834,0.05972444045533645,4,JAX,0.0,2.5,0.004201680672268907,2.505757858699035,ARI,ARI,True,LAC,A,19.0,ARI@LAC,1.9349,0.14996410149916367,0.12280105672423834,0.11556040162946946,765.3483251177855
00-0040237,Tez Johnson,WR,7,44,0,5,0.03565492202837819,0.07966161557075493,4,TB,0.25,1.25,0.24163027656477437,1.364264919941776,TB,TB,False,CIN,A,23.5,TB@CIN,2.54735,0.117294856259681,0.12252229294861879,0.11531381753996106,767.1987636290493
00-0040078,Brashard Smith,RB,44,35,0,1,0.018519302711228876,0.0298697673713674,4,KC,3.5,2.25,3.672978780553317,2.2059159280150418,KC,KC,False,DEN,H,23.0,DEN@KC,2.4793000000000003,0.13391120149959052,0.12202762946745638,0.11487608733756205,770.5031858035969
00-0035406,Lil'Jordan Humphrey,WR,0,117,0,8,0.041379310344827586,0.06268568764426724,4,DEN,0.0,3.5,0.006336158917715558,3.4819119787653054,DEN,DEN,False,KC,A,20.5,DEN@KC,2.13905,0.2185282325919647,0.12145789704928112,0.1143716598697202,774.3424735979977
00-0036407,Jerry Jeudy,WR,7,607,0,17,0.03565492202837819,0.029574002866914525,4,CLE,0.25,5.25,0.24163027656477437,5.128970802294717,CLE,CLE,False,JAX,A,16.0,CLE@JAX,1.5266,0.16029950588199735,0.12144374795788286,0.11435912894474032,774.4382798536458
00-0036442,Joe Burrow,QB,239,0,12,0,0.04955224085296771,0.15294117647058825,4,CIN,2.25,0.0,2.291111111111111,0.0012418300653594771,CIN,CIN,False,TB,H,27.0,TB@CIN,3.0237,0.11371961654986085,0.12043224635727254,0.11346284856800226,781.3457555674402
00-0034829,Mike Gesicki,TE,0,540,0,24,0.07356948228882834,0.045232018133796965,4,CIN,0.0,2.5,0.004201680672268907,2.505757858699035,CIN,CIN,False,TB,H,27.0,TB@CIN,3.0237,0.11364960037538081,0.12035809727526016,0.11339711021486454,781.856687622112
00-0032392,Austin Hooper,TE,0,492,0,24,0.07356948228882834,0.04925385236223416,4,NE,0.0,2.75,0.004201680672268907,2.741051976346094,ATL,ATL,True,PIT,A,19.5,ATL@PIT,2.0029500000000002,0.13531648483196246,0.1194658822625936,0.11260571681228626,788.0543797496534
00-0036264,Jordan Love,QB,135,0,5,0,0.039353997924868586,0.15294117647058825,4,GB,2.75,0.0,2.7616993464052286,0.0012418300653594771,GB,GB,False,MIN,A,22.5,GB@MIN,2.41125,0.10887383729871492,0.1192003607246817,0.11237006323331411,789.9167369192439
00-0040584,Gunnar Helm,TE,0,55,0,2,0.07356948228882834,0.04462454308911993,4,TEN,0.0,2.75,0.004201680672268907,2.741051976346094,TEN,TEN,False,NYJ,H,20.5,NYJ@TEN,2.13905,0.1226273074997754,0.11579208416190608,0.10933961355166477,814.5816118395951
00-0039868,Troy Franklin,WR,7,157,0,8,0.03565492202837819,0.05050428318121068,4,DEN,0.25,4.0,0.24163027656477437,3.9525002140594228,DEN,DEN,False,KC,A,20.5,DEN@KC,2.13905,0.20823349875526542,0.11573608844058629,0.10928973898450656,814.9989827880959
00-0040398,Brady Cook,QB,13,0,0,0,0.035988130479224334,0.15294117647058825,4,NYJ,3.0,0.0,2.9969934640522875,0.0012418300653594771,MIA,MIA,True,LV,A,19.0,MIA@LV,1.9349,0.10804611878086887,0.11471357848071018,0.1083785130818663,822.6921200188696
00-0040668,Shedeur Sanders,QB,21,0,1,0,0.046605769366687956,0.15294117647058825,4,CLE,3.25,0.0,3.2322875816993464,0.0012418300653594771,CLE,CLE,False,JAX,A,16.0,CLE@JAX,1.5266,0.15083317651066191,0.11427200708486328,0.10798471159798417,826.057017888695
00-0038685,Chris Brooks,RB,82,30,1,0,0.02057512715807868,0.01852963455076074,4,GB,4.0,1.0,4.1435670158474345,1.0294453397797474,GB,GB,False,MIN,A,22.5,GB@MIN,2.41125,0.10432966417518402,0.11422517946020468,0.10794293966283652,826.4153849464674
00-0039299,George Holani,RB,25,3,1,0,0.034038237416822395,0.028949850917578124,4,SEA,3.0,0.0,3.2023905452591994,0.08826886919151222,SEA,SEA,False,NE,H,23.75,NE@SEA,2.5813749999999995,0.11155910028467744,0.1129779094471714,0.10682960947421627,836.0700698258695
00-0040134,Pat Bryant,WR,0,49,0,1,0.041379310344827586,0.03470779845824931,4,DEN,0.0,6.0,0.006336158917715558,5.834853155235893,DEN,DEN,False,KC,A,20.5,DEN@KC,2.13905,0.20277709323165777,0.11270342061325388,0.10658441052458378,838.223512311258
00-0039796,Rasheen Ali,RB,17,13,0,1,0.024839820264051085,0.04119724733894231,4,BAL,0.25,1.75,0.6141552511415526,1.735327692720924,BAL,BAL,False,IND,A,25.5,BAL@IND,2.8195499999999996,0.0867462302237193,0.11130202835526967,0.10533150713482353,849.3835483812147
00-0038115,Daniel Bellinger,TE,1,106,1,4,0.08274206167210728,0.04283140600311552,4,NYG,0.0,2.75,0.004201680672268907,2.741051976346094,TEN,TEN,True,NYJ,H,20.5,NYJ@TEN,2.13905,0.11775076579583311,0.11118735998655904,0.10522891107606092,850.3091781280395
00-0036893,Najee Harris,RB,1112,236,28,6,0.025521524932602107,0.026297600955582486,3,LAC,5.0,1.0,5.110818405338953,1.0385054443273622,NYG,NYG,True,DAL,H,22.75,DAL@NYG,2.4452749999999996,0.1577460811229807,0.11036376459551503,0.10449167818204952,857.014010491592
00-0036637,Noah Gray,TE,3,171,1,9,0.0811354196978916,0.052957452832975205,4,KC,0.0,2.25,0.004201680672268907,2.270463741051976,KC,KC,False,DEN,H,23.0,DEN@KC,2.4793000000000003,0.12057888160052152,0.10987844870911509,0.10405696828979194,861.0120460314245
00-0040234,Quinn Ewers,QB,8,1,0,0,0.03931622521233138,0.151426907396622,4,MIA,2.0,0.25,2.0558169934640524,0.2365359477124183,JAX,JAX,True,CLE,H,24.5,CLE@JAX,2.6834499999999997,0.11664487096059126,0.10942080680209755,0.10364685337645319,864.8146252621145
00-0035710,Daniel Jones,QB,444,1,20,0,0.045148335588653,0.151426907396622,4,IND,3.0,0.0,2.9969934640522875,0.0012418300653594771,IND,IND,False,BAL,H,22.0,BAL@IND,2.3432000000000004,0.13549731315834185,0.10941261862342083,0.10363951384668257,864.8829513802368
00-0032464,Kalif Raymond,WR,24,258,0,9,0.02668847358874906,0.03713925681720411,4,DET,0.0,2.75,0.006336158917715558,2.776029625824129,CHI,CHI,True,CAR,A,24.75,CHI@CAR,2.7174750000000003,0.10326877961557893,0.10797376928838717,0.10234885785013825,877.050473259042
00-0034981,Foster Moreau,TE,0,210,0,18,0.07356948228882834,0.07985291906009358,4,NO,0.0,1.25,0.004201680672268907,1.329287270463741,HOU,HOU,True,BUF,H,21.5,BUF@HOU,2.27515,0.10645658428775565,0.10723757160484645,0.10168776584131578,883.4024690448058
00-0032104,Ameer Abdullah,RB,182,207,3,8,0.0203395262882794,0.03725987845946146,4,IND,1.25,2.25,1.5553317217297877,2.2059159280150418,JAX,JAX,True,CLE,H,24.5,CLE@JAX,2.6834499999999997,0.11382686981074847,0.10677733043793565,0.1012742304147023,887.4180192781074
00-0038933,Dalton Kincaid,TE,0,215,0,9,0.07356948228882834,0.04409217269735216,4,BUF,0.0,3.25,0.004201680672268907,3.2116402116402116,BUF,BUF,False,HOU,A,23.0,BUF@HOU,2.4793000000000003,0.14191731032520263,0.10624128080273247,0.10079233964662249,892.1388902232012
00-0033869,Mitchell Trubisky,QB,223,0,11,0,0.048782306159819724,0.15294117647058825,4,BUF,2.25,0.0,2.291111111111111,0.0012418300653594771,TEN,TEN,True,NYJ,H,20.5,NYJ@TEN,2.13905,0.11195561061955958,0.10571522568316499,0.10031918241085769,896.8183312185454
00-0040676,Cam Ward,QB,39,0,2,0,0.048499521772439914,0.15294117647058825,4,TEN,2.25,0.0,2.291111111111111,0.0012418300653594771,TEN,TEN,False,NYJ,H,20.5,NYJ@TEN,2.13905,0.11130772016758494,0.10510344852461587,0.09976860983998237,902.3192681584794
00-0036309,Darnell Mooney,WR,13,538,1,17,0.04954304467544707,0.033051278000434406,4,ATL,0.0,4.5,0.006336158917715558,4.42308844935354,NYG,NYG,True,DAL,H,22.75,DAL@NYG,2.4452749999999996,0.1465026385644253,0.10249752386901352,0.09741961534258314,926.4873213504565
00-0033307,Kendrick Bourne,WR,20,449,0,22,0.02836698875998506,0.0490032993302393,4,SF,0.0,2.5,0.006336158917715558,2.54073550817707,ARI,ARI,True,LAC,A,19.0,ARI@LAC,1.9349,0.12468416037496893,0.10210007927067784,0.0970608183478966,930.2818552545937
00-0034855,Baker Mayfield,QB,366,2,11,0,0.031853343247269725,0.14994232987312572,4,TB,3.0,0.0,2.9969934640522875,0.0012418300653594771,TB,TB,False,CIN,A,23.5,TB@CIN,2.54735,0.09565046441358793,0.09991328345726837,0.09508411418923624,951.7003902563595
00-0029604,Kirk Cousins,QB,218,2,7,0,0.034558317174139576,0.14994232987312572,4,ATL,2.25,0.0,2.291111111111111,0.0012418300653594771,LV,LV,True,MIA,H,22.5,MIA@LV,2.41125,0.0793631473522796,0.09817719989597484,0.09351174010405217,969.3844418757285
00-0040667,Matthew Golden,WR,10,44,0,0,0.03365931802872283,0.025805862461058624,4,GB,0.5,2.75,0.4769243942118332,2.776029625824129,GB,GB,False,MIN,A,22.5,GB@MIN,2.41125,0.08769078857227357,0.09600813096508892,0.09154337059046269,992.3783923946793
00-0037755,Jelani Woods,TE,0,43,0,3,0.07356948228882834,0.061528297482679656,2,NYJ,0.0,1.5,0.007936507936507936,1.6219870664315108,NYJ,NYJ,False,TEN,A,19.0,NYJ@TEN,1.9349,0.10038198751652695,0.09419479657060562,0.08989454045006029,1012.4146082659342
00-0036898,Davis Mills,QB,68,0,3,0,0.0449359535387737,0.15294117647058825,4,HOU,2.0,0.0,2.0558169934640524,0.0012418300653594771,HOU,HOU,False,BUF,H,21.5,BUF@HOU,2.27515,0.09257002385369471,0.09324913651785,0.08903348300352232,1023.172952764791
00-0036422,Adam Trautman,TE,0,161,0,10,0.07356948228882834,0.0602816864905739,4,DEN,0.0,2.75,0.004201680672268907,2.741051976346094,DEN,DEN,False,KC,A,20.5,DEN@KC,2.13905,0.165544351364265,0.09200947880557857,0.0879034960813142,1037.6111811013302
00-0034959,Andrew Beck,RB,9,47,1,5,0.04169687479905862,0.06944661520455943,4,NYJ,0.25,1.0,0.6141552511415526,1.0294453397797474,NYJ,NYJ,False,TEN,A,19.0,NYJ@TEN,1.9349,0.09709984899984478,0.0911149574725351,0.0870872412765249,1048.2738290270752
00-0029892,Kyle Juszczyk,RB,55,231,5,14,0.0594744310506094,0.055758184928366664,4,SF,0.0,1.75,0.37886113349449374,1.735327692720924,SF,SF,False,LA,N,22.5,SF@LA,2.41125,0.11929127276382312,0.08968488345417204,0.08578077450980881,1065.76238173934
00-0040024,Darius Cooper,WR,0,11,0,0,0.041379310344827586,0.04003689582986463,4,PHI,0.0,2.25,0.006336158917715558,2.305441390530011,PHI,PHI,False,WAS,H,25.0,WAS@PHI,2.7515,0.0925649026807586,0.08879063674707853,0.08496287132874425,1076.9847044489945
00-0039603,British Brooks,RB,18,0,0,0,0.02452975193893752,0.030879307098474865,4,HOU,3.25,0.0,3.4376846629062583,0.08826886919151222,HOU,HOU,False,BUF,H,21.5,BUF@HOU,2.27515,0.08705123354438038,0.087689859231933,0.08395506444816692,1091.1133730561196
00-0039920,Malachi Corley,WR,15,20,0,0,0.030787372185228035,0.03480259943398084,4,CLE,1.5,2.0,1.4181008648000686,2.070147272882952,CLE,CLE,False,JAX,A,16.0,CLE@JAX,1.5266,0.11570610542828666,0.08765955345592348,0.08392730257486503,1091.507375216757
00-0040206,Riley Leonard,QB,6,0,2,0,0.07923836014211989,0.15294117647058825,4,IND,1.25,0.0,1.3499346405228758,0.0012418300653594771,IND,IND,False,BAL,H,22.0,BAL@IND,2.3432000000000004,0.10715653416524741,0.08652774532826947,0.08288989708915928,1106.4196423411709
00-0036590,Quintin Morris,TE,0,31,0,4,0.07356948228882834,0.08357795564599678,4,JAX,0.0,1.0,0.004201680672268907,1.0939931528166822,JAX,JAX,False,CLE,H,24.5,CLE@JAX,2.6834499999999997,0.09174282667493865,0.08606099891411717,0.0824617393244651,1112.6836132636797
00-0034975,Justice Hill,RB,268,149,8,5,0.030187131337814813,0.0329357897585027,4,BAL,0.75,1.0,1.0847434864356702,1.0294453397797474,BAL,BAL,False,IND,A,25.5,BAL@IND,2.8195499999999996,0.06665088937172886,0.08551817363848598,0.08196354116016702,1120.0546558205372
00-0031503,Jameis Winston,QB,190,1,5,1,0.030185124857765793,0.16132789749563195,3,NYG,2.3333333333333335,0.3333333333333333,2.3806837606837608,0.3093162393162393,NYG,NYG,False,DAL,H,22.75,DAL@NYG,2.4452749999999996,0.12176257511323935,0.08518865305987985,0.0816609794076445,1124.5750752119775
00-0035631,Drew Sample,TE,2,145,0,5,0.07212694342041995,0.039354774693338354,4,CIN,0.0,2.0,0.004201680672268907,2.0351696234049172,CIN,CIN,False,TB,H,27.0,TB@CIN,3.0237,0.0803966963759462,0.08514234428510867,0.08161845126807088,1125.2131527411127
00-0040208,Tahj Brooks,RB,16,2,0,0,0.025157827781746328,0.029565642053702355,4,CIN,2.25,0.5,2.496508192318023,0.5588571044856299,CIN,CIN,False,TB,H,27.0,TB@CIN,3.0237,0.07932969226844633,0.08401235716910126,0.08058010540218574,1141.001106921951
00-0038783,Nate Adkins,TE,0,31,0,4,0.07356948228882834,0.08357795564599678,4,DEN,0.0,1.75,0.004201680672268907,1.7998755057578588,DEN,DEN,False,KC,A,20.5,DEN@KC,2.13905,0.15073903066034813,0.08378068796922214,0.08036707945602883,1144.290581129216
00-0039530,Brevyn Spann-Ford,TE,0,27,0,1,0.07356948228882834,0.047958262952395185,4,DAL,0.0,1.5,0.004201680672268907,1.5645813881108,DAL,DAL,False,NYG,A,25.75,DAL@NYG,2.853575,0.07534372109324301,0.08377759512342363,0.08036423516881597,1144.3346196219804
00-0040194,Jackson Hawes,TE,0,19,0,3,0.07356948228882834,0.08362187512922666,4,BUF,0.0,1.25,0.004201680672268907,1.329287270463741,BUF,BUF,False,HOU,A,23.0,BUF@HOU,2.4793000000000003,0.1114666096133913,0.08344546091613618,0.08005874194350371,1149.0828305866778
00-0040138,Jaylin Noel,WR,6,35,0,2,0.036373768418113746,0.05243082668837685,4,HOU,0.25,1.25,0.24163027656477437,1.364264919941776,HOU,HOU,False,BUF,H,21.5,BUF@HOU,2.27515,0.08031854129707146,0.08090777457465523,0.07772125492795501,1186.6493225398463
00-0039355,Luke McCaffrey,WR,0,39,0,3,0.041379310344827586,0.06142754079824235,4,WAS,0.0,1.5,0.006336158917715558,1.5995590375888347,WAS,WAS,False,PHI,A,19.5,WAS@PHI,2.0029500000000002,0.0985191639269357,0.0804318477048769,0.07728221322416506,1193.958801489544
00-0038547,Luke Schoonmaker,TE,0,74,0,3,0.07356948228882834,0.04587320381711804,4,DAL,0.0,1.5,0.004201680672268907,1.5645813881108,DAL,DAL,False,NYG,A,25.75,DAL@NYG,2.853575,0.072081476377078,0.08015017915486308,0.07702227603674516,1198.325694144546
00-0035125,Alec Ingold,RB,35,97,2,4,0.04083066065551934,0.03795408963252054,4,MIA,0.25,1.0,0.6141552511415526,1.0294453397797474,LAC,LAC,True,ARI,H,28.5,ARI@LAC,3.22785,0.06414802534694708,0.08003538245948108,0.07691631516226016,1200.11428380368
00-0037292,Andrew Ogletree,TE,0,41,0,4,0.07356948228882834,0.0741699949513661,4,IND,0.0,1.25,0.004201680672268907,1.329287270463741,IND,IND,False,BAL,H,22.0,BAL@IND,2.3432000000000004,0.0989023456110127,0.07986257711733297,0.07675678758705884,1202.8163781161154
00-0038046,Charlie Kolar,TE,1,41,0,4,0.07284107157309737,0.0741699949513661,4,BAL,0.0,0.75,0.004201680672268907,0.8586990351696234,LAC,LAC,True,ARI,H,28.5,ARI@LAC,3.22785,0.06399575802584996,0.079845403528498,0.07674093205158639,1203.0855545613979
00-0040556,Corey Kiner,RB,12,3,0,0,0.026515677337919326,0.028949850917578124,4,ARI,3.0,0.75,3.2023905452591994,0.7941512221326887,NE,NE,True,SEA,A,20.75,NE@SEA,2.173075,0.10790411389485027,0.07980871855154144,0.07670706169269081,1203.6609380323675
00-0036980,Elijah Moore,WR,26,365,2,9,0.05465711673597269,0.027536766011579075,4,BUF,0.25,2.5,0.24163027656477437,2.54073550817707,PHI,PHI,True,WAS,H,25.0,WAS@PHI,2.7515,0.08317045341912867,0.07977923925547141,0.07667984326561506,1204.1236880676074
00-0040179,DJ Giddens,RB,26,2,0,0,0.02230257859628005,0.029565642053702355,4,IND,3.5,0.5,3.672978780553317,0.5588571044856299,IND,IND,False,BAL,H,22.0,BAL@IND,2.3432000000000004,0.09843986704614988,0.07948913066544863,0.07641194129835316,1208.6959747501562
00-0039918,Caleb Williams,QB,158,2,3,1,0.025117793244457065,0.1597462514417532,4,CHI,3.0,0.0,2.9969934640522875,0.0012418300653594771,CHI,CHI,False,CAR,A,24.75,CHI@CAR,2.7174750000000003,0.07547623988292337,0.07891498420152071,0.07588151422347988,1217.8440233215215
00-0033119,Jacoby Brissett,QB,204,1,11,0,0.05248876562684142,0.151426907396622,4,ARI,1.75,0.0,1.8205228758169933,0.0012418300653594771,ARI,ARI,False,LAC,A,19.0,ARI@LAC,1.9349,0.09574504503337102,0.07840271497424547,0.07540799548667676,1226.1193240134357
00-0039917,Michael Penix Jr.,QB,28,0,2,0,0.05570237242793471,0.15294117647058825,4,ATL,1.5,0.0,1.5852287581699347,0.0012418300653594771,ATL,ATL,False,PIT,A,19.5,ATL@PIT,2.0029500000000002,0.08849092962222677,0.07812534439306779,0.07515150529526038,1230.6453358068231
00-0040739,Elijah Arroyo,TE,0,26,0,1,0.07356948228882834,0.048607774019656824,4,SEA,0.0,1.5,0.004201680672268907,1.5645813881108,SEA,SEA,False,NE,H,23.75,NE@SEA,2.5813749999999995,0.07635993402045256,0.07733108002072675,0.07441663928579112,1243.7854888334589
00-0038104,Tyquan Thornton,WR,6,113,1,5,0.05653497895626672,0.04569824823947223,4,KC,0.0,1.75,0.006336158917715558,1.8348531552358935,KC,KC,False,DEN,H,23.0,DEN@KC,2.4793000000000003,0.08420778958202535,0.07673500670830993,0.07386475928192171,1253.8255721964406
00-0032950,Carson Wentz,QB,258,1,9,0,0.03658966873353555,0.151426907396622,4,MIN,2.25,0.0,2.291111111111111,0.0012418300653594771,MIN,MIN,False,GB,H,24.0,GB@MIN,2.6154,0.08401904307358764,0.07596607767979018,0.07315235315122248,1267.0100234954486
00-0033246,Johnny Mundt,TE,0,103,0,4,0.07356948228882834,0.04368327792985747,4,JAX,0.0,1.75,0.004201680672268907,1.7998755057578588,PHI,PHI,True,WAS,H,25.0,WAS@PHI,2.7515,0.07893357742896513,0.07571511877254426,0.07291972328953877,1271.3710843763752
00-0033757,Robert Tonyan,TE,0,194,0,17,0.07356948228882834,0.08100099048607073,2,KC,0.0,0.5,0.007936507936507936,0.733098177542622,PIT,PIT,True,ATL,H,23.0,ATL@PIT,2.4793000000000003,0.05996556328455578,0.07521559327554417,0.07245650736910658,1280.1382875189095
00-0040142,Kaleb Johnson,RB,28,2,0,0,0.021807575119531436,0.029565642053702355,4,PIT,2.75,0.0,2.9670964276121405,0.08826886919151222,GB,GB,True,MIN,A,22.5,GB@MIN,2.41125,0.06731490402304645,0.073699623718408,0.07104931330917741,1307.473138619104
00-0040238,LeQuint Allen Jr.,RB,23,11,0,0,0.023088703731092026,0.024815077288454872,4,JAX,2.25,0.75,2.496508192318023,0.7941512221326887,JAX,JAX,False,CLE,H,24.5,CLE@JAX,2.6834499999999997,0.07734806197061851,0.07255773250641363,0.06998794681646126,1328.81745427171
00-0037805,Jeremy Ruckert,TE,0,81,0,1,0.07356948228882834,0.027857387635394606,4,NYJ,0.0,2.75,0.004201680672268907,2.741051976346094,NYJ,NYJ,False,TEN,A,19.0,NYJ@TEN,1.9349,0.07666766290563942,0.07194213911884827,0.06941526129354003,1340.605396227274
00-0037091,Bo Melton,WR,16,54,0,2,0.030270807239050353,0.04274412917000016,4,GB,0.25,1.25,0.24163027656477437,1.364264919941776,GB,GB,False,MIN,A,22.5,GB@MIN,2.41125,0.06562865948510191,0.0718534413647767,0.06933271685654452,1342.3205166892392
00-0033576,Eric Saubert,TE,0,76,0,3,0.07356948228882834,0.04513234244972737,4,SEA,0.0,1.5,0.004201680672268907,1.5645813881108,SEA,SEA,False,NE,H,23.75,NE@SEA,2.5813749999999995,0.07092233847048823,0.07182432910496493,0.06930562263441431,1342.884375016698
00-0037742,Treylon Burks,WR,11,114,0,2,0.0330428492187186,0.026994691520061398,4,WAS,0.0,3.25,0.006336158917715558,3.2466178611182466,WAS,WAS,False,PHI,A,19.5,WAS@PHI,2.0029500000000002,0.08785081238815252,0.07172211863261367,0.06921049106085031,1344.867656148825
00-0040646,Jalen Royals,WR,0,3,0,0,0.041379310344827586,0.04621535858332255,2,KC,0.0,1.5,0.011968300177907166,1.688055959890021,KC,KC,False,DEN,H,23.0,DEN@KC,2.4793000000000003,0.07850935150239374,0.07154226045006166,0.06904306589549247,1348.3713708682303
00-0038400,Tanner McKee,QB,13,0,0,0,0.035988130479224334,0.15294117647058825,4,PHI,2.0,0.0,2.0558169934640524,0.0012418300653594771,PHI,PHI,False,WAS,H,25.0,WAS@PHI,2.7515,0.07417493715336362,0.07115050855977104,0.06867829031068051,1356.064202350251
00-0036265,AJ Dillon,RB,609,113,16,2,0.026769198262240196,0.021453710013914454,4,PHI,1.5,0.75,1.7906258393768466,0.7941512221326887,CAR,CAR,True,CHI,H,21.75,CHI@CAR,2.3091749999999998,0.06497110813459954,0.07035737823681328,0.06793933781821948,1371.9013050666315
00-0036842,Kene Nwangwu,RB,40,8,0,0,0.019244761858769163,0.026219374387855314,4,NYJ,3.25,0.25,3.4376846629062583,0.3235629868385711,NYJ,NYJ,False,TEN,A,19.0,NYJ@TEN,1.9349,0.07464104177314727,0.07004043175058801,0.06764387764633384,1378.3303896745163
00-0037524,Tay Martin,WR,0,4,0,1,0.041379310344827586,0.06426558485360641,2,WAS,0.0,1.0,0.011968300177907166,1.2436115154455765,DET,DET,True,NO,H,28.25,NO@DET,3.1938250000000004,0.08041666137815143,0.06903519941705834,0.06670617189867323,1399.1116586917944
00-0038416,Tyson Bagent,QB,31,0,2,0,0.05353404154650087,0.15294117647058825,2,CHI,1.0,0.0,1.2165432098765432,0.002345679012345679,CHI,CHI,False,CAR,A,24.75,CHI@CAR,2.7174750000000003,0.06548522564841491,0.06846877315952377,0.06617738002177775,1411.0903448745153
00-0034365,Ian Thomas,TE,0,198,0,4,0.07356948228882834,0.02680256739700423,4,LV,0.0,2.0,0.004201680672268907,2.0351696234049172,LV,LV,False,MIA,H,22.5,MIA@LV,2.41125,0.05485688646744781,0.06786141538060769,0.06561004331866638,1424.1568964419432
00-0034577,Kyle Allen,QB,68,0,4,0,0.05370271815479172,0.15294117647058825,2,DET,1.5,0.0,1.6609876543209876,0.002345679012345679,BUF,BUF,True,HOU,A,23.0,BUF@HOU,2.4793000000000003,0.08955830276635912,0.06704459639640727,0.06484650406917813,1442.1031778878964
00-0039648,David Martin-Robinson,TE,0,8,0,1,0.07356948228882834,0.06427717514075636,4,TEN,0.0,1.0,0.004201680672268907,1.0939931528166822,TEN,TEN,False,NYJ,H,20.5,NYJ@TEN,2.13905,0.07062790495818792,0.06669111865733966,0.06451588969678734,1450.005750056015
00-0036849,Tutu Atwell,WR,16,179,1,5,0.047049275471734715,0.03246055271888135,4,LA,0.0,2.5,0.006336158917715558,2.54073550817707,LA,LA,False,SF,N,26.0,SF@LA,2.8876,0.08277179059426786,0.06667265340781334,0.06449861558977776,1450.4208747055459
00-0038359,Xavier Smith,WR,4,26,0,0,0.037902071713406045,0.03201246120696421,4,LA,0.0,2.5,0.006336158917715558,2.54073550817707,LA,LA,False,SF,N,26.0,SF@LA,2.8876,0.08157535044236174,0.06570892121114931,0.06359660820863433,1472.4109007817067
00-0023459,Aaron Rodgers,QB,237,3,11,0,0.04636961981954174,0.1484865790976585,4,PIT,1.0,0.0,1.114640522875817,0.0012418300653594771,PIT,PIT,False,ATL,H,23.0,ATL@PIT,2.4793000000000003,0.0518698523794327,0.06506103680408092,0.06298973048028644,1487.5603727387984
00-0040582,Arian Smith,WR,4,16,0,0,0.037902071713406045,0.03694956314134719,4,NYJ,0.25,1.5,0.24163027656477437,1.5995590375888347,NYJ,NYJ,False,TEN,A,19.0,NYJ@TEN,1.9349,0.0682612957281894,0.0640539107048875,0.06204556761691571,1511.7186745300503
00-0038589,Josh Whyle,TE,0,58,0,3,0.07356948228882834,0.05280809336886322,4,GB,0.0,1.0,0.004201680672268907,1.0939931528166822,GB,GB,False,MIN,A,22.5,GB@MIN,2.41125,0.058080808030642195,0.06358968729501424,0.061610046130195606,1523.1119156878729
00-0033881,Evan Engram,TE,16,695,1,20,0.07204265714554169,0.030409175924256914,4,DEN,0.0,3.75,0.004201680672268907,3.682228446934329,DEN,DEN,False,KC,A,20.5,DEN@KC,2.13905,0.11227623287623664,0.062403081615663464,0.06049588637807435,1553.0049559905815
00-0034771,Mason Rudolph,QB,75,0,1,0,0.02581803957606487,0.15294117647058825,4,PIT,1.75,0.0,1.8205228758169933,0.0012418300653594771,PIT,PIT,False,ATL,H,23.0,ATL@PIT,2.4793000000000003,0.04719225860814719,0.059193869527761116,0.05747597524419612,1639.8573851967465
00-0040172,Jordan Watkins,WR,0,3,0,0,0.041379310344827586,0.04621535858332255,2,SF,0.0,1.5,0.011968300177907166,1.688055959890021,SF,SF,False,LA,N,22.5,SF@LA,2.41125,0.07850935150239374,0.05902445230419345,0.057316281913757816,1644.7049365565472
00-0039050,Payne Durham,TE,0,25,0,2,0.07356948228882834,0.06300431434893962,4,TB,0.0,0.75,0.004201680672268907,0.8586990351696234,TB,TB,False,CIN,A,23.5,TB@CIN,2.54735,0.05441085941475991,0.05683576816055904,0.0552507854724007,1709.92901992231
00-0040218,Jimmy Horn Jr.,WR,8,15,0,0,0.03496393779582473,0.03752834165824167,4,CAR,0.25,1.0,0.24163027656477437,1.1289708022947171,CAR,CAR,False,CHI,H,21.75,CHI@CAR,2.3091749999999998,0.05081674795009405,0.05502958559491729,0.05354285395847003,1767.6628645451733
00-0038102,Kenny Pickett,QB,111,0,5,0,0.04536732311969443,0.15294117647058825,4,LV,1.0,0.0,1.114640522875817,0.0012418300653594771,CAR,CAR,True,CHI,H,21.75,CHI@CAR,2.3091749999999998,0.050758183714784966,0.054966166235557515,0.0534828283492339,1769.759006517321
00-0040363,Keleki Latu,TE,0,4,0,0,0.07356948228882834,0.04994601467590207,3,BUF,0.0,1.3333333333333333,0.005494505494505494,1.4306064306064306,BUF,BUF,False,HOU,A,23.0,BUF@HOU,2.4793000000000003,0.07185731770317255,0.05379339173170744,0.052372125968453864,1809.412653216228
00-0039356,Ja'Tavion Sanders,TE,0,77,0,2,0.07356948228882834,0.03676039910347184,4,CAR,0.0,1.25,0.004201680672268907,1.329287270463741,CAR,CAR,False,CHI,H,21.75,CHI@CAR,2.3091749999999998,0.049174246057213634,0.053250916117822004,0.051857921496670345,1828.345701368319
00-0036988,Josh Palmer,WR,3,319,0,10,0.038715417465922594,0.03369892235315688,4,BUF,0.0,2.0,0.006336158917715558,2.070147272882952,BUF,BUF,False,HOU,A,23.0,BUF@HOU,2.4793000000000003,0.07000703924611186,0.05240824743416277,0.05105861513153309,1858.5333394254437
00-0036212,Tua Tagovailoa,QB,174,0,6,0,0.036923803873970096,0.15294117647058825,4,MIA,1.5,0.0,1.5852287581699347,0.0012418300653594771,ATL,ATL,True,PIT,A,19.5,ATL@PIT,2.0029500000000002,0.058722602713216464,0.05184399779969096,0.050523024212705825,1879.2956094431777
00-0040673,Jalen Milroe,QB,3,0,0,0,0.043322593211189614,0.15294117647058825,3,SEA,1.0,0.0,1.14991452991453,0.001623931623931624,SEA,SEA,False,NE,H,23.75,NE@SEA,2.5813749999999995,0.050065645420195405,0.05070238053429263,0.04943846594661905,1922.7164837188623
00-0040782,Isaiah Bond,WR,5,44,0,0,0.03712219684433106,0.025805862461058624,4,CLE,0.5,1.75,0.4769243942118332,1.8348531552358935,CLE,CLE,False,JAX,A,16.0,CLE@JAX,1.5266,0.06505444940205193,0.04928559269881636,0.048090767452319105,1979.4012093724168
00-0038640,Jalen Brooks,WR,0,42,0,1,0.041379310344827586,0.037382314155734016,4,ARI,0.0,1.5,0.006336158917715558,1.5995590375888347,ARI,ARI,False,LAC,A,19.0,ARI@LAC,1.9349,0.06005740434003967,0.04917918784125052,0.04798947429706801,1983.7902782800363
00-0035644,Noah Fant,TE,3,460,0,18,0.07142668183381393,0.04054264677989883,4,CIN,0.0,1.5,0.004201680672268907,1.5645813881108,NO,NO,True,DET,A,21.25,NO@DET,2.2411250000000003,0.0637323826851254,0.04896388496789832,0.04778448162845916,1992.7296183211636
00-0038621,DeMario Douglas,WR,18,212,0,6,0.02928799195385656,0.032187595817565445,4,NE,0.25,1.75,0.24163027656477437,1.8348531552358935,NE,NE,False,SEA,A,20.75,NE@SEA,2.173075,0.06613637734115485,0.048916202864909254,0.04773907690755674,1994.720017180951
00-0039021,Roschon Johnson,RB,138,60,8,0,0.049797902756019634,0.013236080990079396,4,CHI,0.5,0.0,0.8494493687886113,0.08826886919151222,CHI,CHI,False,CAR,A,24.75,CHI@CAR,2.7174750000000003,0.04346913096461911,0.04544961154196127,0.044432249055595174,2150.6175610169207
00-0035021,Ashton Dulin,WR,15,70,0,4,0.030787372185228035,0.05381857697777769,4,IND,0.25,0.75,0.24163027656477437,0.8936766846476581,IND,IND,False,BAL,H,22.0,BAL@IND,2.3432000000000004,0.05553556870177444,0.04484437260612904,0.04385372719257974,2180.3078871918665
00-0040563,Efton Chism III,WR,0,3,0,1,0.041379310344827586,0.06550526176323278,4,NE,0.0,0.75,0.006336158917715558,0.8936766846476581,NE,NE,False,SEA,A,20.75,NE@SEA,2.173075,0.05880271104579318,0.04349203053087022,0.04255981564944489,2249.634237696805
00-0036429,Charlie Woerner,TE,0,36,0,0,0.07356948228882834,0.030882078166250784,4,ATL,0.0,1.5,0.004201680672268907,1.5645813881108,ATL,ATL,False,PIT,A,19.5,ATL@PIT,2.0029500000000002,0.048626640196900675,0.04293064869222991,0.04202217522169993,2279.695945591145
00-0035289,Gardner Minshew,QB,171,1,5,0,0.03282724425924068,0.151426907396622,4,KC,1.5,0.0,1.5852287581699347,0.0012418300653594771,ARI,ARI,True,LAC,A,19.0,ARI@LAC,1.9349,0.052226738137526756,0.042766892665869985,0.041865287734488166,2288.6137038924753
00-0027973,Andy Dalton,QB,141,2,4,0,0.0327460826502918,0.14994232987312572,4,CAR,1.25,0.0,1.3499346405228758,0.0012418300653594771,PHI,PHI,True,WAS,H,25.0,WAS@PHI,2.7515,0.04439127420436054,0.04258125259649472,0.04168740302927865,2298.8061796453526
00-0034270,Tyler Conklin,TE,5,386,0,11,0.07006617360840794,0.031322963633559756,4,LAC,0.0,1.5,0.004201680672268907,1.5645813881108,DET,DET,True,NO,H,28.25,NO@DET,3.1938250000000004,0.04930172160896931,0.04232399262230761,0.04144083584074443,2313.0787415653544
00-0038573,Derius Davis,WR,28,37,0,2,0.025197501497936606,0.05120924082831581,4,LAC,0.0,0.5,0.006336158917715558,0.6583825670005994,LAC,LAC,False,ARI,H,28.5,ARI@LAC,3.22785,0.033874926804518764,0.04226463258881307,0.04138393404782392,2316.3966597384974
00-0039746,Will Shipley,RB,44,16,0,0,0.018519302711228876,0.022781469665687292,4,PHI,0.75,1.0,1.0847434864356702,1.0294453397797474,PHI,PHI,False,WAS,H,25.0,WAS@PHI,2.7515,0.04354097077001143,0.0417656196602784,0.04090545286319314,2344.661848249096
00-0040534,Ke'Shawn Williams,WR,2,1,0,0,0.039564436124207555,0.04806988545595193,4,CIN,0.5,0.25,0.4769243942118332,0.4230884493535405,CIN,CIN,False,TB,H,27.0,TB@CIN,3.0237,0.03920705802903147,0.041521368210258675,0.04067116401781867,2358.7444794102385
00-0026158,Joe Flacco,QB,81,0,1,0,0.02459893442403298,0.15294117647058825,4,CIN,1.5,0.0,1.5852287581699347,0.0012418300653594771,CIN,CIN,False,TB,H,27.0,TB@CIN,3.0237,0.03918486522048609,0.041497865406897344,0.040648616835867846,2360.1083083289864
00-0040509,Ben Yurosek,TE,0,3,0,0,0.07356948228882834,0.05092847900878497,4,MIN,0.0,0.75,0.004201680672268907,0.8586990351696234,MIN,MIN,False,GB,H,24.0,GB@MIN,2.6154,0.04404135125930187,0.03982012396828635,0.039037722311760725,2461.6248612402633
00-0039376,Spencer Rattler,QB,49,2,0,0,0.02236015834557864,0.14994232987312572,4,NO,2.25,0.0,2.291111111111111,0.0012418300653594771,NO,NO,False,DET,A,21.25,NO@DET,2.2411250000000003,0.051415810125065554,0.03950139170118583,0.03873138380900576,2481.8855451466766
00-0033106,Jared Goff,QB,259,2,10,1,0.039747695675612434,0.1597462514417532,4,DET,1.0,0.0,1.114640522875817,0.0012418300653594771,DET,DET,False,NO,H,28.25,NO@DET,3.1938250000000004,0.04450276998884234,0.03820424210779183,0.037483665550706036,2567.828733684676
00-0038710,Blake Whiteheart,TE,0,15,0,1,0.07356948228882834,0.057116795725894835,4,CLE,0.0,0.75,0.004201680672268907,0.8586990351696234,CLE,CLE,False,JAX,A,16.0,CLE@JAX,1.5266,0.049355252853608166,0.037391798901510655,0.0367013579466301,2624.69482315659
00-0037085,Tyler Badie,RB,20,35,0,1,0.02393227260110784,0.0298697673713674,4,DEN,0.5,1.5,0.8494493687886113,1.5000335750738651,DEN,DEN,False,KC,A,20.5,DEN@KC,2.13905,0.06513490779138496,0.036201953546259304,0.03555449937479427,2712.5835480303017
00-0039686,Colson Yankoff,TE,0,3,0,0,0.07356948228882834,0.05092847900878497,4,WAS,0.0,0.75,0.004201680672268907,0.8586990351696234,WAS,WAS,False,PHI,A,19.5,WAS@PHI,2.0029500000000002,0.04404135125930187,0.03595571781173697,0.03531698918799342,2731.4984459093307
00-0039824,Jared Wiley,TE,0,2,0,0,0.07356948228882834,0.05195037006455153,2,KC,0.0,0.5,0.007936507936507936,0.733098177542622,KC,KC,False,DEN,H,23.0,DEN@KC,2.4793000000000003,0.038668606397057576,0.03523706994337949,0.03462347263138266,2788.2140467146605
00-0036626,Dyami Brown,WR,12,139,0,5,0.03244855546748085,0.0393729143926744,4,JAX,0.25,0.75,0.24163027656477437,0.8936766846476581,WAS,WAS,True,PHI,A,19.5,WAS@PHI,2.0029500000000002,0.04302720903109614,0.035127763838126096,0.03451794531578811,2797.0438154747626
00-0038840,Brycen Tremayne,WR,0,19,0,0,0.041379310344827586,0.03531560497270698,4,CAR,0.0,0.75,0.006336158917715558,0.8936766846476581,CAR,CAR,False,CHI,H,21.75,CHI@CAR,2.3091749999999998,0.03182291865458542,0.034461119544729885,0.03387409762880789,2852.1081593316303
00-0037013,Zach Wilson,QB,96,2,5,1,0.05015738026717396,0.1597462514417532,4,MIA,0.75,0.0,0.8793464052287581,0.0012418300653594771,NO,NO,True,DET,A,21.25,NO@DET,2.2411250000000003,0.04430408973150011,0.03403764713988817,0.0334648833301846,2888.207041194199
00-0036628,John Bates,TE,0,104,0,3,0.07356948228882834,0.03680959133200382,4,WAS,0.0,1.0,0.004201680672268907,1.0939931528166822,WAS,WAS,False,PHI,A,19.5,WAS@PHI,2.0029500000000002,0.040578556346994275,0.03312866384661701,0.032585919635635285,2968.810121615904
00-0039407,Dylan Laube,RB,8,4,0,0,0.028028464465860194,0.028359187728224624,4,LV,0.5,0.0,0.8494493687886113,0.08826886919151222,LV,LV,False,MIA,H,22.5,MIA@LV,2.41125,0.02631199488059916,0.03254959092773745,0.03202555410976193,3022.5064727144972
00-0036972,Mac Jones,QB,181,0,2,0,0.0181695881461812,0.15294117647058825,4,SF,2.25,0.0,2.291111111111111,0.0012418300653594771,SF,SF,False,LA,N,22.5,SF@LA,2.41125,0.0418184722372011,0.03143972498516506,0.03095063584174018,3130.9513934165934
00-0033376,Patrick Ricard,RB,11,63,0,5,0.026878355340028057,0.05915941379488712,4,BAL,0.0,0.5,0.37886113349449374,0.5588571044856299,NYG,NYG,True,DAL,H,22.75,DAL@NYG,2.4452749999999996,0.043244822867068655,0.030255340842065596,0.029802229197886554,3255.4536922725083
00-0036187,Reggie Gilliam,RB,8,20,0,2,0.028028464465860194,0.05214313927613924,4,BUF,0.5,0.25,0.8494493687886113,0.3235629868385711,NE,NE,True,SEA,A,20.75,NE@SEA,2.173075,0.04068035133596619,0.030088257001153078,0.02964011128463151,3273.806496193903
00-0030565,Geno Smith,QB,218,1,5,0,0.026984486524348594,0.151426907396622,4,LV,1.0,0.0,1.114640522875817,0.0012418300653594771,NYJ,NYJ,True,TEN,A,19.0,NYJ@TEN,1.9349,0.030266048655344886,0.028400556380863532,0.02800105156654009,3471.294448080485
00-0040154,Tai Felton,WR,0,3,0,0,0.041379310344827586,0.04621535858332255,4,MIN,0.0,0.5,0.006336158917715558,0.6583825670005994,MIN,MIN,False,GB,H,24.0,GB@MIN,2.6154,0.030689572305191384,0.027748071727665247,0.027366630217173338,3554.0852566220287
00-0031484,Chris Manhertz,TE,0,41,0,3,0.07356948228882834,0.0629134852390694,4,NYG,0.0,0.5,0.004201680672268907,0.6234049175225646,NYG,NYG,False,DAL,H,22.75,DAL@NYG,2.4452749999999996,0.039529691548320936,0.027656126488309035,0.02727719709777099,3566.065821996487
00-0036630,Tylan Wallace,WR,0,35,0,2,0.041379310344827586,0.05243082668837685,4,BAL,0.0,0.5,0.006336158917715558,0.6583825670005994,CLE,CLE,True,JAX,A,16.0,CLE@JAX,1.5266,0.03478172815130739,0.026350820009741264,0.026006666685900015,3745.1679028215026
00-0036825,Feleipe Franks,TE,6,5,0,0,0.06940517197059277,0.04900073850039993,4,ATL,0.25,0.0,0.2394957983193277,0.1528166822284469,CAR,CAR,True,CHI,H,21.75,CHI@CAR,2.3091749999999998,0.024110377352962183,0.02610918895427137,0.025771291212883907,3780.286756839205
00-0036876,Kylen Granson,TE,2,145,0,1,0.07212694342041995,0.018611919519527342,4,PHI,0.0,1.25,0.004201680672268907,1.329287270463741,TEN,TEN,True,NYJ,H,20.5,NYJ@TEN,2.13905,0.025043642080322736,0.02364771412346874,0.023370297986834654,4178.935598353674
00-0037093,Dareke Young,WR,0,6,0,0,0.041379310344827586,0.043687193391169526,4,SEA,0.0,0.25,0.006336158917715558,0.4230884493535405,LV,LV,True,MIA,H,22.5,MIA@LV,2.41125,0.018745732794728458,0.023189649316897005,0.022922835815777365,4262.46199221005
00-0037311,Ko Kieft,TE,0,15,0,2,0.07356948228882834,0.07303086386501592,2,TB,0.0,0.0,0.007936507936507936,0.28865373309817755,TB,TB,False,CIN,A,23.5,TB@CIN,2.54735,0.021664516266091713,0.022630030788968417,0.022375892305897094,4369.095517305709
00-0038488,Brady Russell,RB,0,1,0,0,0.031638589130857896,0.030208199472262214,4,SEA,0.0,0.25,0.37886113349449374,0.3235629868385711,SEA,SEA,False,NE,H,23.75,NE@SEA,2.5813749999999995,0.0217608869885439,0.022037642051685822,0.02179658722524158,4487.874191799843
00-0038090,Skyy Moore,WR,8,81,0,1,0.03496393779582473,0.026153851393127692,4,SF,0.25,0.25,0.24163027656477437,0.4230884493535405,GB,GB,True,MIN,A,22.5,GB@MIN,2.41125,0.019513738389940027,0.021364587791518726,0.021137981637177505,4630.820648652655
00-0040058,Nick Kallerup,TE,0,1,0,0,0.07356948228882834,0.05301410975684835,4,SEA,0.0,0.25,0.004201680672268907,0.3881107998755058,SEA,SEA,False,NE,H,23.75,NE@SEA,2.5813749999999995,0.02088446401422007,0.021150072725849494,0.020927978463410324,4678.292379019606
00-0036887,Luke Farrell,TE,0,61,0,2,0.07356948228882834,0.04216447833005002,4,SF,0.0,0.5,0.004201680672268907,0.6234049175225646,SF,SF,False,LA,N,22.5,SF@LA,2.41125,0.026594658607528594,0.019994244360539884,0.019795685006846142,4951.605941669408
00-0034798,Durham Smythe,TE,4,181,1,3,0.08035527143156572,0.02442377723970689,4,CHI,0.0,0.5,0.004201680672268907,0.6234049175225646,BAL,BAL,True,IND,A,25.5,BAL@IND,2.8195499999999996,0.015563530026597895,0.019969195847024074,0.019771132038307382,4957.8793265982895
00-0033662,Cooper Rush,QB,60,0,0,0,0.020041233934893772,0.15294117647058825,4,BAL,1.0,0.0,1.114640522875817,0.0012418300653594771,ATL,ATL,True,PIT,A,19.5,ATL@PIT,2.0029500000000002,0.022528698423439186,0.01988974836825157,0.01969325223249163,4977.881439766021
00-0039062,Jonathan Mingo,WR,2,132,0,0,0.039564436124207555,0.013248306263285157,4,DAL,0.0,1.0,0.006336158917715558,1.1289708022947171,DAL,DAL,False,NYG,A,25.75,DAL@NYG,2.853575,0.015207637505879956,0.016909959838254697,0.016767788963301,5863.8155166949
00-0040164,Jaylin Lane,WR,1,32,0,0,0.04045152720051029,0.029636491875868996,4,WAS,0.0,0.5,0.006336158917715558,0.6583825670005994,WAS,WAS,False,PHI,A,19.5,WAS@PHI,2.0029500000000002,0.019768456902933766,0.016139129196796526,0.016009591263897893,6146.255657101189
00-0036862,Ben Skowronek,WR,3,104,1,2,0.06017455454599057,0.028760890614890715,4,PIT,0.0,0.25,0.006336158917715558,0.4230884493535405,PIT,PIT,False,ATL,H,23.0,ATL@PIT,2.4793000000000003,0.012549676152687048,0.01574122355460998,0.015617978021011947,6302.877495759251
00-0038824,Ryan Miller,WR,0,24,0,3,0.041379310344827586,0.07407726105698682,4,TB,0.0,0.0,0.006336158917715558,0.18779433170648174,MIA,MIA,True,LV,A,19.0,MIA@LV,1.9349,0.014173475621093725,0.015048112105741413,0.014935455066604875,6595.47727565371
00-0037594,Julius Chestnut,RB,42,8,0,0,0.018875064139743172,0.026219374387855314,4,TEN,0.25,0.0,0.6141552511415526,0.08826886919151222,TEN,TEN,False,NYJ,H,20.5,NYJ@TEN,2.13905,0.013906574285181768,0.013131424418142064,0.013045583413543116,7565.429504378179
00-0036331,Devin Duvernay,WR,31,152,1,5,0.03758899028164563,0.036824386318395665,4,CHI,0.0,0.25,0.006336158917715558,0.4230884493535405,ARI,ARI,True,LAC,A,19.0,ARI@LAC,1.9349,0.015818142321826725,0.012952997238112694,0.012869468208771662,7670.328841703134
00-0039751,Jordan Whittington,WR,5,53,0,0,0.03712219684433106,0.023525310496032712,4,LA,0.0,0.5,0.006336158917715558,0.6583825670005994,LA,LA,False,SF,N,26.0,SF@LA,2.8876,0.01572386645244456,0.012665569884230348,0.01258569911253582,7845.526037595822
00-0038896,Jacob Saylors,RB,2,0,0,0,0.030651591894058087,0.030879307098474865,4,DET,0.0,0.0,0.37886113349449374,0.08826886919151222,DET,DET,False,NO,H,28.25,NO@DET,3.1938250000000004,0.014338378367393295,0.012309051295421805,0.01223360479905966,8074.205529974822
00-0040075,LaJohntay Wester,WR,0,0,0,0,0.041379310344827586,0.04905410541544573,4,BAL,0.0,0.0,0.006336158917715558,0.18779433170648174,BAL,BAL,False,IND,A,25.5,BAL@IND,2.8195499999999996,0.009474268830203235,0.0121562093852972,0.012082621158440165,8176.349865537763
00-0039589,Kameron Johnson,WR,4,8,0,1,0.037902071713406045,0.059743071444097295,4,TB,0.0,0.0,0.006336158917715558,0.18779433170648174,TB,TB,False,CIN,A,23.5,TB@CIN,2.54735,0.011459563725623637,0.011970277884528636,0.011898919120088114,8304.12469324016
00-0026498,Matthew Stafford,QB,199,1,1,0,0.012754531510723208,0.151426907396622,4,LA,1.0,0.0,1.114640522875817,0.0012418300653594771,LA,LA,False,SF,N,26.0,SF@LA,2.8876,0.014404764158458129,0.011603033367562318,0.011535977775896322,8568.532649997256
00-0039364,Sione Vaki,RB,7,3,0,0,0.028434022876216186,0.028949850917578124,4,DET,0.0,0.0,0.37886113349449374,0.08826886919151222,DET,DET,False,NO,H,28.25,NO@DET,3.1938250000000004,0.013327916740449114,0.011441601456994053,0.011376395259751981,8690.13059205013
00-0037557,Ronnie Rivers,RB,72,16,0,0,0.014652794627480467,0.022781469665687292,4,LA,0.25,0.0,0.6141552511415526,0.08826886919151222,LA,LA,False,SF,N,26.0,SF@LA,2.8876,0.011009985330276813,0.008868540002340978,0.008829330497420962,11225.887056692452
00-0040506,Myles Price,WR,0,0,0,0,0.041379310344827586,0.04905410541544573,4,MIN,0.0,0.0,0.006336158917715558,0.18779433170648174,MIN,MIN,False,GB,H,24.0,GB@MIN,2.6154,0.009474268830203235,0.008566189468309797,0.008529604207262231,11623.873414297292
00-0036646,Simi Fehoko,WR,0,22,0,1,0.041379310344827586,0.04793623899266092,4,ARI,0.0,0.0,0.006336158917715558,0.18779433170648174,ARI,ARI,False,LAC,A,19.0,ARI@LAC,1.9349,0.009264339852399247,0.007586287067064821,0.007557583820884783,13131.742097740012
00-0038519,Nikko Remigio,WR,1,7,0,0,0.04045152720051029,0.042904837906646724,4,KC,0.0,0.0,0.006336158917715558,0.18779433170648174,KC,KC,False,DEN,H,23.0,DEN@KC,2.4793000000000003,0.008313592666460375,0.0075758263243518986,0.007547202081811477,13149.943345361973
00-0038564,Cameron Latu,TE,0,0,0,0,0.07356948228882834,0.0541223225111141,4,PHI,0.0,0.0,0.004201680672268907,0.1528166822284469,NE,NE,True,SEA,A,20.75,NE@SEA,2.173075,0.008579909232448241,0.0063459263638224765,0.006325833498197153,15708.193501852325
00-0032951,Laquon Treadwell,WR,0,140,0,5,0.041379310344827586,0.03916441624097539,4,IND,0.0,0.0,0.006336158917715558,0.18779433170648174,IND,IND,False,BAL,H,22.0,BAL@IND,2.3432000000000004,0.007617041260898753,0.006150678645145281,0.006131801942586335,16208.419765727294
