player_id,player_display_name,position_group,c,t,rtd,ctd,r_rush,r_rec,g,team25,pc,pt,cg,cc,ct,team26,team,moved,_w,u_car,u_tar,e_car,e_tar,opp,site,implied,game,team_td,lam_raw,lam,p_td,fair,key,book_name,matchup,p_book_raw,p_book,devigged,edge,ev
00-0032764,Derrick Henry,RB,2376,213,112,4,0.0467431989333174,0.0208902837120069,4,BAL,21.25,0.25,0,,,BAL,BAL,False,1.0,21.25,0.25,20.46594427244582,0.3421052631578947,IND,A,25.5,BAL@IND,2.8195499999999996,0.9637903804918632,1.2221700359313092,0.7054097985210759,-239.45460337096208,derrickhenry,Derrick Henry,Baltimore Ravens @ Indianapolis Colts,0.6774193548387096,0.51291845068679,True,0.1924913478342859,0.3752864565050116
00-0037157,Bam Knight,RB,170,46,5,1,0.0300076432241396,0.0262596301243105,4,ARI,7.25,3.5,0,,,ARI,ARI,False,1.0,7.25,3.5,7.2894736842105265,3.4009287925696596,LAC,A,18.75,ARI@LAC,1.900875,0.3080470577795421,0.2453220308933299,0.2175474762193963,359.66977754846556,bamknight,Bam Knight,Arizona Cardinals @ Los Angeles Chargers,0.03708791208791209,0.026527127337660782,True,0.19102034888173552,7.200943639703585
00-0035640,DK Metcalf,WR,5,825,1,54,0.0576982454300642,0.0645378940566512,4,PIT,0.0,7.25,0,,,PIT,PIT,False,1.0,0.0,7.25,0.0082270670505964,7.058000822706705,ATL,H,23.5,ATL@PIT,2.54735,0.4559831966814577,0.5816014686059175,0.4409975754881359,126.75861627881056,dkmetcalf,DK Metcalf,Atlanta Falcons @ Pittsburgh Steelers,0.35401002506265666,0.25083786361732713,True,0.19015971187080877,0.758098116163644
00-0039067,Rashee Rice,WR,7,209,1,14,0.0554176912161201,0.0635890238293989,4,KC,0.25,10.75,0,,,KC,KC,False,1.0,0.25,10.75,0.2435211846976553,10.352118469765529,DEN,H,23.0,DEN@KC,2.4793000000000003,0.6717764898768399,0.6066094517539912,0.4548037469254995,119.87505748579684,rasheerice,Rashee Rice,Denver Broncos @ Kansas City Chiefs,0.4,0.2814383443429935,True,0.17336540258250605,0.6159978057972897
00-0038996,Tucker Kraft,TE,4,154,0,15,0.0707398868161811,0.0871447433493435,4,GB,0.0,6.0,0,,,GB,GB,False,1.0,0.0,6.0,0.0030044275774826,5.8229496099515075,MIN,A,22.25,GB@MIN,2.377225,0.5076519821621629,0.5425034045948837,0.4187087777497723,138.82948080864392,tuckerkraft,Tucker Kraft,Green Bay Packers @ Minnesota Vikings,0.3448275862068966,0.24787271686538712,True,0.17083606088438516,0.689208812671229
00-0039410,Ryan Flournoy,WR,4,70,0,4,0.037902071713406,0.0538185769777776,4,DAL,0.0,6.75,0,,,DAL,DAL,False,1.0,0.0,6.75,0.0082270670505964,6.5874125874125875,NYG,A,25.5,DAL@NYG,2.8195499999999996,0.3548369943053888,0.3858471103741495,0.3201255365130397,212.37745382404592,ryanflournoy,Ryan Flournoy,Dallas Cowboys @ New York Giants,0.21054964539007093,0.1538065442295656,True,0.1663189922834741,1.0813518574036283
00-0040730,RJ Harvey,RB,146,58,7,5,0.0430784857408762,0.0620308828715276,4,DEN,13.75,4.0,0,,,DEN,DEN,False,1.0,13.75,4.0,13.407120743034056,3.871517027863777,KC,A,20.5,DEN@KC,2.13905,0.8177120790455417,0.4509012366953783,0.3629462433946629,175.5228958004707,rjharvey,RJ Harvey,Denver Broncos @ Kansas City Chiefs,0.28309409888357256,0.19918383620766086,True,0.16376240718700205,0.8221671512354551
00-0038611,Chris Rodriguez Jr.,RB,198,7,10,0,0.0460000051620956,0.0267234724188968,4,WAS,13.0,0.75,0,,,JAX,JAX,True,1.0,13.0,0.75,12.70123839009288,0.8126934984520124,CLE,H,24.5,CLE@JAX,2.6834499999999997,0.6059750238001785,0.5632876963506004,0.4306658144018513,132.19860192267473,chrisrodriguez,Chris Rodriguez Jr.,Cleveland Browns @ Jacksonville Jaguars,0.39215686274509803,0.2702577398200239,True,0.16040807458182743,0.5935373939286623
00-0033858,Jonnu Smith,TE,28,457,2,28,0.0731011580381471,0.0605919265258214,4,PIT,1.5,2.5,0,,,GB,GB,True,1.0,1.5,2.5,1.4147691334598356,2.528831962892684,MIN,A,22.25,GB@MIN,2.377225,0.2566480625042822,0.2742675151158527,0.2398712978584132,316.8902277713366,jonnusmith,Jonnu Smith,Green Bay Packers @ Minnesota Vikings,0.11764705882352941,0.08456833869524971,True,0.1553029591631635,1.8364196525464798
00-0033293,Aaron Jones,RB,1483,449,48,21,0.0323375502163043,0.0453226497535112,4,MIN,16.25,2.75,0,,,MIN,MIN,False,1.0,16.25,2.75,15.760061919504643,2.695046439628483,GB,H,23.75,GB@MIN,2.5813749999999995,0.6317884395867769,0.5586713358342884,0.4280314867220228,133.62767250097926,aaronjones,Aaron Jones,Green Bay Packers @ Minnesota Vikings,0.3809869375907112,0.2738651752014165,True,0.15416631152060628,0.5629277669467223
00-0038555,Tank Bigsby,RB,281,20,11,0,0.0377869134631524,0.0213798015764455,4,PHI,9.75,0.75,0,,,PHI,PHI,False,1.0,9.75,0.75,9.642414860681114,0.8126934984520124,WAS,H,25.0,WAS@PHI,2.7515,0.3817323216557434,0.3630413220263086,0.3044423089479577,228.46945730231695,tankbigsby,Tank Bigsby,Washington Commanders @ Philadelphia Eagles,0.2062074829931973,0.15085959630799955,True,0.15358271263995815,1.0180506669685037
00-0040126,Colston Loveland,TE,1,82,0,6,0.0728410715730973,0.0661525121568957,4,CHI,0.25,8.25,0,,,CHI,CHI,False,1.0,0.25,8.25,0.2382985452245414,7.9405966687750364,CAR,A,25.0,CHI@CAR,2.7515,0.5426483390526119,0.568980218638653,0.4338975548384969,130.4691485003217,colstonloveland,Colston Loveland,Chicago Bears @ Carolina Panthers,0.3886792452830189,0.2810384224817896,True,0.15285913235670728,0.5439083062267476
00-0036754,Brock Wright,TE,0,93,0,11,0.0735694822888283,0.0964876349443355,4,DET,0.0,3.25,0,,,DET,DET,False,1.0,0.0,3.25,0.0030044275774826,3.2347143158338603,NO,H,28.5,NO@DET,3.22785,0.3123309682368433,0.2684665565142347,0.2354490083675005,324.72041268449533,brockwright,Brock Wright,New Orleans Saints @ Detroit Lions,0.11287758346581876,0.08400008903455507,True,0.1514489193329454,1.8029614143699773
00-0039040,De'Von Achane,RB,544,209,22,13,0.0395391372589083,0.0566505823958556,4,MIA,13.0,3.25,0,,,MIA,MIA,False,1.0,13.0,3.25,12.70123839009288,3.1656346749226008,LV,A,18.75,MIA@LV,1.900875,0.6815310560508792,0.7027482615263375,0.5047775688704861,-101.92946384096103,devonachane,De'Von Achane,Miami Dolphins @ Las Vegas Raiders,0.5,0.35816892595081146,True,0.14660864291967463,0.40932820325068864
00-0036894,Pat Freiermuth,TE,0,356,0,22,0.0735694822888283,0.0608885423277029,4,PIT,0.0,4.75,0,,,PIT,PIT,False,1.0,0.0,4.75,0.0030044275774826,4.646479021716213,ATL,H,23.5,ATL@PIT,2.54735,0.2831383687700011,0.3611398233394876,0.3031184486513961,229.9040373323031,patfreiermuth,Pat Freiermuth,Atlanta Falcons @ Pittsburgh Steelers,0.2299154334038055,0.1629092173800871,True,0.140209231271309,0.860658675587298
00-0039150,Bryce Young,QB,136,0,8,0,0.055615282468152,0.1529411764705882,4,CAR,5.5,0.0,0,,,CAR,CAR,False,1.0,5.5,0.0,5.363456672991777,0.0015022137887413,CHI,H,22.0,CHI@CAR,2.3432000000000004,0.2985199082182933,0.3242029483564007,0.2768965251744942,261.1457382391568,bryceyoung,Bryce Young,Chicago Bears @ Carolina Panthers,0.19230769230769232,0.139050003655105,True,0.1378465215193892,0.9913449686869418
00-0040705,Chimere Dike,WR,11,74,0,4,0.0330428492187186,0.05206610815254,4,TEN,0.5,4.75,0,,,TEN,TEN,False,1.0,0.5,4.75,0.4788153023447141,4.7050596462361165,NYJ,H,19.75,NYJ@TEN,2.036975,0.2607955662440729,0.2322916926938164,0.2072851395535918,382.42725076847984,chimeredike,Chimere Dike,New York Jets @ Tennessee Titans,0.10263157894736842,0.07035068352398934,True,0.13693445602960247,1.9464552321358513
00-0040466,Raheim Sanders,RB,27,4,1,0,0.0332742842475691,0.0283591877282246,4,CLE,6.75,1.0,0,,,CLE,CLE,False,1.0,6.75,1.0,6.818885448916409,1.047987616099071,JAX,A,15.5,CLE@JAX,1.45855,0.2566136102206656,0.1840543213043046,0.1681093867838723,494.8507808702183,raheimsanders,Raheim Sanders,Cleveland Browns @ Jacksonville Jaguars,0.054093567251461985,0.03727897332166557,True,0.13083041346220672,3.509496153054502
00-0040663,Harold Fannin Jr.,TE,7,107,1,6,0.0781023198961012,0.0554715532405802,4,CLE,0.5,8.25,0,,,CLE,CLE,False,1.0,0.5,8.25,0.4735926628716002,7.9405966687750364,JAX,A,15.5,CLE@JAX,1.45855,0.4774659165299731,0.3424590969173187,0.289977839113244,244.8539388589186,haroldfannin,Harold Fannin Jr.,Cleveland Browns @ Jacksonville Jaguars,0.23128342245989303,0.1593906442802186,True,0.1305871948330254,0.8192902125638255
00-0036355,Justin Herbert,QB,376,3,15,0,0.0405758093826528,0.1484865790976585,4,LAC,6.5,0.0,0,,,LAC,LAC,False,1.0,6.5,0.0,6.304633143580013,0.0015022137887413,ARI,H,28.25,ARI@LAC,3.1938250000000004,0.2560386512480218,0.3123793560924377,0.268296100760519,272.72252454112237,justinherbert,Justin Herbert,Arizona Cardinals @ Los Angeles Chargers,0.1925925925925926,0.1377518425918363,True,0.13054425816868273,0.9476770380160366
00-0036900,Ja'Marr Chase,WR,21,767,0,54,0.0279278726211483,0.0691260426387426,4,CIN,0.0,11.5,0,,,CIN,CIN,False,1.0,0.0,11.5,0.0082270670505964,11.058000822706704,TB,H,27.0,TB@CIN,3.0237,0.7646256008503094,0.802857697944222,0.5519532493777883,-123.19099482616036,jamarrchase,Ja'Marr Chase,Tampa Bay Buccaneers @ Cincinnati Bengals,0.5555555555555556,0.4259732782807151,True,0.12597997109707326,0.29574618296608945
00-0040170,Elic Ayomanor,WR,0,89,0,4,0.0413793103448275,0.0464002037110825,4,TEN,0.0,5.5,0,,,TEN,TEN,False,1.0,0.0,5.5,0.0082270670505964,5.410941999177293,NYJ,H,19.75,NYJ@TEN,2.036975,0.2514092413913931,0.2239312542108919,0.2006299141921582,398.43015884571696,elicayomanor,Elic Ayomanor,New York Jets @ Tennessee Titans,0.11145510835913312,0.07639893233374406,True,0.12423098185841414,1.6260826959690835
00-0036919,Kenny Gainwell,RB,394,223,17,4,0.0415800242484176,0.0201108317277598,4,PIT,8.5,6.75,0,,,TB,TB,True,1.0,8.5,6.75,8.465944272445821,6.459752321981424,CIN,A,23.5,TB@CIN,2.54735,0.4819251600844236,0.4966329571963678,0.3914236836202489,155.47764273001405,kennygainwell,Kenny Gainwell,Tampa Bay Buccaneers @ Cincinnati Bengals,0.35401002506265666,0.27143785965632033,True,0.11998582396392854,0.44203790921372565
00-0039359,Cade Stover,TE,4,38,0,1,0.0707398868161811,0.0418124526526132,4,HOU,1.0,2.5,0,,,HOU,HOU,False,1.0,1.0,2.5,0.944180898165718,2.528831962892684,BUF,H,21.5,BUF@HOU,2.27515,0.1725279165851084,0.171996600341542,0.1580179643850169,532.8394394218755,cadestover,Cade Stover,Buffalo Bills @ Houston Texans,0.05572755417956656,0.03973931027577599,True,0.1182786541092409,2.9763640407553917
00-0040669,Isaac TeSlaa,WR,0,27,0,6,0.0413793103448275,0.1107036657891648,4,DET,0.0,3.25,0,,,DET,DET,False,1.0,0.0,3.25,0.0082270670505964,3.293294940353764,NO,H,28.5,NO@DET,3.22785,0.3649202527827849,0.3136700924021329,0.269239928303938,271.415936075843,isaacteslaa,Isaac TeSlaa,New Orleans Saints @ Detroit Lions,0.20833333333333334,0.1550353755948801,True,0.11420455270905791,0.7366354438195035
00-0033906,Alvin Kamara,RB,1554,667,53,20,0.0340107238265177,0.0300415438916222,4,NO,9.25,2.5,0,,,NO,NO,False,1.0,9.25,2.5,9.171826625386998,2.459752321981424,DET,A,21.5,NO@DET,2.27515,0.3858352196840638,0.2988171693316644,0.2583049983677237,287.13923707213644,alvinkamara,Alvin Kamara,New Orleans Saints @ Detroit Lions,0.19607843137254902,0.14591564761871068,True,0.11238935074901302,0.7702350815910808
00-0038124,Christian Watson,WR,16,227,2,20,0.063827743704419,0.0811912104267181,4,GB,0.0,5.25,0,,,GB,GB,False,1.0,0.0,5.25,0.0082270670505964,5.175647881530234,MIN,A,22.25,GB@MIN,2.377225,0.4207422313710639,0.4496271087201973,0.3621340380647898,176.14084700347576,christianwatson,Christian Watson,Green Bay Packers @ Minnesota Vikings,0.34785238959467635,0.25004703894315367,True,0.11208699912163611,0.44826365309256166
00-0038559,Michael Wilson,WR,1,255,0,14,0.0404515272005102,0.0539619523537531,4,ARI,0.0,8.0,0,,,ARI,ARI,False,1.0,0.0,8.0,0.0082270670505964,7.763883175647881,LAC,A,18.75,ARI@LAC,1.900875,0.4192870914309944,0.3339111937593062,0.2838826249045774,252.25826178552987,michaelwilson,Michael Wilson,Arizona Cardinals @ Los Angeles Chargers,0.24404761904761904,0.17455504778979256,True,0.10932757711478483,0.6263214871130067
00-0038606,Parker Washington,WR,7,167,0,10,0.0356549220283781,0.0574304927255042,4,JAX,0.25,8.0,0,,,JAX,JAX,False,1.0,0.25,8.0,0.2435211846976553,7.763883175647881,CLE,H,24.5,CLE@JAX,2.6834499999999997,0.4545663650933637,0.4225448749127659,0.3446231563117438,190.17202752777493,parkerwashington,Parker Washington,Cleveland Browns @ Jacksonville Jaguars,0.3419053185271771,0.23562652447488056,True,0.10899663183686323,0.4625821820347864
00-0039146,Jayden Reed,WR,34,191,3,15,0.0619089420285048,0.0725308064161709,4,GB,0.75,4.25,0,,,GB,GB,False,1.0,0.75,4.25,0.7141094199917729,4.234471410942,MIN,A,22.25,GB@MIN,2.377225,0.3513393848661245,0.3754596045234373,0.3130265298913615,219.4617403026697,jaydenreed,Jayden Reed,Green Bay Packers @ Minnesota Vikings,0.2857142857142857,0.205380251117035,True,0.10764627877432648,0.524131595851369
00-0039384,Tyrone Tracy Jr.,RB,368,101,7,3,0.0208436943131672,0.030065609254694,4,NYG,15.75,4.25,0,,,NYG,NYG,False,1.0,15.75,4.25,15.289473684210527,4.106811145510836,DAL,H,22.5,DAL@NYG,2.41125,0.442162894866651,0.3026052431705885,0.261109279035415,282.9814105780465,tyronetracy,Tyrone Tracy Jr.,Dallas Cowboys @ New York Giants,0.21052631578947367,0.15378950195319668,True,0.10731977708221829,0.6978355201051325
00-0040277,Jahdae Walker,WR,0,10,0,2,0.0413793103448275,0.0747074663889308,4,CHI,0.0,2.5,0,,,CHI,CHI,False,1.0,0.0,2.5,0.0082270670505964,2.5874125874125875,CAR,A,25.0,CHI@CAR,2.7515,0.1936394692691369,0.2030357777454547,0.183750962647101,444.21483599001806,jahdaewalker,Jahdae Walker,Chicago Bears @ Carolina Panthers,0.10960960960960961,0.07925432640762442,True,0.10449663623947658,1.3184975631743403
00-0037304,Connor Heyward,RB,18,63,2,3,0.049495176150344,0.0406430300601098,4,PIT,2.5,0.25,0,,,LV,LV,True,1.0,2.5,0.25,2.8188854489164084,0.3421052631578947,MIA,H,21.75,MIA@LV,2.309175,0.1534254263360074,0.1795916621307433,0.1643886464844669,508.3145164739159,connorheyward,Connor Heyward,Miami Dolphins @ Las Vegas Raiders,0.09307359307359307,0.06667213773110343,True,0.09771650875336348,1.4656273531751096
00-0039912,Ben Sinnott,TE,0,18,0,2,0.0735694822888283,0.0697030849355042,4,WAS,0.0,2.25,0,,,WAS,WAS,False,1.0,0.0,2.25,0.0030044275774826,2.293537845245625,PHI,A,19.5,WAS@PHI,2.00295,0.1600876974113988,0.1293885898582671,0.1213675284682562,723.9436137661404,bensinnott,Ben Sinnott,Washington Commanders @ Philadelphia Eagles,0.0339080459770115,0.024806830738794267,True,0.09656069772946194,3.8925043971237763
00-0031610,Darren Waller,TE,4,512,0,24,0.0707398868161811,0.0474942755642768,4,MIA,0.25,4.75,0,,,CAR,CAR,True,1.0,0.25,4.75,0.2382985452245414,4.646479021716213,CHI,H,22.0,CHI@CAR,2.3432000000000004,0.2375383671786658,0.2579748849807851,0.2273853639053075,339.7820434988246,darrenwaller,Darren Waller,Chicago Bears @ Carolina Panthers,0.18181818181818182,0.1314654580011902,True,0.09591990590411731,0.7296205966380076
00-0036963,Amon-Ra St. Brown,WR,25,742,1,44,0.0408766476632469,0.0586664771865359,4,DET,0.0,13.75,0,,,DET,DET,False,1.0,0.0,13.75,0.0082270670505964,13.175647881530232,NO,H,28.5,NO@DET,3.22785,0.7733051407807536,0.6647005561188362,0.485572453173361,105.94248983127054,amonrastbrown,Amon-Ra St. Brown,New Orleans Saints @ Detroit Lions,0.5238095238095238,0.3898032300671271,True,0.09576922310623392,0.2456860685575688
00-0034857,Josh Allen,QB,871,2,79,2,0.0884621321679196,0.1695501730103806,4,BUF,8.5,0.0,0,,,BUF,BUF,False,1.0,8.5,0.0,8.186986084756484,0.0015022137887413,HOU,A,23.0,BUF@HOU,2.4793000000000003,0.7244929456944266,0.5378360278062597,0.4159893311875218,140.39078049076574,joshallen,Josh Allen,Buffalo Bills @ Houston Texans,0.4494949494949495,0.32053477903976785,True,0.09545455214775395,0.2977978003937949
00-0039792,Devontez Walker,WR,0,11,0,4,0.0413793103448275,0.1068811543496666,4,BAL,0.0,1.25,0,,,BAL,BAL,False,1.0,0.0,1.25,0.0082270670505964,1.4109419991772931,IND,A,25.5,BAL@IND,2.8195499999999996,0.1511435399532097,0.1916631555931567,0.1744150846791062,473.34490410610294,devontezwalker,Devontez Walker,Baltimore Ravens @ Indianapolis Colts,0.10960960960960961,0.08299259644674715,True,0.09142248823235906,1.1015740216179526
00-0035250,Devin Singletary,RB,1120,274,29,4,0.0261947509985473,0.0168957458798191,4,NYG,8.25,1.5,0,,,NYG,NYG,False,1.0,8.25,1.5,8.230650154798763,1.518575851393189,DAL,H,22.5,DAL@NYG,2.41125,0.2412573030454777,0.1651104733172476,0.1521999603684413,557.0303944752867,devinsingletary,Devin Singletary,Dallas Cowboys @ New York Giants,0.08333333333333333,0.06087501118980702,True,0.09132494917863429,1.5002042281994004
00-0040583,Woody Marks,RB,196,36,2,3,0.0153619996247188,0.0541886244889118,4,HOU,15.5,2.25,0,,,HOU,HOU,False,1.0,15.5,2.25,15.054179566563468,2.2244582043343653,BUF,H,21.5,BUF@HOU,2.27515,0.3518026311779526,0.3507192212801578,0.2958185547347101,238.04505633421115,woodymarks,Woody Marks,Buffalo Bills @ Houston Texans,0.2899159663865546,0.20673903083945366,True,0.08907952389525642,0.43087908235592187
00-0036259,Jauan Jennings,WR,0,330,0,22,0.0413793103448275,0.0643960337515626,4,SF,0.0,5.25,0,,,MIN,MIN,True,1.0,0.0,5.25,0.0082270670505964,5.175647881530234,GB,H,23.75,GB@MIN,2.5813749999999995,0.333631626025939,0.2950203177354532,0.2554835395762471,291.4146491232393,jauanjennings,Jauan Jennings,Green Bay Packers @ Minnesota Vikings,0.23255813953488372,0.16716997183944712,True,0.08831356773679996,0.5282860717450968
00-0036971,Trevor Lawrence,QB,313,0,23,0,0.0699749774855419,0.1529411764705882,4,JAX,5.25,0.0,0,,,JAX,JAX,False,1.0,5.25,0.0,5.128162555344718,0.0015022137887413,CLE,H,24.5,CLE@JAX,2.6834499999999997,0.3590728096966064,0.3337782711368562,0.2837874303784848,252.3764243773266,trevorlawrence,Trevor Lawrence,Cleveland Browns @ Jacksonville Jaguars,0.28370221327967804,0.19551543330440557,True,0.08827199707407923,0.451483525275701
00-0033526,Samaje Perine,RB,383,210,11,6,0.0291277993504919,0.0289787940535625,4,CIN,8.0,2.25,0,,,CIN,CIN,False,1.0,8.0,2.25,7.995356037151703,2.2244582043343653,TB,H,27.0,TB@CIN,3.0237,0.2973492425700621,0.3122170224352638,0.2681773109490556,272.887622916752,samajeperine,Samaje Perine,Tampa Bay Buccaneers @ Cincinnati Bengals,0.2353266888150609,0.18043718598269493,True,0.08774012496636069,0.4862640951116115
00-0039391,Kimani Vidal,RB,198,31,3,2,0.0190883962855253,0.0445973422289074,4,LAC,8.5,1.25,0,,,LAC,LAC,False,1.0,8.5,1.25,8.465944272445821,1.2832817337461302,ARI,H,28.25,ARI@LAC,3.1938250000000004,0.2188322538596013,0.2669857782007329,0.2343160392084667,326.77402852065023,kimanividal,Kimani Vidal,Arizona Cardinals @ Los Angeles Chargers,0.2062074829931973,0.1474898922962533,True,0.08682614691221338,0.5886921846672135
00-0037004,Hunter Long,TE,0,29,0,2,0.0735694822888283,0.0597244404553364,4,JAX,0.0,2.5,0,,,ARI,ARI,True,1.0,0.0,2.5,0.0030044275774826,2.528831962892684,LAC,A,18.75,ARI@LAC,1.900875,0.1512541081707853,0.1204555085345819,0.1134834711125466,781.1855948680449,hunterlong,Hunter Long,Arizona Cardinals @ Los Angeles Chargers,0.04096989966555184,0.029303718765918352,True,0.08417975234662825,2.872664490779013
00-0039901,Keon Coleman,WR,1,116,0,8,0.0404515272005102,0.0630659682953675,4,BUF,0.0,4.5,0,,,BUF,BUF,False,1.0,0.0,4.5,0.0082270670505964,4.469765528589058,HOU,A,23.0,BUF@HOU,2.4793000000000003,0.2822228885403018,0.2095115462898459,0.1890197244342877,429.0453168275821,keoncoleman,Keon Coleman,Buffalo Bills @ Houston Texans,0.14835164835164835,0.10578953751985423,True,0.08323018691443346,0.7867525358905467
00-0037614,John Metchie III,WR,4,115,0,3,0.037902071713406,0.0329334231661506,4,NYJ,0.25,4.25,0,,,CAR,CAR,True,1.0,0.25,4.25,0.2435211846976553,4.234471410942,CHI,H,22.0,CHI@CAR,2.3432000000000004,0.148685596267664,0.1614777016910263,0.1491144954382793,570.6256136003319,johnmetchie,John Metchie III,Chicago Bears @ Carolina Panthers,0.09523809523809523,0.06886285895300438,True,0.0802516364852749,1.165383454962897
00-0033375,Tim Patrick,WR,3,304,0,18,0.0387154174659225,0.0578046631004791,4,JAX,0.0,2.25,0,,,NYJ,NYJ,True,1.0,0.0,2.25,0.0082270670505964,2.3521184697655286,TEN,A,18.75,NYJ@TEN,1.900875,0.136281930052595,0.1238899819088171,0.1165229660069635,758.1999190959822,timpatrick,Tim Patrick,New York Jets @ Tennessee Titans,0.05507246376811594,0.0377504225227204,True,0.0787725434842431,2.086666538283994
00-0037666,Jalen Tolbert,WR,0,152,0,10,0.0413793103448275,0.0617197520948796,4,DAL,0.0,2.5,0,,,MIA,MIA,True,1.0,0.0,2.5,0.0082270670505964,2.5874125874125875,LV,A,18.75,MIA@LV,1.900875,0.1600348938229903,0.1650170486277334,0.1521207512129808,557.372509684706,jalentolbert,Jalen Tolbert,Miami Dolphins @ Las Vegas Raiders,0.10818713450292397,0.0774985395332165,True,0.0746222116797643,0.9628853927986682
00-0034351,Dallas Goedert,TE,1,558,0,35,0.0728410715730973,0.062044816854213,4,PHI,0.0,6.5,0,,,PHI,PHI,False,1.0,0.0,6.5,0.0030044275774826,6.293537845245625,WAS,H,25.0,WAS@PHI,2.7515,0.3907002486975311,0.3715701468189397,0.310349372665338,222.21750326472852,dallasgoedert,Dallas Goedert,Washington Commanders @ Philadelphia Eagles,0.3225806451612903,0.23599718690815755,True,0.07435218575718047,0.315055389986983
00-0033217,Mo Alie-Cox,TE,0,200,0,16,0.0735694822888283,0.0750051018912076,4,IND,0.0,2.75,0,,,IND,IND,False,1.0,0.0,2.75,0.0030044275774826,2.764126080539743,BAL,H,22.5,BAL@IND,2.41125,0.2075445924924774,0.1709261873434182,0.1571162133329853,536.4715510808826,moaliecox,Mo Alie-Cox,Baltimore Ravens @ Indianapolis Colts,0.1111111111111111,0.08412948132957931,True,0.072986732003406,0.8675523829450307
00-0039919,Rome Odunze,WR,3,191,0,9,0.0387154174659225,0.0475141903772623,4,CHI,0.0,7.75,0,,,CHI,CHI,False,1.0,0.0,7.75,0.0082270670505964,7.528589058000823,CAR,A,25.0,CHI@CAR,2.7515,0.3580333281094096,0.3754068088797109,0.3129902597273392,219.49876039949228,romeodunze,Rome Odunze,Chicago Bears @ Carolina Panthers,0.3333333333333333,0.24102000633551535,True,0.07197025339182384,0.29860696830136413
00-0037291,Jalen Nailor,WR,5,114,0,11,0.037122196844331,0.0822634662819734,4,MIN,0.25,2.75,0,,,LV,LV,True,1.0,0.25,2.75,0.2435211846976553,2.8227067050596464,MIA,H,21.75,MIA@LV,2.309175,0.2412456792096856,0.2823893897237256,0.2460199647128351,306.47107691737216,jalennailor,Jalen Nailor,Miami Dolphins @ Las Vegas Raiders,0.24404761904761904,0.174820547190277,True,0.0711994175225581,0.4072714487334472
00-0039798,Isaiah Davis,RB,73,40,2,1,0.0293470105429538,0.0281129795804979,4,NYJ,4.25,1.5,0,,,NYJ,NYJ,False,1.0,4.25,1.5,4.46594427244582,1.518575851393189,TEN,A,18.75,NYJ@TEN,1.900875,0.1737538055493657,0.1579545858925789,0.1461114403252776,584.4091042931136,isaiahdavis,Isaiah Davis,New York Jets @ Tennessee Titans,0.1111111111111111,0.07616313315987448,True,0.06994830716540311,0.9184011248404684
00-0031588,Stefon Diggs,WR,21,1053,1,59,0.0434077017476046,0.0557211560315096,4,NE,0.0,5.75,0,,,WAS,WAS,True,1.0,0.0,5.75,0.0082270670505964,5.646236116824352,PHI,A,19.5,WAS@PHI,2.00295,0.3149719217291046,0.2545715470736448,0.2247514156610767,344.93601833769617,stefondiggs,Stefon Diggs,Washington Commanders @ Philadelphia Eagles,0.2152777777777778,0.15749534487412462,True,0.06725607078695209,0.4270352932698127
00-0034959,Andrew Beck,RB,9,47,1,5,0.0416968747990586,0.0694466152045594,4,NYJ,0.25,1.0,0,,,NYJ,NYJ,False,1.0,0.25,1.0,0.7012383900928794,1.047987616099071,TEN,A,18.75,NYJ@TEN,1.900875,0.1020186420703719,0.092742212526508,0.0885715751545538,1029.030389552224,andrewbeck,Andrew Beck,New York Jets @ Tennessee Titans,0.03225806451612903,0.02211187736899582,True,0.06645969778555798,3.0056108161464605
00-0039451,Isaiah Williams,WR,3,39,0,0,0.0387154174659225,0.0272747654978348,4,NYJ,0.25,5.75,0,,,NYJ,NYJ,False,1.0,0.25,5.75,0.2435211846976553,5.646236116824352,TEN,A,18.75,NYJ@TEN,1.900875,0.1634277903591558,0.1485675025528319,0.1380581780666783,624.3323170011902,isaiahwilliams,Isaiah Williams,New York Jets @ Tennessee Titans,0.10668563300142248,0.07312960865279557,True,0.06492856941388274,0.8878561038409261
00-0040187,Mitchell Evans,TE,1,25,0,2,0.0728410715730973,0.0630043143489396,4,CAR,0.25,1.75,0,,,CAR,CAR,False,1.0,0.25,1.75,0.2382985452245414,1.8229496099515077,CHI,H,22.0,CHI@CAR,2.3432000000000004,0.1322116116561274,0.1435863844448325,0.1337540332218585,647.6410063398199,mitchellevans,Mitchell Evans,Chicago Bears @ Carolina Panthers,0.09523809523809523,0.06886285895300438,True,0.06489117426885412,0.9423247198194202
00-0035406,Lil'Jordan Humphrey,WR,0,117,0,8,0.0413793103448275,0.0626856876442672,4,DEN,0.0,3.5,0,,,DEN,DEN,False,1.0,0.0,3.5,0.0082270670505964,3.5285890580008226,KC,A,20.5,DEN@KC,2.13905,0.2215324618755331,0.1221570080564829,0.1149905960128507,769.6363308598252,liljordanhumphrey,Lil'Jordan Humphrey,Denver Broncos @ Kansas City Chiefs,0.07142857142857142,0.050256847204105976,True,0.06473374880874472,1.2880582927505246
00-0037240,Jameson Williams,WR,21,244,2,17,0.0588875308740608,0.0662334118930433,4,DET,0.0,7.5,0,,,DET,DET,False,1.0,0.0,7.5,0.0082270670505964,7.293294940353764,NO,H,28.5,NO@DET,3.22785,0.4835442795068451,0.4156343137351627,0.3400784493877851,194.04979992122895,jamesonwilliams,Jameson Williams,New Orleans Saints @ Detroit Lions,0.37037037037037035,0.27561844550200904,True,0.06446000388577605,0.23387405646370718
00-0040189,Oronde Gadsden II,TE,0,69,0,3,0.0735694822888283,0.0478363239690425,4,LAC,0.0,3.5,0,,,LAC,LAC,False,1.0,0.0,3.5,0.0030044275774826,3.470008433480919,ARI,H,28.25,ARI@LAC,3.1938250000000004,0.1662134817807529,0.202788368707105,0.1835489902738505,444.8136753615615,orondegadsden,Oronde Gadsden II,Arizona Cardinals @ Los Angeles Chargers,0.16666666666666666,0.11920832531985832,True,0.06434066495399217,0.5397329824184183
00-0040184,KeAndre Lambert-Smith,WR,0,12,0,1,0.0413793103448275,0.0558152285678817,4,LAC,0.0,2.0,0,,,LAC,LAC,False,1.0,0.0,2.0,0.0082270670505964,2.1168243521184698,ARI,H,28.25,ARI@LAC,3.1938250000000004,0.118491465412265,0.144565234535927,0.1346015433050186,642.933532146741,keandrelambertsmith,KeAndre Lambert-Smith,Arizona Cardinals @ Los Angeles Chargers,0.1,0.071524995191915,True,0.0630765481131036,0.8818811933346848
00-0038738,Hunter Luepke,RB,34,35,1,1,0.0308508313160107,0.0298697673713674,4,DAL,3.25,1.5,0,,,DAL,DAL,False,1.0,3.25,1.5,3.524767801857585,1.518575851393189,NYG,A,25.5,DAL@NYG,2.8195499999999996,0.1541015243001051,0.1675688522044962,0.1542816142910582,548.1653725203194,hunterluepke,Hunter Luepke,Dallas Cowboys @ New York Giants,0.125,0.09131251678471053,True,0.06296909750634766,0.6895998459314319
00-0035689,Dawson Knox,TE,1,348,0,27,0.0728410715730973,0.0747505654109489,4,BUF,0.0,3.25,0,,,BUF,BUF,False,1.0,0.0,3.25,0.0030044275774826,3.2347143158338603,HOU,A,23.0,BUF@HOU,2.4793000000000003,0.2420155697756796,0.179663160958258,0.1644483895806952,508.0935195229125,dawsonknox,Dawson Knox,Buffalo Bills @ Houston Texans,0.14285714285714285,0.10187140650060036,True,0.06257698308009482,0.6142742623242965
00-0040122,Ashton Jeanty,RB,266,73,5,5,0.0212278841099462,0.0541464331266725,4,LV,18.75,3.75,0,,,LV,LV,False,1.0,18.75,3.75,18.11300309597523,3.6362229102167185,MIA,H,21.75,MIA@LV,2.309175,0.5813892312461838,0.6805433810934935,0.4936582189506198,102.56930029965312,ashtonjeanty,Ashton Jeanty,Miami Dolphins @ Las Vegas Raiders,0.6023086654016445,0.4314564955555474,True,0.062201723395072406,0.144166848884685
00-0037755,Jelani Woods,TE,0,43,0,3,0.0735694822888283,0.0615282974826796,2,NYJ,0.0,1.5,0,,,NYJ,NYJ,False,1.0,0.0,1.5,0.0056750298685782,1.6655714854639585,TEN,A,18.75,NYJ@TEN,1.900875,0.1028972868457,0.0935409632139811,0.0892992885659975,1019.8297501115472,jelaniwoods,Jelani Woods,New York Jets @ Tennessee Titans,0.04224137931034483,0.028955122175435045,True,0.06034416639056246,2.084058427553701
00-0034844,Saquon Barkley,RB,1826,489,55,16,0.0301704211826764,0.0325646963180099,4,PHI,20.5,1.75,0,,,PHI,PHI,False,1.0,20.5,1.75,19.760061919504643,1.7538699690402475,WAS,H,25.0,WAS@PHI,2.7515,0.6532836336302948,0.6212964964103258,0.4627525535167536,116.09821326762182,saquonbarkley,Saquon Barkley,Washington Commanders @ Philadelphia Eagles,0.5505050505050505,0.4027446942235679,True,0.060007859293185695,0.1489972683783507
00-0035537,Ty Johnson,RB,329,196,8,9,0.0254789641596622,0.043109612173689,4,BUF,6.25,2.25,0,,,BUF,BUF,False,1.0,6.25,2.25,6.348297213622291,2.2244582043343653,HOU,A,23.0,BUF@HOU,2.4793000000000003,0.2576435676662016,0.1912647926345284,0.1740861367136479,474.4282795159544,tyjohnson,Ty Johnson,Buffalo Bills @ Houston Texans,0.16,0.11409597528067242,True,0.059990161432975475,0.525786832404926
00-0038128,Malik Willis,QB,74,0,4,0,0.0510190843350507,0.1529411764705882,4,GB,5.5,0.0,0,,,MIA,MIA,True,1.0,5.5,0.0,5.363456672991777,0.0015022137887413,LV,A,18.75,MIA@LV,1.900875,0.2738683986709186,0.2823943815094788,0.2460237284102396,306.46485867920836,malikwillis,Malik Willis,Miami Dolphins @ Las Vegas Raiders,0.26013513513513514,0.1863446439068411,True,0.05967908450339848,0.3202618720462591
00-0033873,Patrick Mahomes,QB,489,5,19,0,0.0394823644905708,0.1456582633053221,4,KC,4.0,0.25,0,,,KC,KC,False,1.0,4.0,0.25,3.951691967109424,0.2367963314358001,DEN,H,23.0,DEN@KC,2.4793000000000003,0.1905134849938853,0.1720323387695073,0.1580480549616466,532.7189538920103,patrickmahomes,Patrick Mahomes,Denver Broncos @ Kansas City Chiefs,0.14039408866995073,0.09878069967703589,True,0.059267355284610704,0.5999892233845852
00-0040162,Dylan Sampson,RB,65,40,0,2,0.0154597250048814,0.039875962325074,4,CLE,6.75,3.0,0,,,CLE,CLE,False,1.0,6.75,3.0,6.818885448916409,2.930340557275542,JAX,A,15.5,CLE@JAX,1.45855,0.2222682435415915,0.1594203467125883,0.1473621198982259,578.6004440562062,dylansampson,Dylan Sampson,Cleveland Browns @ Jacksonville Jaguars,0.12916666666666665,0.08901614305322035,True,0.058345976845005545,0.6554538855960323
00-0039603,British Brooks,RB,18,0,0,0,0.0245297519389375,0.0308793070984748,4,HOU,3.25,0.0,0,,,HOU,HOU,False,1.0,3.25,0.0,3.524767801857585,0.1068111455108359,BUF,H,21.5,BUF@HOU,2.27515,0.0897599339856896,0.0894835096719206,0.0855966561888856,1068.2699354438628,britishbrooks,British Brooks,Buffalo Bills @ Houston Texans,0.038461538461538464,0.027426917134777025,True,0.05816973905410857,2.120899653732865
00-0039739,Roman Wilson,WR,0,21,0,2,0.0413793103448275,0.0629409262289554,4,PIT,0.0,2.25,0,,,PIT,PIT,False,1.0,0.0,2.25,0.0082270670505964,2.3521184697655286,ATL,H,23.5,ATL@PIT,2.54735,0.14838494544799,0.1892633386923867,0.1724314528216681,479.9405987921581,romanwilson,Roman Wilson,Atlanta Falcons @ Pittsburgh Steelers,0.16145833333333331,0.11440315394847783,True,0.058028298873190276,0.5072263907979642
00-0037801,KaVontae Turpin,WR,47,110,1,7,0.0309507723839033,0.0591525845532382,4,DAL,1.0,2.0,0,,,DAL,DAL,False,1.0,1.0,2.0,0.9494035376388318,2.1168243521184698,NYG,A,25.5,DAL@NYG,2.8195499999999996,0.1546004042669736,0.1681113305726736,0.1547402738031954,546.2441712309738,kavontaeturpin,KaVontae Turpin,Dallas Cowboys @ New York Giants,0.13333333333333333,0.09740001790369122,True,0.057340255899504186,0.5887088845938613
00-0039868,Troy Franklin,WR,7,157,0,8,0.0356549220283781,0.0505042831812106,4,DEN,0.25,4.0,0,,,DEN,DEN,False,1.0,0.25,4.0,0.2435211846976553,3.99917729329494,KC,A,20.5,DEN@KC,2.13905,0.2106583113650884,0.1161608046998022,0.1096679577910866,811.8433680555653,troyfranklin,Troy Franklin,Denver Broncos @ Kansas City Chiefs,0.07846153846153847,0.055205213698048726,True,0.05446274409303787,0.9865507339746591
00-0039920,Malachi Corley,WR,15,20,0,0,0.030787372185228,0.0348025994339808,4,CLE,1.5,2.0,0,,,CLE,CLE,False,1.0,1.5,2.0,1.4199917729329494,2.1168243521184698,JAX,A,15.5,CLE@JAX,1.45855,0.1173888052121236,0.0841963014099735,0.0807492118431856,1138.4021802491309,malachicorley,Malachi Corley,Cleveland Browns @ Jacksonville Jaguars,0.038980509745127435,0.026863700374913917,True,0.05388551146827169,2.00588566415785
00-0036590,Quintin Morris,TE,0,31,0,4,0.0735694822888283,0.0835779556459967,4,JAX,0.0,1.0,0,,,JAX,JAX,False,1.0,0.0,1.0,0.0030044275774826,1.117067257010331,CLE,H,24.5,CLE@JAX,2.6834499999999997,0.0935832318414544,0.0869908511252431,0.0833145177645433,1100.2710053800204,quintinmorris,Quintin Morris,Cleveland Browns @ Jacksonville Jaguars,0.04304029304029304,0.029661529411565808,True,0.053652988352977486,1.8088409268625503
00-0038563,Tre Tucker,WR,30,207,1,10,0.0380997088962671,0.0484513870594315,4,LV,1.25,5.0,0,,,LV,LV,False,1.0,1.25,5.0,1.1846976552858903,4.940353763883175,MIA,H,21.75,MIA@LV,2.309175,0.284503628220906,0.3330248492353591,0.2832476168142586,253.0479836855102,tretucker,Tre Tucker,Miami Dolphins @ Las Vegas Raiders,0.3225806451612903,0.23107672641987836,True,0.05217089039438022,0.22577302008157685
00-0039875,Ray Davis,RB,171,32,3,5,0.0212993050426009,0.08297298928898,4,BUF,6.25,1.5,0,,,BUF,BUF,False,1.0,6.25,1.5,6.348297213622291,1.518575851393189,HOU,A,23.0,BUF@HOU,2.4793000000000003,0.2612150967061858,0.193916160054288,0.1762730374025611,467.3017352712109,raydavis,Ray Davis,Buffalo Bills @ Houston Texans,0.17424242424242425,0.12425224580755045,True,0.052020791595010635,0.41867083574154185
00-0029604,Kirk Cousins,QB,218,2,7,0,0.0345583171741395,0.1499423298731257,4,ATL,2.25,0.0,0,,,LV,LV,True,1.0,2.25,0.0,2.3046331435800127,0.0015022137887413,MIA,H,21.75,MIA@LV,2.309175,0.0798694885813238,0.0934909848413176,0.0892537720890462,1020.4008263116598,kirkcousins,Kirk Cousins,Miami Dolphins @ Las Vegas Raiders,0.05263157894736842,0.037701992205348575,True,0.05155177988369762,1.367348961373565
00-0039796,Rasheen Ali,RB,17,13,0,1,0.024839820264051,0.0411972473389423,4,BAL,0.25,1.75,0,,,BAL,BAL,False,1.0,0.25,1.75,0.7012383900928794,1.7538699690402475,IND,A,25.5,BAL@IND,2.8195499999999996,0.0896732504870538,0.1137134816742084,0.1074863592344449,830.3506111122808,rasheenali,Rasheen Ali,Baltimore Ravens @ Indianapolis Colts,0.07417582417582418,0.05616336253595542,True,0.05132299669848948,0.9138163097986312
00-0039893,Brian Thomas Jr.,WR,9,224,1,12,0.0533105625309831,0.0527627925268942,4,JAX,0.25,5.5,0,,,JAX,JAX,False,1.0,0.25,5.5,0.2435211846976553,5.410941999177293,CLE,H,24.5,CLE@JAX,2.6834499999999997,0.2984786614220931,0.277452619330566,0.242288535371084,312.7310433687755,brianthomas,Brian Thomas Jr,Cleveland Browns @ Jacksonville Jaguars,0.2777777777777778,0.19143256570585024,True,0.05085596966523376,0.26565997001459807
00-0040078,Brashard Smith,RB,44,35,0,1,0.0185193027112288,0.0298697673713674,4,KC,3.5,2.25,0,,,KC,KC,False,1.0,3.5,2.25,3.760061919504644,2.2244582043343653,DEN,H,23.0,DEN@KC,2.4793000000000003,0.1360777739910679,0.1228772740941839,0.1156278087207046,764.8438563905233,brashardsmith,Brashard Smith,Denver Broncos @ Kansas City Chiefs,0.09307359307359307,0.06548619484171385,True,0.05014161387899076,0.7656822021830347
00-0038783,Nate Adkins,TE,0,31,0,4,0.0735694822888283,0.0835779556459967,4,DEN,0.0,1.75,0,,,DEN,DEN,False,1.0,0.0,1.75,0.0030044275774826,1.8229496099515077,KC,A,20.5,DEN@KC,2.13905,0.1525794358268639,0.084135061804296,0.0806929155636367,1139.2661648362066,nateadkins,Nate Adkins,Denver Broncos @ Kansas City Chiefs,0.043478260869565216,0.030591124385107988,True,0.05010179117852871,1.6377884822997442
00-0039732,Bo Nix,QB,175,2,9,1,0.0503273148597731,0.1597462514417532,4,DEN,7.0,0.0,0,,,DEN,DEN,False,1.0,7.0,0.0,6.77522137887413,0.0015022137887413,KC,A,20.5,DEN@KC,2.13905,0.3412186726008801,0.1881541503445534,0.1715130141655396,483.04613493342697,bonix,Bo Nix,Denver Broncos @ Kansas City Chiefs,0.17261904761904762,0.12145404740992279,True,0.050058966755616816,0.4121638415775595
00-0035261,Tony Pollard,RB,1264,326,33,5,0.0263666490457832,0.0172230157969348,4,TEN,16.75,1.75,0,,,TEN,TEN,False,1.0,16.75,1.75,16.230650154798763,1.7538699690402475,NYJ,H,19.75,NYJ@TEN,2.036975,0.458154786599016,0.408080368955576,0.3350745626880212,198.44103711658724,tonypollard,Tony Pollard,New York Jets @ Tennessee Titans,0.4166666666666667,0.2856117493495294,True,0.04946281333849184,0.173181997768445
00-0040024,Darius Cooper,WR,0,11,0,0,0.0413793103448275,0.0400368958298646,4,PHI,0.0,2.25,0,,,PHI,PHI,False,1.0,0.0,2.25,0.0082270670505964,2.3521184697655286,WAS,H,25.0,WAS@PHI,2.7515,0.0945119525142174,0.0898843043712511,0.0859630707687196,1063.290225741774,dariuscooper,Darius Cooper,Washington Commanders @ Philadelphia Eagles,0.05,0.03657956397076442,True,0.04938350679795518,1.3500299467053267
00-0038597,Chase Brown,RB,505,168,13,10,0.0263883143461819,0.0534708334327371,4,CIN,15.0,5.0,0,,,CIN,CIN,False,1.0,15.0,5.0,14.58359133126935,4.812693498452012,TB,H,27.0,TB@CIN,3.0237,0.6421751247643346,0.6742845672077769,0.4904791818573472,103.8822516815492,chasebrown,Chase Brown,Tampa Bay Buccaneers @ Cincinnati Bengals,0.5753696357735305,0.4411657619525372,True,0.049313419904809974,0.111779798338284
00-0035208,Olamide Zaccheaus,WR,9,300,0,15,0.034299226629966,0.0498675668700291,4,CHI,0.0,3.5,0,,,ATL,ATL,True,1.0,0.0,3.5,0.0082270670505964,3.5285890580008226,PIT,A,17.5,ATL@PIT,1.7307499999999998,0.1762443328439775,0.1334116065674677,0.1248951809222703,700.6714051059816,olamidezaccheaus,Olamide Zaccheaus,Atlanta Falcons @ Pittsburgh Steelers,0.10668563300142248,0.07559332890644156,True,0.049301852015828734,0.6521984509618224
00-0038117,Wan'Dale Robinson,WR,17,389,1,9,0.0462728873021018,0.0260273527767399,4,NYG,0.25,9.5,0,,,TEN,TEN,True,1.0,0.25,9.5,0.2435211846976553,9.175647881530232,NYJ,H,19.75,NYJ@TEN,2.036975,0.2500862527029225,0.2227528626980086,0.1996873880440491,400.78275338020313,wandalerobinson,Wan'Dale Robinson,New York Jets @ Tennessee Titans,0.21980676328502413,0.15067054603366473,True,0.049016842010384365,0.3253246457302439
00-0040242,Jacory Croskey-Merritt,RB,175,13,8,0,0.0420271793855961,0.0239595686295611,4,WAS,12.5,0.0,0,,,WAS,WAS,False,1.0,12.5,0.0,12.230650154798765,0.1068111455108359,PHI,A,19.5,WAS@PHI,2.00295,0.5165788770294656,0.4175174827934685,0.3413200238186125,192.98017409357428,jacorycroskeymerritt,Jacory Croskey-Merritt,Washington Commanders @ Philadelphia Eagles,0.4001600640256102,0.2927536132113999,True,0.04856641060721256,0.16589517059911518
00-0035125,Alec Ingold,RB,35,97,2,4,0.0408306606555193,0.0379540896325205,4,MIA,0.25,1.0,0,,,LAC,LAC,True,1.0,0.25,1.0,0.7012383900928794,1.047987616099071,ARI,H,28.25,ARI@LAC,3.1938250000000004,0.0684074426597007,0.0834603400143195,0.080072429737974,1148.8693090397808,alecingold,Alec Ingold,Arizona Cardinals @ Los Angeles Chargers,0.04423076923076923,0.031636055565654714,True,0.04843637417231929,1.531049724950655
00-0040691,Jaxson Dart,QB,86,0,9,0,0.0842428681182109,0.1529411764705882,4,NYG,6.25,0.0,0,,,NYG,NYG,False,1.0,6.25,0.0,6.069339025932954,0.0015022137887413,DAL,H,22.5,DAL@NYG,2.41125,0.5115282774705412,0.3500771787720627,0.2953662951440328,238.5626648810281,jaxsondart,Jaxson Dart,Dallas Cowboys @ New York Giants,0.3389830508474576,0.24762716416192684,True,0.04773913098210594,0.19278632513389637
00-0030279,Keenan Allen,WR,16,1071,0,48,0.0302708072390503,0.0450026833358637,4,LAC,0.0,7.0,0,,,IND,IND,True,1.0,0.0,7.0,0.0082270670505964,6.822706705059646,BAL,H,22.5,BAL@IND,2.41125,0.3072891493021051,0.253072181122305,0.2235881624767114,347.2508691528597,keenanallen,Keenan Allen,Baltimore Ravens @ Indianapolis Colts,0.23255813953488372,0.1760849609223753,True,0.0475032015543361,0.26977432544780044
00-0039041,Elijah Higgins,TE,0,80,0,3,0.0735694822888283,0.0437201637652476,4,ARI,0.0,3.5,0,,,ARI,ARI,False,1.0,0.0,3.5,0.0030044275774826,3.470008433480919,LAC,A,18.75,ARI@LAC,1.900875,0.1519303711600257,0.1209940697892625,0.1139607860234437,777.494825100875,elijahhiggins,Elijah Higgins,Arizona Cardinals @ Los Angeles Chargers,0.09307359307359307,0.06657088297082997,True,0.04738990305261373,0.7118713307945612
00-0035228,Kyler Murray,QB,532,0,32,0,0.0590341726193352,0.1529411764705882,4,ARI,5.5,0.0,0,,,MIN,MIN,True,1.0,5.5,0.0,5.363456672991777,0.0015022137887413,GB,H,23.75,GB@MIN,2.5813749999999995,0.3168569774138826,0.2801870052513283,0.244357580858376,309.23633164447506,kylermurray,Kyler Murray,Green Bay Packers @ Minnesota Vikings,0.27402402402402404,0.19697693003154074,True,0.04738065082683526,0.24053908657855771
00-0039163,C.J. Stroud,QB,139,2,4,0,0.0330999658728197,0.1499423298731257,4,HOU,4.0,0.0,0,,,HOU,HOU,False,1.0,4.0,0.0,3.951691967109424,0.0015022137887413,BUF,H,21.5,BUF@HOU,2.27515,0.131026114686669,0.1306226072170239,0.1224511074749358,716.6524751151698,cjstroud,C.J. Stroud,Buffalo Bills @ Houston Texans,0.10555555555555556,0.07527165035877693,True,0.04717945711615887,0.626789194753687
00-0034837,Calvin Ridley,WR,30,672,1,40,0.0380997088962671,0.0588144341748698,4,TEN,0.0,3.75,0,,,TEN,TEN,False,1.0,0.0,3.75,0.0082270670505964,3.7638831756478814,NYJ,H,19.75,NYJ@TEN,2.036975,0.2216841081357401,0.1974549547133661,0.1791828862628514,458.08901221350754,calvinridley,Calvin Ridley,New York Jets @ Tennessee Titans,0.1925925925925926,0.1320160974771158,True,0.0471667887857356,0.3572805868913955
00-0036410,Tee Higgins,WR,5,610,0,45,0.037122196844331,0.0719382383608164,4,CIN,0.0,7.0,0,,,CIN,CIN,False,1.0,0.0,7.0,0.0082270670505964,6.822706705059646,TB,H,27.0,TB@CIN,3.0237,0.4911189080170253,0.5156753782098656,0.4029028080237384,148.19881621204323,teehiggins,Tee Higgins,Tampa Bay Buccaneers @ Cincinnati Bengals,0.4640396210163652,0.355803261509667,True,0.04709954651407139,0.1323752523072128
00-0040208,Tahj Brooks,RB,16,2,0,0,0.0251578277817463,0.0295656420537023,4,CIN,2.25,0.5,0,,,CIN,CIN,False,1.0,2.25,0.5,2.58359133126935,0.5773993808049536,TB,H,27.0,TB@CIN,3.0237,0.0820687291853956,0.0861722533403557,0.0825638138389823,1111.1843597126224,tahjbrooks,Tahj Brooks,Tampa Bay Buccaneers @ Cincinnati Bengals,0.04673913043478261,0.03583731710752972,True,0.04672649673145258,1.3038503019422443
00-0038454,Keaton Mitchell,RB,121,24,3,0,0.0271152660716834,0.0201406164083457,4,BAL,7.0,0.75,0,,,LAC,LAC,True,1.0,7.0,0.75,7.054179566563468,0.8126934984520124,ARI,H,28.25,ARI@LAC,3.1938250000000004,0.2076441038746794,0.2533357020457463,0.223792736285183,346.84202740417913,keatonmitchell,Keaton Mitchell,Arizona Cardinals @ Los Angeles Chargers,0.2480974124809741,0.17745166234828225,True,0.04634107393690076,0.2611475898487088
00-0037741,Jahan Dotson,WR,3,213,0,12,0.0387154174659225,0.0549793729028267,4,PHI,0.0,3.75,0,,,ATL,ATL,True,1.0,0.0,3.75,0.0082270670505964,3.7638831756478814,PIT,A,17.5,ATL@PIT,1.7307499999999998,0.2072544510120045,0.1568853240929323,0.1451979215989607,588.7150924666939,jahandotson,Jahan Dotson,Atlanta Falcons @ Pittsburgh Steelers,0.14039408866995073,0.0994778417934325,True,0.045720079805528197,0.4596006405171793
00-0037005,Tommy Tremble,TE,3,168,1,11,0.0811354196978916,0.06295975789968,4,CAR,0.0,2.5,0,,,CAR,CAR,False,1.0,0.0,2.5,0.0030044275774826,2.528831962892684,CHI,H,22.0,CHI@CAR,2.3432000000000004,0.1594584136451471,0.1731773540751183,0.1590115511111187,528.8851300502004,tommytremble,Tommy Tremble,Chicago Bears @ Carolina Panthers,0.15692307692307694,0.1134648029825657,True,0.045546748128553,0.40141741695485456
00-0039424,Devaughn Vele,WR,0,94,0,5,0.0413793103448275,0.0517768194953084,4,NO,0.0,6.5,0,,,NO,NO,False,1.0,0.0,6.5,0.0082270670505964,6.352118469765529,DET,A,21.5,NO@DET,2.27515,0.3292329217825793,0.2549804805751564,0.2250683759669514,344.3094218384719,devaughnvele,Devaughn Vele,New Orleans Saints @ Detroit Lions,0.24127906976744184,0.1795525977819774,True,0.04551577818497399,0.25349551466942155
00-0035249,Josh Oliver,TE,0,121,0,11,0.0735694822888283,0.0804861303227689,4,MIN,0.0,2.0,0,,,MIN,MIN,False,1.0,0.0,2.0,0.0030044275774826,2.0582437275985663,GB,H,23.75,GB@MIN,2.5813749999999995,0.1658811070769695,0.1466836267864829,0.136432856284864,632.9612728418272,josholiver,Josh Oliver,Green Bay Packers @ Minnesota Vikings,0.12701612903225806,0.0913031156679561,True,0.045129740616907915,0.4942847819238958
00-0036139,Rico Dowdle,RB,567,121,10,6,0.0190190631415815,0.0445144520572497,4,CAR,11.0,3.5,0,,,PIT,PIT,True,1.0,11.0,3.5,10.81888544891641,3.4009287925696596,ATL,H,23.5,ATL@PIT,2.54735,0.3571555471614414,0.4555479067246322,0.3658995551460258,173.2990477676074,ricodowdle,Rico Dowdle,Atlanta Falcons @ Pittsburgh Steelers,0.45454545454545453,0.3220733952801722,True,0.04382615986585359,0.1360750701799791
00-0039361,Bucky Irving,RB,380,87,9,3,0.024801696888616,0.03325408522648,4,TB,17.5,2.75,0,,,TB,TB,False,1.0,17.5,2.75,16.93653250773994,2.695046439628483,CIN,A,23.5,TB@CIN,2.54735,0.5096760495938855,0.5252307716775609,0.4085811341063934,144.74943078003272,buckyirving,Bucky Irving,Tampa Bay Buccaneers @ Cincinnati Bengals,0.47619047619047616,0.36511995281204146,True,0.04346118129435195,0.11903261095326978
00-0038551,Kendre Miller,RB,127,24,3,0,0.0262549682987382,0.0201406164083457,4,NO,7.5,0.5,0,,,NO,NO,False,1.0,7.5,0.5,7.524767801857585,0.5773993808049536,DET,A,21.5,NO@DET,2.27515,0.2091917195363457,0.162012367690694,0.1495693133884968,568.5863412387024,kendremiller,Kendre Miller,New Orleans Saints @ Detroit Lions,0.14285714285714285,0.1063099718364892,True,0.0432593415520076,0.40691706342038114
00-0036842,Kene Nwangwu,RB,40,8,0,0,0.0192447618587691,0.0262193743878553,4,NYJ,3.25,0.25,0,,,NYJ,NYJ,False,1.0,3.25,0.25,3.524767801857585,0.3421052631578947,TEN,A,18.75,NYJ@TEN,1.900875,0.076803102928999,0.0698194913202547,0.0674378597254311,1382.846585095427,kenenwangwu,Kene Nwangwu,New York Jets @ Tennessee Titans,0.035897435897435895,0.024606550713190217,True,0.04283130901224089,1.7406466071362607
00-0036158,J.K. Dobbins,RB,582,87,25,1,0.0418640676808558,0.0181039991750261,4,DEN,15.5,1.25,0,,,DEN,DEN,False,1.0,15.5,1.25,15.054179566563468,1.2832817337461302,KC,A,20.5,DEN@KC,2.13905,0.6534617237034364,0.3603306186878071,0.3025543006335586,230.51918214547516,jkdobbins,J.K. Dobbins,Denver Broncos @ Kansas City Chiefs,0.3704974271012007,0.2606804561667521,True,0.041873844466806476,0.1606328494377829
00-0034383,Dalton Schultz,TE,0,580,0,27,0.0735694822888283,0.0471285587278823,4,HOU,0.0,5.5,0,,,HOU,HOU,False,1.0,0.0,5.5,0.0030044275774826,5.35236137465739,BUF,H,21.5,BUF@HOU,2.27515,0.2524701115598397,0.2516926056701156,0.2225163045804532,349.40527027242575,daltonschultz,Dalton Schultz,Buffalo Bills @ Houston Texans,0.25478740668614086,0.18168886034430348,True,0.04082744423614973,0.2247107729047395
00-0039491,Jalen Coker,WR,0,89,0,5,0.0413793103448275,0.0536549607145672,4,CAR,0.0,4.5,0,,,CAR,CAR,False,1.0,0.0,4.5,0.0082270670505964,4.469765528589058,CHI,H,22.0,CHI@CAR,2.3432000000000004,0.2401655242004871,0.2608280683994496,0.2295866333679505,335.5654270156638,jalencoker,Jalen Coker,Chicago Bears @ Carolina Panthers,0.2631578947368421,0.1902789523701437,True,0.03930768099780679,0.20657923805121015
00-0039648,David Martin-Robinson,TE,0,8,0,1,0.0735694822888283,0.0642771751407563,4,TEN,0.0,1.0,0,,,TEN,TEN,False,1.0,0.0,1.0,0.0030044275774826,1.117067257010331,NYJ,H,19.75,NYJ@TEN,2.036975,0.072022961904307,0.0641511509360407,0.0621367700883852,1509.3530426148145,davidmartinrobinson,David Martin-Robinson,New York Jets @ Tennessee Titans,0.03393665158371041,0.023262495422133614,True,0.03887427466625159,1.6711136944174871
00-0034981,Foster Moreau,TE,0,210,0,18,0.0735694822888283,0.0798529190600935,4,NO,0.0,1.25,0,,,HOU,HOU,True,1.0,0.0,1.25,0.0030044275774826,1.3523613746573897,BUF,H,21.5,BUF@HOU,2.27515,0.1082110375719631,0.1078777913174835,0.1022626989803248,877.8736626073193,fostermoreau,Foster Moreau,Buffalo Bills @ Houston Texans,0.08893280632411067,0.06341797044997849,True,0.03884472853034632,0.6125192631477454
00-0036980,Elijah Moore,WR,26,365,2,9,0.0546571167359726,0.027536766011579,4,BUF,0.25,2.5,0,,,PHI,PHI,True,1.0,0.25,2.5,0.2435211846976553,2.5874125874125875,WAS,H,25.0,WAS@PHI,2.7515,0.0845591408146969,0.0804188184475012,0.0772701908183146,1194.160127482148,elijahmoore,Elijah Moore,Washington Commanders @ Philadelphia Eagles,0.05263157894736842,0.03850480417975202,True,0.03876538663856258,1.00676753107467
00-0032392,Austin Hooper,TE,0,492,0,24,0.0735694822888283,0.0492538523622341,4,NE,0.0,2.75,0,,,ATL,ATL,True,1.0,0.0,2.75,0.0030044275774826,2.764126080539743,PIT,A,17.5,ATL@PIT,1.7307499999999998,0.1363648920629551,0.103224081228322,0.0980751535915166,919.626239042157,austinhooper,Austin Hooper,Atlanta Falcons @ Pittsburgh Steelers,0.08391608391608392,0.0594597037440318,True,0.0386154498474848,0.6494389883562242
00-0038976,Marvin Mims Jr.,WR,34,136,1,8,0.0361358113433688,0.0562421459280742,4,DEN,0.5,4.0,0,,,DEN,DEN,False,1.0,0.5,4.0,0.4788153023447141,3.99917729329494,KC,A,20.5,DEN@KC,2.13905,0.2422246923555815,0.133567078364274,0.125031224465145,699.8002133289274,marvinmims,Marvin Mims Jr.,Denver Broncos @ Kansas City Chiefs,0.125,0.08794948260718546,True,0.03708174185795954,0.4216254690613719
00-0036637,Noah Gray,TE,3,171,1,9,0.0811354196978916,0.0529574528329752,4,KC,0.0,2.25,0,,,KC,KC,False,1.0,0.0,2.25,0.0030044275774826,2.293537845245625,DEN,H,23.0,DEN@KC,2.4793000000000003,0.1217036877526897,0.10989757518551,0.1040741043591624,860.8538129225442,noahgray,Noah Gray,Denver Broncos @ Kansas City Chiefs,0.09545454545454546,0.06716142308185072,True,0.036912681277311676,0.549611362944552
00-0038542,Bijan Robinson,RB,805,261,25,9,0.03109763836351,0.0339527142186945,4,ATL,18.0,8.25,0,,,ATL,ATL,False,1.0,18.0,8.25,17.407120743034056,7.871517027863778,PIT,A,17.5,ATL@PIT,1.7307499999999998,0.8085797139314749,0.6120702829574568,0.4577728573524648,118.44894994070044,bijanrobinson,Bijan Robinson,Atlanta Falcons @ Pittsburgh Steelers,0.5943054641211323,0.4211019530587136,True,0.036670904293751194,0.08708319690134103
00-0039849,Marvin Harrison Jr.,WR,0,189,0,12,0.0413793103448275,0.0605272271976175,4,ARI,0.0,5.75,0,,,ARI,ARI,False,1.0,0.0,5.75,0.0082270670505964,5.646236116824352,LAC,A,18.75,ARI@LAC,1.900875,0.3420914466151358,0.2724342476756345,0.2384765005307828,319.32852829284064,marvinharrison,Marvin Harrison Jr.,Arizona Cardinals @ Los Angeles Chargers,0.28370221327967804,0.20291799440764616,True,0.03555850612313663,0.17523584454369479
00-0040666,Omarion Hampton,RB,124,35,4,1,0.0320513268630295,0.0298697673713674,4,LAC,14.5,3.25,0,,,LAC,LAC,False,1.0,14.5,3.25,14.113003095975232,3.1656346749226008,ARI,H,28.25,ARI@LAC,3.1938250000000004,0.5468972465707223,0.667240703306936,0.4868775166315502,105.39046594685142,omarionhampton,Omarion Hampton,Arizona Cardinals @ Los Angeles Chargers,0.6316146540027137,0.4517623509068715,True,0.03511516572467871,0.07772928765353782
00-0040784,Quinshon Judkins,RB,230,36,7,0,0.0306907450110289,0.0171572799897761,4,CLE,14.25,4.0,0,,,CLE,CLE,False,1.0,14.25,4.0,13.877708978328174,3.871517027863777,JAX,A,15.5,CLE@JAX,1.45855,0.4923419292233822,0.3531288132182008,0.2975133020234448,236.11942497992823,quinshonjudkins,Quinshon Judkins,Cleveland Browns @ Jacksonville Jaguars,0.3809869375907112,0.26255990506825616,True,0.03495339695518862,0.13312541740180017
00-0036223,Jonathan Taylor,RB,1551,239,69,7,0.0439926991587936,0.0295407939645065,4,IND,19.0,3.75,0,,,IND,IND,False,1.0,19.0,3.75,18.348297213622292,3.6362229102167185,BAL,H,22.5,BAL@IND,2.41125,0.9146080311947468,0.7532379514607418,0.5291604736755767,-112.38658695594908,jonathantaylor,Jonathan Taylor,Baltimore Ravens @ Indianapolis Colts,0.6527610320713768,0.4942480235429324,True,0.034912450132644324,0.07063751086424253
00-0038608,Kayshon Boutte,WR,0,121,0,9,0.0413793103448275,0.067097219897583,4,NE,0.0,3.25,0,,,HOU,HOU,True,1.0,0.0,3.25,0.0082270670505964,3.293294940353764,BUF,H,21.5,BUF@HOU,2.27515,0.2213113651612283,0.2206298156153726,0.1979864817748716,405.08498915450673,kayshonboutte,Kayshon Boutte,Buffalo Bills @ Houston Texans,0.2299154334038055,0.16395266003928546,True,0.03403382173558614,0.20758322388567008
00-0040236,Kyle Monangai,RB,169,30,5,0,0.0301374841652596,0.0185296345507607,4,CHI,8.5,2.75,0,,,CHI,CHI,False,1.0,8.5,2.75,8.465944272445821,2.695046439628483,CAR,A,25.0,CHI@CAR,2.7515,0.3050804870784512,0.3198844440274868,0.2737670472197533,265.27405696029524,kylemonangai,Kyle Monangai,Chicago Bears @ Carolina Panthers,0.33342595165323696,0.24108697493966522,True,0.032680072280088096,0.13555303967900656
00-0037805,Jeremy Ruckert,TE,0,81,0,1,0.0735694822888283,0.0278573876353946,4,NYJ,0.0,2.75,0,,,NYJ,NYJ,False,1.0,0.0,2.75,0.0030044275774826,2.764126080539743,TEN,A,18.75,NYJ@TEN,1.900875,0.0772223658801492,0.0702006312073475,0.0677932286273488,1375.0735733459148,jeremyruckert,Jeremy Ruckert,New York Jets @ Tennessee Titans,0.05131578947368421,0.03517534176199467,True,0.03261788686535413,0.9272940995443646
00-0038115,Daniel Bellinger,TE,1,106,1,4,0.0827420616721072,0.0428314060031155,4,NYG,0.0,2.75,0,,,TEN,TEN,True,1.0,0.0,2.75,0.0030044275774826,2.764126080539743,NYJ,H,19.75,NYJ@TEN,2.036975,0.1186399989313035,0.1056731391942189,0.100281317207272,897.1947196635779,danielbellinger,Daniel Bellinger,New York Jets @ Tennessee Titans,0.1,0.06854681984388704,True,0.03173449736338496,0.4629608993627883
00-0036264,Jordan Love,QB,135,0,5,0,0.0393539979248685,0.1529411764705882,4,GB,2.75,0.0,0,,,GB,GB,False,1.0,2.75,0.0,2.7752213788741305,0.0015022137887413,MIN,A,22.25,GB@MIN,2.377225,0.1094458067294239,0.1169595015003401,0.110378779241419,805.9712445386018,jordanlove,Jordan Love,Green Bay Packers @ Minnesota Vikings,0.1111111111111111,0.07987009765662473,True,0.03050868158479428,0.38197876902512795
00-0038619,Andrei Iosivas,WR,3,144,0,12,0.0387154174659225,0.0746514590099548,4,CIN,0.0,2.75,0,,,CIN,CIN,False,1.0,0.0,2.75,0.0082270670505964,2.8227067050596464,TB,H,27.0,TB@CIN,3.0237,0.2110376882252689,0.2215897981438105,0.1987560313037882,403.1293860318392,andreiiosivas,Andrei Iosivas,Tampa Bay Buccaneers @ Cincinnati Bengals,0.21980676328502413,0.16853725358063074,True,0.030218777723157453,0.17930028573000523
00-0039847,Theo Johnson,TE,0,117,0,6,0.0735694822888283,0.0521063263553963,4,NYG,0.0,4.75,0,,,NYG,NYG,False,1.0,0.0,4.75,0.0030044275774826,4.646479021716213,DAL,H,22.5,DAL@NYG,2.41125,0.2423319864904973,0.1658459598290899,0.1528232766138859,554.350582029817,theojohnson,Theo Johnson,Dallas Cowboys @ New York Giants,0.16807909604519772,0.12278180223028871,True,0.03004147438359718,0.24467367181377253
00-0032104,Ameer Abdullah,RB,182,207,3,8,0.0203395262882794,0.0372598784594614,4,IND,1.25,2.25,0,,,JAX,JAX,True,1.0,1.25,2.25,1.6424148606811146,2.2244582043343653,CLE,H,24.5,CLE@JAX,2.6834499999999997,0.1162889825667346,0.1080971170893855,0.1024595743161294,875.994685391327,ameerabdullah,Ameer Abdullah,Cleveland Browns @ Jacksonville Jaguars,0.10526315789473684,0.07254286700432219,True,0.029916707311807206,0.41240039920154703
00-0040582,Arian Smith,WR,4,16,0,0,0.037902071713406,0.0369495631413471,4,NYJ,0.25,1.5,0,,,NYJ,NYJ,False,1.0,0.25,1.5,0.2435211846976553,1.6462361168243522,TEN,A,18.75,NYJ@TEN,1.900875,0.0700576627503117,0.0636874057137325,0.0617017396324839,1520.699847291717,ariansmith,Arian Smith,New York Jets @ Tennessee Titans,0.047619047619047616,0.032641342782803354,True,0.029060396849680543,0.8902941598649741
00-0040124,Tetairoa McMillan,WR,0,122,0,7,0.0413793103448275,0.0549976527163131,4,CAR,0.0,6.0,0,,,CAR,CAR,False,1.0,0.0,6.0,0.0082270670505964,5.881530234471411,CHI,H,22.0,CHI@CAR,2.3432000000000004,0.323810787636669,0.3516697184050093,0.2964875591800403,237.28228016230383,tetairoamcmillan,Tetairoa McMillan,Chicago Bears @ Carolina Panthers,0.3704974271012007,0.2678918766816706,True,0.028595682498369746,0.10674337293306313
00-0040194,Jackson Hawes,TE,0,19,0,3,0.0735694822888283,0.0836218751292266,4,BUF,0.0,1.25,0,,,BUF,BUF,False,1.0,0.0,1.25,0.0030044275774826,1.3523613746573897,HOU,A,23.0,BUF@HOU,2.4793000000000003,0.1133080281826392,0.0841155737381242,0.0806749998717726,1139.5413716633796,jacksonhawes,Jackson Hawes,Buffalo Bills @ Houston Texans,0.07417582417582418,0.052894768759927116,True,0.02778023111184548,0.5251980822135984
00-0030506,Travis Kelce,TE,7,1079,2,60,0.0874481142886246,0.0555440128909954,4,KC,0.0,6.25,0,,,KC,KC,False,1.0,0.0,6.25,0.0030044275774826,6.058243727598566,DEN,H,23.0,DEN@KC,2.4793000000000003,0.3367618992286948,0.3040936295645053,0.2622082159068741,281.3763030046167,traviskelce,Travis Kelce,Denver Broncos @ Kansas City Chiefs,0.33342595165323696,0.234597119485685,True,0.027611096421189085,0.11769580326357709
00-0039355,Luke McCaffrey,WR,0,39,0,3,0.0413793103448275,0.0614275407982423,4,WAS,0.0,1.5,0,,,WAS,WAS,False,1.0,0.0,1.5,0.0082270670505964,1.6462361168243522,PHI,A,19.5,WAS@PHI,2.00295,0.1014646665904823,0.0820073643563252,0.0787348258536456,1170.0859996297263,lukemccaffrey,Luke McCaffrey,Washington Commanders @ Philadelphia Eagles,0.07142857142857142,0.05225651995823489,True,0.02647830589541072,0.5066986074957354
00-0037091,Bo Melton,WR,16,54,0,2,0.0302708072390503,0.0427441291700001,4,GB,0.25,1.25,0,,,GB,GB,False,1.0,0.25,1.25,0.2435211846976553,1.4109419991772931,MIN,A,22.25,GB@MIN,2.377225,0.0676810699048203,0.0723275238552314,0.0697738253507535,1333.2022000700022,bomelton,Bo Melton,Green Bay Packers @ Minnesota Vikings,0.06060606060606061,0.0435655078127044,True,0.026208317538049093,0.6015841167449063
00-0036290,Cole Kmet,TE,7,399,0,21,0.0687565255035778,0.052791174826764,4,CHI,0.0,3.25,0,,,CHI,CHI,False,1.0,0.0,3.25,0.0030044275774826,3.2347143158338603,CAR,A,25.0,CHI@CAR,2.7515,0.1709709429631765,0.1792672666756531,0.1641175339877113,509.3194162147703,colekmet,Cole Kmet,Chicago Bears @ Carolina Panthers,0.19139194139194138,0.13838786078055687,True,0.02572967320715444,0.18592435103794447
00-0036970,Kyle Pitts,TE,1,451,0,15,0.0728410715730973,0.0352601324056041,4,ATL,0.0,8.25,0,,,ATL,ATL,False,1.0,0.0,8.25,0.0030044275774826,7.9405966687750364,PIT,A,17.5,ATL@PIT,1.7307499999999998,0.2802053356447144,0.2121069278876122,0.1911217986952501,423.226553342841,kylepitts,Kyle Pitts,Atlanta Falcons @ Pittsburgh Steelers,0.23392612859097128,0.16575104145608863,True,0.025370757239161462,0.15306544692741952
00-0040729,Jack Bech,WR,0,29,0,0,0.0413793103448275,0.0307786912524537,4,LV,0.0,3.5,0,,,LV,LV,False,1.0,0.0,3.5,0.0082270670505964,3.5285890580008226,MIA,H,21.75,MIA@LV,2.309175,0.1089457835337084,0.1275261526997821,0.1197296059141616,735.2153106700573,jackbech,Jack Bech,Miami Dolphins @ Las Vegas Raiders,0.13333333333333333,0.09551171358688305,True,0.024217892327278542,0.25355939515469506
00-0039874,Jaylen Wright,RB,138,15,2,0,0.0198145129179712,0.0231610820477593,4,MIA,7.0,1.25,0,,,MIA,MIA,False,1.0,7.0,1.25,7.054179566563468,1.2832817337461302,LV,A,18.75,MIA@LV,1.900875,0.1694973256730456,0.1747740618605118,0.1603532924454069,523.6229919260652,jaylenwright,Jaylen Wright,Miami Dolphins @ Las Vegas Raiders,0.19139194139194138,0.13710129216798458,True,0.023252000277422302,0.16959723653758552
00-0034960,Jakobi Meyers,WR,16,689,2,23,0.063827743704419,0.0344191303968876,4,JAX,0.25,7.5,0,,,JAX,JAX,False,1.0,0.25,7.5,0.2435211846976553,7.293294940353764,CLE,H,24.5,CLE@JAX,2.6834499999999997,0.2665722773384755,0.2477938497716661,0.2194791687585009,355.62410576665155,jakobimeyers,Jakobi Meyers,Cleveland Browns @ Jacksonville Jaguars,0.2857142857142857,0.19690206758316023,True,0.022577101175340675,0.11466157492635465
00-0038935,Brenton Strange,TE,0,122,0,6,0.0735694822888283,0.0505723208706223,4,JAX,0.0,5.25,0,,,JAX,JAX,False,1.0,0.0,5.25,0.0030044275774826,5.117067257010331,CLE,H,24.5,CLE@JAX,2.6834499999999997,0.2590030014195313,0.2407577842112641,0.2139680073083659,367.3595892113077,brentonstrange,Brenton Strange,Cleveland Browns @ Jacksonville Jaguars,0.2777777777777778,0.19143256570585024,True,0.022535441602515666,0.11771999983086978
00-0037524,Tay Martin,WR,0,4,0,1,0.0413793103448275,0.0642655848536064,2,WAS,0.0,1.0,0,,,DET,DET,True,1.0,0.0,1.0,0.0155400155400155,1.3317793317793318,NO,H,28.5,NO@DET,3.22785,0.0862306127785376,0.0741202059131436,0.0714399312785475,1299.7773823451123,taymartin,Tay Martin,New Orleans Saints @ Detroit Lions,0.06666666666666667,0.04961132019036163,True,0.021828611088185873,0.4399925461452785
00-0033246,Johnny Mundt,TE,0,103,0,4,0.0735694822888283,0.0436832779298574,4,JAX,0.0,1.75,0,,,PHI,PHI,True,1.0,0.0,1.75,0.0030044275774826,1.8229496099515077,WAS,H,25.0,WAS@PHI,2.7515,0.0798534486450866,0.0759435340416792,0.0731314583977669,1267.4005987422445,johnnymundt,Johnny Mundt,Washington Commanders @ Philadelphia Eagles,0.07037037037037036,0.05148234929218696,True,0.02164910910557994,0.4205151746807607
00-0037248,James Cook,RB,842,164,32,9,0.0375674066795151,0.0497097337439418,4,BUF,15.0,2.25,0,,,BUF,BUF,False,1.0,15.0,2.25,14.58359133126935,2.2244582043343653,HOU,A,23.0,BUF@HOU,2.4793000000000003,0.6584449314516349,0.4888044922530936,0.3866407682461648,158.63801288624697,jamescook,James Cook,Buffalo Bills @ Houston Texans,0.5119047619047619,0.3650392066271513,True,0.0216015616190135,0.05917600418487967
00-0037809,Chig Okonkwo,TE,6,272,0,8,0.0694051719705927,0.0331076758171311,4,TEN,0.0,6.5,0,,,WAS,WAS,True,1.0,0.0,6.5,0.0030044275774826,6.293537845245625,PHI,A,19.5,WAS@PHI,2.00295,0.2085729335359264,0.168576087914261,0.1551330231928429,544.6080785500575,chigokonkwo,Chig Okonkwo,Washington Commanders @ Philadelphia Eagles,0.1835016835016835,0.13424823140785597,True,0.020884791784986922,0.15556846869391827
00-0038544,Quentin Johnston,WR,8,242,0,18,0.0349639377958247,0.0701271834470526,4,LAC,0.0,4.75,0,,,LAC,LAC,False,1.0,0.0,4.75,0.0082270670505964,4.7050596462361165,ARI,H,28.25,ARI@LAC,3.1938250000000004,0.3302402316015237,0.402908820213911,0.3316269613440072,201.54363684642271,quentinjohnston,Quentin Johnston,Arizona Cardinals @ Los Angeles Chargers,0.43478260869565216,0.3109782399648478,True,0.020648721379159407,0.06639924832519939
00-0040715,Cam Skattebo,RB,101,32,5,2,0.0427016367323535,0.0440182496099393,4,NYG,13.25,4.25,0,,,NYG,NYG,False,1.0,13.25,4.25,12.93653250773994,4.106811145510836,DAL,H,22.5,DAL@NYG,2.41125,0.7331857498257707,0.501774017428913,0.3945443823952067,153.45690994994862,camskattebo,Cam Skattebo,Dallas Cowboys @ New York Giants,0.5121951219512195,0.3741586053617407,True,0.020385777033466,0.05448431959424482
00-0033077,Dak Prescott,QB,359,2,19,1,0.0521536146115175,0.1597462514417532,4,DAL,2.25,0.0,0,,,DAL,DAL,False,1.0,2.25,0.0,2.3046331435800127,0.0015022137887413,NYG,A,25.5,DAL@NYG,2.8195499999999996,0.1204349218128176,0.1309600388780731,0.1227471703020975,714.6827316172447,dakprescott,Dak Prescott,Dallas Cowboys @ New York Giants,0.14039408866995073,0.10255790062519211,True,0.02018926967690539,0.19685728309405492
00-0039032,Tyjae Spears,RB,256,155,8,2,0.0313258716159973,0.0169487113808134,4,TEN,6.25,4.0,0,,,TEN,TEN,False,1.0,6.25,4.0,6.348297213622291,3.871517027863777,NYJ,H,19.75,NYJ@TEN,2.036975,0.264483168205293,0.2355762550576995,0.2098845895846546,376.452321715912,tyjaespears,Tyjae Spears,New York Jets @ Tennessee Titans,0.2777777777777778,0.19040783289968624,True,0.01947675668496837,0.102289682038603
00-0033757,Robert Tonyan,TE,0,194,0,17,0.0735694822888283,0.0810009904860707,2,KC,0.0,0.5,0,,,PIT,PIT,True,1.0,0.0,0.5,0.0056750298685782,0.7766825965750697,ATL,H,23.5,ATL@PIT,2.54735,0.0633295686252788,0.0807761566362544,0.0775998585120999,1188.662143429131,roberttonyan,Robert Tonyan,Atlanta Falcons @ Pittsburgh Steelers,0.08333333333333333,0.05904678913469824,True,0.018553069377401657,0.31420962340692515
00-0039910,Jayden Daniels,QB,206,0,8,0,0.0401707093994766,0.1529411764705882,4,WAS,8.0,0.0,0,,,WAS,WAS,False,1.0,8.0,0.0,7.716397849462366,0.0015022137887413,PHI,A,19.5,WAS@PHI,2.00295,0.31020292596566,0.2507170745136053,0.221757474941094,350.9430855783475,jaydendaniels,Jayden Daniels,Washington Commanders @ Philadelphia Eagles,0.2777777777777778,0.20321979983758012,True,0.018537675103513868,0.09121982758732061
00-0040736,Mason Taylor,TE,0,65,0,1,0.0735694822888283,0.0318074775069425,4,NYJ,0.0,5.25,0,,,NYJ,NYJ,False,1.0,0.0,5.25,0.0030044275774826,5.117067257010331,TEN,A,18.75,NYJ@TEN,1.900875,0.162982035860318,0.148162279961873,0.1377088289910503,626.1698522358287,masontaylor,Mason Taylor,New York Jets @ Tennessee Titans,0.17391304347826086,0.11921186059806442,True,0.018496968392985882,0.15516047061248717
00-0039139,Jahmyr Gibbs,RB,675,228,39,10,0.0555752244890991,0.0417195378841061,4,DET,14.0,7.0,0,,,DET,DET,False,1.0,14.0,7.0,13.642414860681114,6.695046439628483,NO,H,28.5,NO@DET,3.22785,1.037494512029705,0.8917866217986342,0.5900772787472408,-143.94841958111368,jahmyrgibbs,Jahmyr Gibbs,New Orleans Saints @ Detroit Lions,0.7687784014969259,0.5721016714814757,True,0.01797560726576508,0.03142030195300194
00-0023459,Aaron Rodgers,QB,237,3,11,0,0.0463696198195417,0.1484865790976585,4,PIT,1.0,0.0,0,,,PIT,PIT,False,1.0,1.0,0.0,1.1281625553447183,0.0015022137887413,ATL,H,23.5,ATL@PIT,2.54735,0.0525355273725408,0.0670084777163426,0.0648127269492584,1442.9068441803026,aaronrodgers,Aaron Rodgers,Atlanta Falcons @ Pittsburgh Steelers,0.06666666666666667,0.04723743130775859,True,0.017575295641499802,0.3720628991655843
00-0036442,Joe Burrow,QB,239,0,12,0,0.0495522408529677,0.1529411764705882,4,CIN,2.25,0.0,0,,,CIN,CIN,False,1.0,2.25,0.0,2.3046331435800127,0.0015022137887413,TB,H,27.0,TB@CIN,3.0237,0.1144294869525693,0.120151083575429,0.1132135522715201,783.2864793445389,joeburrow,Joe Burrow,Tampa Bay Buccaneers @ Cincinnati Bengals,0.125,0.09584398761316089,True,0.017369564658359204,0.18122748323520388
00-0040676,Cam Ward,QB,39,0,2,0,0.0484995217724399,0.1529411764705882,4,TEN,2.25,0.0,0,,,TEN,TEN,False,1.0,2.25,0.0,2.3046331435800127,0.0015022137887413,NYJ,H,19.75,NYJ@TEN,2.036975,0.1120033556687059,0.0997618535098947,0.0949470724484203,953.2183607274948,camward,Cam Ward,New York Jets @ Tennessee Titans,0.11437908496732026,0.0784032253116355,True,0.016543847136784792,0.21100977760834017
00-0039686,Colson Yankoff,TE,0,3,0,0,0.0735694822888283,0.0509284790087849,4,WAS,0.0,0.75,0,,,WAS,WAS,False,1.0,0.0,0.75,0.0030044275774826,0.8817731393632722,PHI,A,19.5,WAS@PHI,2.00295,0.0451283990000225,0.0364743825015399,0.0358172064688202,2691.95419908173,colsonyankoff,Colson Yankoff,Washington Commanders @ Philadelphia Eagles,0.02690100430416069,0.0196805401564371,True,0.016136666312383103,0.8199300519251822
00-0039342,Xavier Legette,WR,7,148,0,7,0.0356549220283781,0.0477332010284171,4,CAR,0.0,2.75,0,,,CAR,CAR,False,1.0,0.0,2.75,0.0082270670505964,2.8227067050596464,CHI,H,22.0,CHI@CAR,2.3432000000000004,0.1350301620310844,0.1466474276667267,0.1364015953486054,633.1292551559033,xavierlegette,Xavier Legette,Chicago Bears @ Carolina Panthers,0.16666666666666666,0.12051000316775767,True,0.015891592180847736,0.13186948604362425
00-0040646,Jalen Royals,WR,0,3,0,0,0.0413793103448275,0.0462153585833225,2,KC,0.0,1.5,0,,,KC,KC,False,1.0,0.0,1.5,0.0155400155400155,1.7762237762237765,DEN,H,23.0,DEN@KC,2.4793000000000003,0.0827318538681988,0.0747062829286869,0.0719839795497101,1289.1979941306631,jalenroyals,Jalen Royals,Denver Broncos @ Kansas City Chiefs,0.08,0.0562876688685987,True,0.0156963106811114,0.27885878020199795
00-0036322,Justin Jefferson,WR,15,871,1,42,0.0478521614423606,0.04826470144351,4,MIN,0.25,8.0,0,,,MIN,MIN,False,1.0,0.25,8.0,0.2435211846976553,7.763883175647881,GB,H,23.75,GB@MIN,2.5813749999999995,0.3863745185597231,0.3416592563125594,0.2894097073815622,245.53091153973784,justinjefferson,Justin Jefferson,Green Bay Packers @ Minnesota Vikings,0.3809869375907112,0.2738651752014165,True,0.015544532180145676,0.056759798571371256
00-0040363,Keleki Latu,TE,0,4,0,0,0.0735694822888283,0.049946014675902,3,BUF,0.0,1.3333333333333333,0,,,BUF,BUF,False,1.0,0.0,1.3333333333333333,0.0039288668320926,1.460780259167356,HOU,A,23.0,BUF@HOU,2.4793000000000003,0.0732491969614596,0.0543774199153708,0.052925405773287,1789.4517394606878,kelekilatu,Keleki Latu,Buffalo Bills @ Houston Texans,0.05263157894736842,0.03753157081601066,True,0.015393834957276337,0.41015695913024386
00-0039065,Sam LaPorta,TE,1,252,0,20,0.0728410715730973,0.0753377310887645,4,DET,0.0,5.5,0,,,DET,DET,False,1.0,0.0,5.5,0.0030044275774826,5.35236137465739,NO,H,28.5,NO@DET,3.22785,0.403453607658036,0.3467917426589049,0.2930474590153822,241.2416553141003,samlaporta,Sam LaPorta,New Orleans Saints @ Detroit Lions,0.37386443046820406,0.27821861951617893,True,0.014828839499203272,0.05329923469892339
00-0038705,Emari Demercado,RB,126,70,3,1,0.026394540130291,0.0207799527955005,4,ARI,3.25,2.0,0,,,DAL,DAL,True,1.0,3.25,2.0,3.524767801857585,1.9891640866873064,NYG,A,25.5,DAL@NYG,2.8195499999999996,0.1343693610199548,0.1461122445078243,0.1359392883279496,635.6225064144285,emaridemercado,Emari Demercado,Dallas Cowboys @ New York Giants,0.16666666666666666,0.12175002237961403,True,0.01418926594833557,0.11654425741371721
00-0038547,Luke Schoonmaker,TE,0,74,0,3,0.0735694822888283,0.045873203817118,4,DAL,0.0,1.5,0,,,DAL,DAL,False,1.0,0.0,1.5,0.0030044275774826,1.5876554923044486,NYG,A,25.5,DAL@NYG,2.8195499999999996,0.0730518781712985,0.0794360693844144,0.0763629332326067,1209.53586729563,lukeschoonmaker,Luke Schoonmaker,Dallas Cowboys @ New York Giants,0.08514492753623187,0.06219838099828108,True,0.014164552234325625,0.22773184779065359
00-0034753,Mark Andrews,TE,19,702,1,56,0.0702264557048977,0.0781356987220008,4,BAL,0.25,3.25,0,,,BAL,BAL,False,1.0,0.25,3.25,0.2382985452245414,3.2347143158338603,IND,A,25.5,BAL@IND,2.8195499999999996,0.2694815254644904,0.3417260146253772,0.2894571436072033,245.47428594714924,markandrews,Mark Andrews,Baltimore Ravens @ Indianapolis Colts,0.3637566137566137,0.27542389720993227,True,0.014033246397271049,0.050951448074873174
00-0040534,Ke'Shawn Williams,WR,2,1,0,0,0.0395644361242075,0.0480698854559519,4,CIN,0.5,0.25,0,,,CIN,CIN,False,1.0,0.5,0.25,0.4788153023447141,0.469765528589058,TB,H,27.0,TB@CIN,3.0237,0.0415256325953413,0.0436019585979047,0.0426650594134839,2243.8382923801987,keshawnwilliams,Ke'Shawn Williams,Tampa Bay Buccaneers @ Cincinnati Bengals,0.038461538461538464,0.02949045772712643,True,0.013174601686357468,0.44674117330633956
00-0038618,Xavier Hutchinson,WR,8,102,0,3,0.0349639377958247,0.035771747356956,4,HOU,0.25,4.0,0,,,HOU,HOU,False,1.0,0.25,4.0,0.2435211846976553,3.99917729329494,BUF,H,21.5,BUF@HOU,2.27515,0.1515720193251561,0.1511052387743235,0.1402427858973808,613.0491551499306,xavierhutchinson,Xavier Hutchinson,Buffalo Bills @ Houston Texans,0.18019480519480519,0.12849688774507545,True,0.01174589815230534,0.09140998166125236
00-0039890,Adonai Mitchell,WR,5,129,0,2,0.037122196844331,0.0247178189101439,4,NYJ,0.25,6.75,0,,,NYJ,NYJ,False,1.0,0.25,6.75,0.2435211846976553,6.5874125874125875,TEN,A,18.75,NYJ@TEN,1.900875,0.1718665127761781,0.1562389023280989,0.1446451802981012,591.3469207470904,adonaimitchell,Adonai Mitchell,New York Jets @ Tennessee Titans,0.19433962264150945,0.13321363101736539,True,0.011431549280735809,0.08581366030962423
00-0032464,Kalif Raymond,WR,24,258,0,9,0.026688473588749,0.0371392568172041,4,DET,0.0,2.75,0,,,CHI,CHI,True,1.0,0.0,2.75,0.0082270670505964,2.8227067050596464,CAR,A,25.0,CHI@CAR,2.7515,0.1050527971005469,0.1101504587063262,0.1043006406091928,858.7668821200527,kalifraymond,Kalif Raymond,Chicago Bears @ Carolina Panthers,0.12916666666666665,0.09339525245501219,True,0.0109053881541806,0.11676597972079628
00-0038710,Blake Whiteheart,TE,0,15,0,1,0.0735694822888283,0.0571167957258948,4,CLE,0.0,0.75,0,,,CLE,CLE,False,1.0,0.0,0.75,0.0030044275774826,0.8817731393632722,JAX,A,15.5,CLE@JAX,1.45855,0.0505850904590426,0.036281803153581,0.0356315068947513,2706.504936638824,blakewhiteheart,Blake Whiteheart,Cleveland Browns @ Jacksonville Jaguars,0.03647214854111406,0.02513504509930925,True,0.010496461795442051,0.41760266408793956
00-0036422,Adam Trautman,TE,0,161,0,10,0.0735694822888283,0.0602816864905739,4,DEN,0.0,2.75,0,,,DEN,DEN,False,1.0,0.0,2.75,0.0030044275774826,2.764126080539743,KC,A,20.5,DEN@KC,2.13905,0.1668472159889653,0.0920025739578385,0.0878971981720874,1037.6926919128573,adamtrautman,Adam Trautman,Denver Broncos @ Kansas City Chiefs,0.1111111111111111,0.07817731787305374,True,0.009719880299033659,0.12433120710046675
00-0037093,Dareke Young,WR,0,6,0,0,0.0413793103448275,0.0436871933911695,4,SEA,0.0,0.25,0,,,LV,LV,True,1.0,0.0,0.25,0.0082270670505964,0.469765528589058,MIA,H,21.75,MIA@LV,2.309175,0.0208631678566894,0.0244213171322061,0.024125529500384,4044.986745199028,darekeyoung,Dareke Young,Miami Dolphins @ Las Vegas Raiders,0.0220856102003643,0.015820758568865535,True,0.008304770931518466,0.5249287444321311
00-0040237,Tez Johnson,WR,7,44,0,5,0.0356549220283781,0.0796616155707549,4,TB,0.25,1.25,0,,,TB,TB,False,1.0,0.25,1.25,0.2435211846976553,1.4109419991772931,CIN,A,23.5,TB@CIN,2.54735,0.1210806479837471,0.1247758889718203,0.1173052979635096,752.4764161215222,tezjohnson,Tez Johnson,Tampa Bay Buccaneers @ Cincinnati Bengals,0.14285714285714285,0.10953598584361243,True,0.007769312119897162,0.07092931204352904
00-0037744,Trey McBride,TE,1,461,1,17,0.0827420616721072,0.0384977057530198,4,ARI,0.0,10.5,0,,,ARI,ARI,False,1.0,0.0,10.5,0.0030044275774826,10.058243727598564,LAC,A,18.75,ARI@LAC,1.900875,0.3874678999491521,0.3085710761422903,0.2655042547802421,276.64179838763795,treymcbride,Trey McBride,Arizona Cardinals @ Los Angeles Chargers,0.36038961038961037,0.25776865150333,True,0.007735603276912084,0.030009868274506468
00-0036429,Charlie Woerner,TE,0,36,0,0,0.0735694822888283,0.0308820781662507,4,ATL,0.0,1.5,0,,,ATL,ATL,False,1.0,0.0,1.5,0.0030044275774826,1.5876554923044486,PIT,A,17.5,ATL@PIT,1.7307499999999998,0.049251135195873,0.0372816133473621,0.0365952105040949,2632.598026422339,charliewoerner,Charlie Woerner,Atlanta Falcons @ Pittsburgh Steelers,0.04096989966555184,0.029029692317059003,True,0.007565518187035897,0.2606131027640999
00-0037252,Greg Dulcich,TE,1,104,0,3,0.0728410715730973,0.0368095913320038,4,MIA,0.25,3.75,0,,,MIA,MIA,False,1.0,0.25,3.75,0.2382985452245414,3.705302551127978,LV,A,18.75,MIA@LV,1.900875,0.1537485940569178,0.1585350458006883,0.1466069445760736,582.0959286011891,gregdulcich,Greg Dulcich,Miami Dolphins @ Las Vegas Raiders,0.19433962264150945,0.1392128278223909,True,0.007394116753682706,0.05311376019971514
00-0036040,Juwan Johnson,TE,0,324,0,21,0.0735694822888283,0.0634392086688558,4,NO,0.0,5.5,0,,,NO,NO,False,1.0,0.0,5.5,0.0030044275774826,5.35236137465739,DET,A,21.5,NO@DET,2.27515,0.3397706042994639,0.2631415822589,0.231366935198614,332.2138766896672,juwanjohnson,Juwan Johnson,New Orleans Saints @ Detroit Lions,0.30117753623188404,0.2241272277621636,True,0.0072397074364504155,0.032301775686678136
00-0040509,Ben Yurosek,TE,0,3,0,0,0.0735694822888283,0.0509284790087849,4,MIN,0.0,0.75,0,,,MIN,MIN,False,1.0,0.0,0.75,0.0030044275774826,0.8817731393632722,GB,H,23.75,GB@MIN,2.5813749999999995,0.0451283990000225,0.039905673123578,0.0391199283065072,2456.2419035253174,benyurosek,Ben Yurosek,Green Bay Packers @ Minnesota Vikings,0.045548654244306416,0.0327417791635853,True,0.006378149142921903,0.1948015442610871
00-0038573,Derius Davis,WR,28,37,0,2,0.0251975014979366,0.0512092408283158,4,LAC,0.0,0.5,0,,,LAC,LAC,False,1.0,0.0,0.5,0.0082270670505964,0.7050596462361168,ARI,H,28.25,ARI@LAC,3.1938250000000004,0.0363128707567634,0.0443034328199044,0.0433363697151618,2207.5306182145096,deriusdavis,Derius Davis,Arizona Cardinals @ Los Angeles Chargers,0.05322128851540616,0.038066524051719466,True,0.005269845663442331,0.1384377952734115
00-0038558,Darnell Washington,TE,0,78,0,2,0.0735694822888283,0.0364682731170573,4,PIT,0.0,2.75,0,,,PIT,PIT,False,1.0,0.0,2.75,0.0030044275774826,2.764126080539743,ATL,H,23.5,ATL@PIT,2.54735,0.1010239390165543,0.1288549045754166,0.1208984901008609,727.1401893983444,darnellwashington,Darnell Washington,Atlanta Falcons @ Pittsburgh Steelers,0.16333333333333333,0.11573170670400855,True,0.005166783396852351,0.044644493233533034
00-0035631,Drew Sample,TE,2,145,0,5,0.0721269434204199,0.0393547746933383,4,CIN,0.0,2.0,0,,,CIN,CIN,False,1.0,0.0,2.0,0.0030044275774826,2.0582437275985663,TB,H,27.0,TB@CIN,3.0237,0.0812184183415102,0.0852794260456644,0.0817443359991856,1123.326347662745,drewsample,Drew Sample,Tampa Bay Buccaneers @ Cincinnati Bengals,0.1,0.07667519009052871,True,0.005069145908656883,0.06611194445911184
00-0038840,Brycen Tremayne,WR,0,19,0,0,0.0413793103448275,0.0353156049727069,4,CAR,0.0,0.75,0,,,CAR,CAR,False,1.0,0.0,0.75,0.0082270670505964,0.9403537638831756,CHI,H,22.0,CHI@CAR,2.3432000000000004,0.0335495924206107,0.0364360180995493,0.0357802154629725,2694.840632066231,brycentremayne,Brycen Tremayne,Chicago Bears @ Carolina Panthers,0.043478260869565216,0.031437392130719395,True,0.004342823332253103,0.13814197164304431
00-0036630,Tylan Wallace,WR,0,35,0,2,0.0413793103448275,0.0524308266883768,4,BAL,0.0,0.5,0,,,CLE,CLE,True,1.0,0.0,0.5,0.0082270670505964,0.7050596462361168,JAX,A,15.5,CLE@JAX,1.45855,0.0373072904774884,0.0267583937680937,0.0264035599222408,3687.3680781872777,tylanwallace,Tylan Wallace,Cleveland Browns @ Jacksonville Jaguars,0.03337041156840934,0.02299746061872283,True,0.0034060993035179704,0.1481076263152714
00-0033376,Patrick Ricard,RB,11,63,0,5,0.026878355340028,0.0591594137948871,4,BAL,0.0,0.5,0,,,NYG,NYG,True,1.0,0.0,0.5,0.4659442724458205,0.5773993808049536,DAL,H,22.5,DAL@NYG,2.41125,0.0466824246174014,0.0319482856140647,0.0314433309025373,3080.324638950078,patrickricard,Patrick Ricard,Dallas Cowboys @ New York Giants,0.038461538461538464,0.028096159010680164,True,0.0033471718918571362,0.11913272168572142
00-0040727,Tre Harris,WR,2,43,0,1,0.0395644361242075,0.0369752793865588,4,LAC,0.25,4.25,0,,,LAC,LAC,False,1.0,0.25,4.25,0.2435211846976553,4.234471410942,ARI,H,28.25,ARI@LAC,3.1938250000000004,0.166205541830838,0.2027786815898291,0.1835410811788611,444.83715230243087,treharris,Tre Harris,Arizona Cardinals @ Los Angeles Chargers,0.25316455696202533,0.18107593719472154,True,0.0024651439841395506,0.013613868426309184
00-0033119,Jacoby Brissett,QB,204,1,11,0,0.0524887656268414,0.151426907396622,4,ARI,1.75,0.0,0,,,ARI,ARI,False,1.0,1.75,0.0,1.834044908285895,0.0015022137887413,LAC,A,18.75,ARI@LAC,1.900875,0.0964942289283978,0.0768459221160351,0.0739674762532019,1251.945545062058,jacobybrissett,Jacoby Brissett,Arizona Cardinals @ Los Angeles Chargers,0.1,0.071524995191915,True,0.0024424810612868886,0.03414863649739863
00-0037228,Jaylen Warren,RB,557,199,12,2,0.0225567023596733,0.0138925423362037,4,PIT,13.0,2.5,0,,,PIT,PIT,False,1.0,13.0,2.5,12.70123839009288,2.459752321981424,ATL,H,23.5,ATL@PIT,2.54735,0.3206702672342836,0.409011340152516,0.3356933010597814,197.89096083925625,jaylenwarren,Jaylen Warren,Atlanta Falcons @ Pittsburgh Steelers,0.4706533776301218,0.33348684893351166,True,0.0022064521262697423,0.006616309258748787
00-0038640,Jalen Brooks,WR,0,42,0,1,0.0413793103448275,0.037382314155734,4,ARI,0.0,1.5,0,,,ARI,ARI,False,1.0,0.0,1.5,0.0082270670505964,1.6462361168243522,LAC,A,18.75,ARI@LAC,1.900875,0.0618805460543579,0.0492803318436742,0.0480857595825654,1979.6177676739292,jalenbrooks,Jalen Brooks,Arizona Cardinals @ Los Angeles Chargers,0.06547619047619047,0.046831842089944335,True,0.0012539174926210622,0.02677489154094803
00-0039021,Roschon Johnson,RB,138,60,8,0,0.0497979027560196,0.0132360809900793,4,CHI,0.5,0.0,0,,,CHI,CHI,False,1.0,0.5,0.0,0.936532507739938,0.1068111455108359,CAR,A,25.0,CHI@CAR,2.7515,0.0480511157209092,0.0503827845054242,0.0491346217040201,1935.2247871650563,roschonjohnson,Roschon Johnson,Chicago Bears @ Carolina Panthers,0.06666666666666667,0.04820400126710307,True,0.0009306204369170304,0.01930587528948835
00-0040238,LeQuint Allen Jr.,RB,23,11,0,0,0.023088703731092,0.0248150772884548,4,JAX,2.25,0.75,0,,,JAX,JAX,False,1.0,2.25,0.75,2.58359133126935,0.8126934984520124,CLE,H,24.5,CLE@JAX,2.6834499999999997,0.0798188267858071,0.074196066338884,0.0715103695689131,1298.3985903419507,lequintallen,LeQuint Allen Jr.,Cleveland Browns @ Jacksonville Jaguars,0.10263157894736842,0.07072929532921414,True,0.0007810742396989617,0.011043150310821037
00-0040743,Tyler Shough,QB,45,0,3,0,0.0562850156648551,0.1529411764705882,4,NO,4.25,0.0,0,,,NO,NO,False,1.0,4.25,0.0,4.186986084756483,0.0015022137887413,DET,A,21.5,NO@DET,2.27515,0.2358943277132096,0.1826926928194282,0.1669758893025152,498.88886004869227,tylershough,Tyler Shough,New Orleans Saints @ Detroit Lions,0.22363818090954524,0.16642478099840202,True,0.0005511083041131737,0.0033114557868545447
00-0031484,Chris Manhertz,TE,0,41,0,3,0.0735694822888283,0.0629134852390694,4,NYG,0.0,0.5,0,,,NYG,NYG,False,1.0,0.0,0.5,0.0030044275774826,0.6464790217162133,DAL,H,22.5,DAL@NYG,2.41125,0.0408932825715606,0.0279863413693784,0.0275983516145263,3523.4048104295107,chrismanhertz,Chris Manhertz,Dallas Cowboys @ New York Giants,0.03708791208791209,0.02709272476029873,True,0.0005056268542275727,0.0186628277037868
00-0033307,Kendrick Bourne,WR,20,449,0,22,0.028366988759985,0.0490032993302393,4,SF,0.0,2.5,0,,,ARI,ARI,True,1.0,0.0,2.5,0.0082270670505964,2.5874125874125875,LAC,A,18.75,ARI@LAC,1.900875,0.1270251306303599,0.1011600735463994,0.0962116513000531,939.375155178786,kendrickbourne,Kendrick Bourne,Arizona Cardinals @ Los Angeles Chargers,0.135632183908046,0.0970109130189192,True,-0.0007992617188661011,-0.008238884616107334
00-0036626,Dyami Brown,WR,12,139,0,5,0.0324485554674808,0.0393729143926744,4,JAX,0.25,0.75,0,,,WAS,WAS,True,1.0,0.25,0.75,0.2435211846976553,0.9403537638831756,PHI,A,19.5,WAS@PHI,2.00295,0.0449263789133699,0.0363111026583184,0.0356597620000513,2704.281195142466,dyamibrown,Dyami Brown,Washington Commanders @ Philadelphia Eagles,0.05,0.03657956397076442,True,-0.0009198019707131258,-0.025145241519233585
00-0039407,Dylan Laube,RB,8,4,0,0,0.0280284644658601,0.0283591877282246,4,LV,0.5,0.0,0,,,LV,LV,False,1.0,0.5,0.0,0.936532507739938,0.1068111455108359,MIA,H,21.75,MIA@LV,2.309175,0.0292786454413203,0.0342720286025327,0.0336913946984571,2868.1169596870177,dylanlaube,Dylan Laube,Miami Dolphins @ Las Vegas Raiders,0.04880952380952381,0.034964109438055405,True,-0.0012727147395983074,-0.036400605079134896
00-0036876,Kylen Granson,TE,2,145,0,1,0.0721269434204199,0.0186119195195273,4,PHI,0.0,1.25,0,,,TEN,TEN,True,1.0,0.0,1.25,0.0030044275774826,1.3523613746573897,NYJ,H,19.75,NYJ@TEN,2.036975,0.0253867412443325,0.0226120757363909,0.0223583388560563,4372.604187806756,kylengranson,Kylen Granson,New York Jets @ Tennessee Titans,0.034482758620689655,0.023636834428926567,True,-0.0012784955728702661,-0.054089119958705356
00-0034270,Tyler Conklin,TE,5,386,0,11,0.0700661736084079,0.0313229636335597,4,LAC,0.0,1.5,0,,,DET,DET,True,1.0,0.0,1.5,0.0030044275774826,1.5876554923044486,NO,H,28.5,NO@DET,3.22785,0.0499405839923114,0.0429268243569072,0.0420185115862608,2279.903433626097,tylerconklin,Tyler Conklin,New Orleans Saints @ Detroit Lions,0.059714795008912656,0.04443794722933461,True,-0.002419435643073814,-0.05444526117706627
00-0037746,Brian Robinson,RB,662,92,17,5,0.0261908786040439,0.0466377562276931,4,SF,5.0,0.5,0,,,ATL,ATL,True,1.0,5.0,0.5,5.171826625386997,0.5773993808049536,PIT,A,17.5,ATL@PIT,1.7307499999999998,0.1623832948746753,0.1229192218516747,0.11566490537285,764.5664791549898,brianrobinson,Brian Robinson Jr.,Atlanta Falcons @ Pittsburgh Steelers,0.16666666666666666,0.11809357826939648,True,-0.0024286728965464827,-0.020565664383597304
00-0039530,Brevyn Spann-Ford,TE,0,27,0,1,0.0735694822888283,0.0479582629523951,4,DAL,0.0,1.5,0,,,DAL,DAL,False,1.0,0.0,1.5,0.0030044275774826,1.5876554923044486,NYG,A,25.5,DAL@NYG,2.8195499999999996,0.0763622337592008,0.0830357254473438,0.0796817321490045,1154.992798261468,brevynspannford,Brevyn Spann-Ford,Dallas Cowboys @ New York Giants,0.11269841269841269,0.08232620560907235,True,-0.0026444734600678532,-0.03212189169297064
00-0039824,Jared Wiley,TE,0,2,0,0,0.0735694822888283,0.0519503700645515,2,KC,0.0,0.5,0,,,KC,KC,False,1.0,0.0,0.5,0.0056750298685782,0.7766825965750697,DEN,H,23.0,DEN@KC,2.4793000000000003,0.0407664573241765,0.0368118246172994,0.0361425074624337,2666.825187874396,jaredwiley,Jared Wiley,Denver Broncos @ Kansas City Chiefs,0.05555555555555555,0.03908865893652687,True,-0.0029461514740931685,-0.07537100412877307
00-0036628,John Bates,TE,0,104,0,3,0.0735694822888283,0.0368095913320038,4,WAS,0.0,1.0,0,,,WAS,WAS,False,1.0,0.0,1.0,0.0030044275774826,1.117067257010331,PHI,A,19.5,WAS@PHI,2.00295,0.0413398234023624,0.0334123205062764,0.0328602941662579,2943.186390664861,johnbates,John Bates,Washington Commanders @ Philadelphia Eagles,0.05,0.03657956397076442,True,-0.003719269804506521,-0.1016761656174765
00-0034365,Ian Thomas,TE,0,198,0,4,0.0735694822888283,0.0268025673970042,4,LV,0.0,2.0,0,,,LV,LV,False,1.0,0.0,2.0,0.0030044275774826,2.0582437275985663,MIA,H,21.75,MIA@LV,2.309175,0.0553872504098714,0.0648333760544749,0.0627763857357482,1492.9556763739356,ianthomas,Ian Thomas,Miami Dolphins @ Las Vegas Raiders,0.09307359307359307,0.06667213773110343,True,-0.0038957519953552316,-0.05843148469406001
00-0040179,DJ Giddens,RB,26,2,0,0,0.02230257859628,0.0295656420537023,4,IND,3.5,0.5,0,,,IND,IND,False,1.0,3.5,0.5,3.760061919504644,0.5773993808049536,BAL,H,22.5,BAL@IND,2.41125,0.1009302599015405,0.0831224957748581,0.0797615850020442,1153.7363694244175,djgiddens,DJ Giddens,Baltimore Ravens @ Indianapolis Colts,0.1111111111111111,0.08412948132957931,True,-0.00436789632753512,-0.05191873595920293
00-0040782,Isaiah Bond,WR,5,44,0,0,0.037122196844331,0.0258058624610586,4,CLE,0.5,1.75,0,,,CLE,CLE,False,1.0,0.5,1.75,0.4788153023447141,1.8815302344714109,JAX,A,15.5,CLE@JAX,1.45855,0.0663291863528109,0.0475741460725149,0.0464602307174268,2052.3784633831087,isaiahbond,Isaiah Bond,Cleveland Browns @ Jacksonville Jaguars,0.07417582417582418,0.0511188060071666,True,-0.004658575289739807,-0.09113231809613664
00-0036389,Jalen Hurts,QB,779,2,63,0,0.0789338365832755,0.1499423298731257,4,PHI,5.25,0.0,0,,,PHI,PHI,False,1.0,5.25,0.0,5.128162555344718,0.0015022137887413,WAS,H,25.0,WAS@PHI,2.7515,0.4050107905515042,0.3851799926162376,0.3196718288639087,212.8208086254988,jalenhurts,Jalen Hurts,Washington Commanders @ Philadelphia Eagles,0.4444444444444444,0.3251516797401282,True,-0.005479850876219494,-0.01685321410794849
00-0039050,Payne Durham,TE,0,25,0,2,0.0735694822888283,0.0630043143489396,4,TB,0.0,0.75,0,,,TB,TB,False,1.0,0.0,0.75,0.0030044275774826,0.8817731393632722,CIN,A,23.5,TB@CIN,2.54735,0.0557765462383446,0.057478781758762,0.0558580767950197,1690.2513967132486,paynedurham,Payne Durham,Tampa Bay Buccaneers @ Cincinnati Bengals,0.08166666666666667,0.06261807190726511,True,-0.006759995112245405,-0.10795597670679946
00-0033106,Jared Goff,QB,259,2,10,1,0.0397476956756124,0.1597462514417532,4,DET,1.0,0.0,0,,,DET,DET,False,1.0,1.0,0.0,1.1281625553447183,0.0015022137887413,NO,H,28.5,NO@DET,3.22785,0.0450818349440786,0.0387504481451295,0.0380092542306962,2530.9382287022117,jaredgoff,Jared Goff,New Orleans Saints @ Detroit Lions,0.06066176470588235,0.045142653482038615,True,-0.007133399251342418,-0.15801905074500455
00-0034348,Courtland Sutton,WR,5,770,0,39,0.037122196844331,0.0505542006014245,4,DEN,0.0,8.5,0,,,DEN,DEN,False,1.0,0.0,8.5,0.0082270670505964,8.234471410941998,KC,A,20.5,DEN@KC,2.13905,0.4165925263579613,0.229716657178541,0.2052412402071441,387.2315130188885,courtlandsutton,Courtland Sutton,Denver Broncos @ Kansas City Chiefs,0.30303030303030304,0.21321086692651023,True,-0.00796962671936613,-0.03737908313141047
00-0036554,Nico Collins,WR,3,454,1,24,0.0601745545459905,0.0524934382159116,4,HOU,0.0,6.25,0,,,HOU,HOU,False,1.0,0.0,6.25,0.0082270670505964,6.11682435211847,BUF,H,21.5,BUF@HOU,2.27515,0.3215882013005043,0.3205978396334059,0.2742849538590151,264.5843441029612,nicocollins,Nico Collins,Buffalo Bills @ Houston Texans,0.39607843137254906,0.28244346821931166,True,-0.008158514360296576,-0.02888547719560519
00-0037311,Ko Kieft,TE,0,15,0,2,0.0735694822888283,0.0730308638650159,2,TB,0.0,0.0,0,,,TB,TB,False,1.0,0.0,0.0,0.0056750298685782,0.3322381521306252,CIN,A,23.5,TB@CIN,2.54735,0.024681148268421,0.0254343882967237,0.0251136591792829,3881.896834950002,kokieft,Ko Kieft,Tampa Bay Buccaneers @ Cincinnati Bengals,0.043478260869565216,0.033337039169795094,True,-0.008223379990512193,-0.2466739757129648
00-0040735,Luther Burden III,WR,6,60,0,2,0.0363737684181137,0.040387795284226,4,CHI,0.5,6.5,0,,,CHI,CHI,False,1.0,0.5,6.5,0.4788153023447141,6.352118469765529,CAR,A,25.0,CHI@CAR,2.7515,0.2739643773005769,0.2872584325381514,0.2496822027537318,300.50912278530575,lutherburden,Luther Burden III,Chicago Bears @ Carolina Panthers,0.3572567783094099,0.2583180929146193,True,-0.008635890160887533,-0.033431224516441094
00-0038393,Dontayvion Wicks,WR,2,180,0,11,0.0395644361242075,0.0585378294631901,4,GB,0.25,3.0,0,,,PHI,PHI,True,1.0,0.25,3.0,0.2435211846976553,3.0580008227067053,WAS,H,25.0,WAS@PHI,2.7515,0.1886435090147619,0.179406838297971,0.1642341913183439,508.8866100126778,dontayvionwicks,Dontayvion Wicks,Washington Commanders @ Philadelphia Eagles,0.23809523809523808,0.17418839986078297,True,-0.009954208542439058,-0.05714621955534804
00-0037740,Garrett Wilson,WR,10,528,0,18,0.0336593180287228,0.0353578299291871,4,NYJ,0.0,7.25,0,,,NYJ,NYJ,False,1.0,0.0,7.25,0.0082270670505964,7.058000822706705,TEN,A,18.75,NYJ@TEN,1.900875,0.249832510195626,0.227115547574248,0.2031712946533856,392.1955149747016,garrettwilson,Garrett Wilson,New York Jets @ Tennessee Titans,0.3125,0.214208812012147,True,-0.011037517358761406,-0.051526906176649345
00-0036331,Devin Duvernay,WR,31,152,1,5,0.0375889902816456,0.0368243863183956,4,CHI,0.0,0.25,0,,,ARI,ARI,True,1.0,0.0,0.25,0.0082270670505964,0.469765528589058,LAC,A,18.75,ARI@LAC,1.900875,0.0176080744472401,0.0140226906066063,0.0139248306347394,7081.415891014239,devinduvernay,Devin Duvernay,Arizona Cardinals @ Los Angeles Chargers,0.038461538461538464,0.027509613535351925,True,-0.013584782900612524,-0.4938194745322414
00-0039746,Will Shipley,RB,44,16,0,0,0.0185193027112288,0.0227814696656872,4,PHI,0.75,1.0,0,,,PHI,PHI,False,1.0,0.75,1.0,1.171826625386997,1.047987616099071,WAS,H,25.0,WAS@PHI,2.7515,0.0455761100867965,0.0433445383586062,0.0424185903022815,2257.4569378044916,willshipley,Will Shipley,Washington Commanders @ Philadelphia Eagles,0.07692307692307693,0.0562762522627145,True,-0.013857661960433004,-0.2462435113081316
00-0036265,AJ Dillon,RB,609,113,16,2,0.0267691982622401,0.0214537100139144,4,PHI,1.5,0.75,0,,,CAR,CAR,True,1.0,1.5,0.75,1.8777089783281735,0.8126934984520124,CHI,H,22.0,CHI@CAR,2.3432000000000004,0.0677000545656384,0.0735246015083833,0.0708867120779904,1310.7016261380372,ajdillon,AJ Dillon,Chicago Bears @ Carolina Panthers,0.11764705882352941,0.08506588458900542,True,-0.014179172511015026,-0.166684594882208
00-0038120,Breece Hall,RB,755,250,18,9,0.0244337708560731,0.0352186941951805,4,NYJ,14.0,2.25,0,,,NYJ,NYJ,False,1.0,14.0,2.25,13.642414860681114,2.2244582043343653,TEN,A,18.75,NYJ@TEN,1.900875,0.4116781518777822,0.3742447642817378,0.312191459739183,220.31625747720295,breecehall,Breece Hall,New York Jets @ Tennessee Titans,0.47619047619047616,0.3264134278280335,True,-0.014221968088850512,-0.043570413703517
00-0038589,Josh Whyle,TE,0,58,0,3,0.0735694822888283,0.0528080933688632,4,GB,0.0,1.0,0,,,GB,GB,False,1.0,0.0,1.0,0.0030044275774826,1.117067257010331,MIN,A,22.25,GB@MIN,2.377225,0.0592112261889511,0.0632762067842821,0.0613158330555675,1530.900128346538,joshwhyle,Josh Whyle,Green Bay Packers @ Minnesota Vikings,0.10526315789473684,0.07566640830627606,True,-0.014350575250708562,-0.18965582709597528
00-0037238,Drake London,WR,1,497,0,22,0.0404515272005102,0.0446940588625455,4,ATL,0.0,6.75,0,,,ATL,ATL,False,1.0,0.0,6.75,0.0082270670505964,6.5874125874125875,PIT,A,17.5,ATL@PIT,1.7307499999999998,0.2947510033602694,0.2231175565257917,0.1999792038989716,400.05199565910584,drakelondon,Drake London,Atlanta Falcons @ Pittsburgh Steelers,0.30303030303030304,0.21471559685344815,True,-0.01473639295447654,-0.06863214955239005
00-0040218,Jimmy Horn Jr.,WR,8,15,0,0,0.0349639377958247,0.0375283416582416,4,CAR,0.25,1.0,0,,,CAR,CAR,False,1.0,0.25,1.0,0.2435211846976553,1.1756478815302345,CHI,H,22.0,CHI@CAR,2.3432000000000004,0.052634574921589,0.0571629693875784,0.0555598580074059,1699.8606113548808,jimmyhorn,Jimmy Horn Jr.,Chicago Bears @ Carolina Panthers,0.09761904761904762,0.07058443042682949,True,-0.015024572419423593,-0.21285958289340645
00-0039880,Malik Washington,WR,22,101,2,3,0.0579898577844894,0.0360104793780011,4,MIA,1.0,2.25,0,,,MIA,MIA,False,1.0,1.0,2.25,0.9494035376388318,2.3521184697655286,LV,A,18.75,MIA@LV,1.900875,0.1397566897778742,0.1441075500611445,0.134205373213354,645.1266488490311,malikwashington,Malik Washington,Miami Dolphins @ Las Vegas Raiders,0.20869565217391306,0.14949659517946914,True,-0.015291221966115154,-0.10228475068451026
00-0040198,Ollie Gordon II,RB,70,9,3,1,0.0375828327964646,0.0442481917933625,4,MIA,3.0,0.25,0,,,MIA,MIA,False,1.0,3.0,0.25,3.289473684210526,0.3421052631578947,LV,A,18.75,MIA@LV,1.900875,0.1387652787597841,0.1430852747543405,0.1333198401934752,650.0759065933391,olliegordon,Ollie Gordon II,Miami Dolphins @ Las Vegas Raiders,0.20833333333333334,0.14923705247950478,True,-0.015917212286029575,-0.10665724109108587
00-0036358,CeeDee Lamb,WR,58,837,3,41,0.0472848107468874,0.048988307761493,4,DAL,0.0,7.0,0,,,DAL,DAL,False,1.0,0.0,7.0,0.0082270670505964,6.822706705059646,NYG,A,25.5,DAL@NYG,2.8195499999999996,0.3346218711423534,0.363865335690302,0.3050152219130073,227.8524900259593,ceedeelamb,CeeDee Lamb,Dallas Cowboys @ New York Giants,0.43961352657004826,0.3211377401897066,True,-0.016122518276699305,-0.050204371081316035
00-0039064,Zay Flowers,WR,27,342,2,14,0.0538829387646155,0.0419501758106741,4,BAL,0.25,5.75,0,,,BAL,BAL,False,1.0,0.25,5.75,0.2435211846976553,5.646236116824352,IND,A,25.5,BAL@IND,2.8195499999999996,0.2499822348523101,0.3169992180205374,0.2716686753343831,268.0954378597941,zayflowers,Zay Flowers,Baltimore Ravens @ Indianapolis Colts,0.3809869375907112,0.28847010107566207,True,-0.016801425741278964,-0.058243213693997875
00-0036407,Jerry Jeudy,WR,7,607,0,17,0.0356549220283781,0.0295740028669145,4,CLE,0.25,5.25,0,,,CLE,CLE,False,1.0,0.25,5.25,0.2435211846976553,5.175647881530234,JAX,A,15.5,CLE@JAX,1.45855,0.1617473541391684,0.1160121610979704,0.1095356057931111,812.9451494418915,jerryjeudy,Jerry Jeudy,Cleveland Browns @ Jacksonville Jaguars,0.1835016835016835,0.12646151310265258,True,-0.01692590730954148,-0.13384235957861912
00-0040154,Tai Felton,WR,0,3,0,0,0.0413793103448275,0.0462153585833225,4,MIN,0.0,0.5,0,,,MIN,MIN,False,1.0,0.0,0.5,0.0082270670505964,0.7050596462361168,GB,H,23.75,GB@MIN,2.5813749999999995,0.032925014734147,0.0291145909157824,0.0286948446580355,3384.946553700777,taifelton,Tai Felton,Green Bay Packers @ Minnesota Vikings,0.06666666666666667,0.04792205859397484,True,-0.019227213935939336,-0.4012184472049526
00-0035021,Ashton Dulin,WR,15,70,0,4,0.030787372185228,0.0538185769777776,4,IND,0.25,0.75,0,,,IND,IND,False,1.0,0.25,0.75,0.2435211846976553,0.9403537638831756,BAL,H,22.5,BAL@IND,2.41125,0.058105878776164,0.0478538910707035,0.0467269413912296,2040.0929960883184,ashtondulin,Ashton Dulin,Baltimore Ravens @ Indianapolis Colts,0.08712121212121213,0.06596516149705652,True,-0.019238220105826917,-0.2916421284996833
00-0033885,David Njoku,TE,3,528,0,30,0.0714266818338139,0.0565942243132774,4,CLE,0.0,1.75,0,,,LAC,LAC,True,1.0,0.0,1.75,0.0030044275774826,1.8229496099515077,ARI,H,28.25,ARI@LAC,3.1938250000000004,0.1033830154300668,0.1261322055616333,0.1185016998983177,743.8697511158625,davidnjoku,David Njoku,Arizona Cardinals @ Los Angeles Chargers,0.1925925925925926,0.1377518425918363,True,-0.019250142693518588,-0.1397450831242778
00-0039356,Ja'Tavion Sanders,TE,0,77,0,2,0.0735694822888283,0.0367603991034718,4,CAR,0.0,1.25,0,,,CAR,CAR,False,1.0,0.0,1.25,0.0030044275774826,1.3523613746573897,CHI,H,22.0,CHI@CAR,2.3432000000000004,0.0499343780459751,0.0542304621607015,0.0527862155901273,1794.4339707259326,jatavionsanders,Ja'Tavion Sanders,Chicago Bears @ Carolina Panthers,0.1,0.0723060019006546,True,-0.019519786310527303,-0.269960802664026
00-0035229,T.J. Hockenson,TE,2,628,0,26,0.0721269434204199,0.0423017018328521,4,MIN,0.0,3.75,0,,,MIN,MIN,False,1.0,0.0,3.75,0.0030044275774826,3.705302551127978,GB,H,23.75,GB@MIN,2.5813749999999995,0.1569573038962139,0.1387925785631635,0.1295914488722217,671.655852837951,tjhockenson,T.J. Hockenson,Green Bay Packers @ Minnesota Vikings,0.20842379504993486,0.14982145978142372,True,-0.020230010909202012,-0.13502745827410711
00-0040584,Gunnar Helm,TE,0,55,0,2,0.0735694822888283,0.0446245430891199,4,TEN,0.0,2.75,0,,,TEN,TEN,False,1.0,0.0,2.75,0.0030044275774826,2.764126080539743,NYJ,H,19.75,NYJ@TEN,2.036975,0.1235688975662556,0.1100633296545802,0.1042225957734227,859.4848339547927,gunnarhelm,Gunnar Helm,New York Jets @ Tennessee Titans,0.18181818181818182,0.12463058153434008,True,-0.020407985760917374,-0.1637478178282773
00-0037742,Treylon Burks,WR,11,114,0,2,0.0330428492187186,0.0269946915200613,4,WAS,0.0,3.25,0,,,WAS,WAS,False,1.0,0.0,3.25,0.0082270670505964,3.293294940353764,PHI,A,19.5,WAS@PHI,2.00295,0.089173326735494,0.0720730648628501,0.0695370908173275,1338.0814443718666,treylonburks,Treylon Burks,Washington Commanders @ Philadelphia Eagles,0.12310606060606061,0.09006332038256393,True,-0.020526229565236434,-0.22790886987118308
00-0035659,Terry McLaurin,WR,12,786,0,41,0.0324485554674808,0.0519809793204113,4,WAS,0.0,4.75,0,,,WAS,WAS,False,1.0,0.0,4.75,0.0082270670505964,4.7050596462361165,PHI,A,19.5,WAS@PHI,2.00295,0.2448405646138275,0.1978888815801617,0.1795389835955401,456.9820993599748,terrymclaurin,Terry McLaurin,Washington Commanders @ Philadelphia Eagles,0.27402402402402404,0.2004735863262615,True,-0.020934602730721397,-0.1044257406392246
00-0037239,Chris Olave,WR,2,457,0,19,0.0395644361242075,0.0422975773133612,4,NO,0.0,10.25,0,,,NO,NO,False,1.0,0.0,10.25,0.0082270670505964,9.88153023447141,DET,A,21.5,NO@DET,2.27515,0.418290288335684,0.3239525930829828,0.2767154697431996,261.3820365475159,chrisolave,Chris Olave,New Orleans Saints @ Detroit Lions,0.4,0.2976679211421698,True,-0.020952451398970173,-0.07038867782115843
00-0039794,Braelon Allen,RB,110,30,3,1,0.0288482655937397,0.0318607546525716,4,NYJ,4.5,0.75,0,,,NYJ,NYJ,False,1.0,4.5,0.75,4.701238390092879,0.8126934984520124,TEN,A,18.75,NYJ@TEN,1.900875,0.1615156018588043,0.1468291869990137,0.1365585481537483,632.286637138322,braelonallen,Braelon Allen,New York Jets @ Tennessee Titans,0.23255813953488372,0.1594112089392722,True,-0.022852660785523893,-0.14335667446214295
00-0038090,Skyy Moore,WR,8,81,0,1,0.0349639377958247,0.0261538513931276,4,SF,0.25,0.25,0,,,GB,GB,True,1.0,0.25,0.25,0.2435211846976553,0.469765528589058,MIN,A,22.25,GB@MIN,2.377225,0.0208006373780666,0.0222286467734899,0.0219834108533009,4448.884641574378,skyymoore,Skyy Moore,Green Bay Packers @ Minnesota Vikings,0.0625,0.04492692993185141,True,-0.022943519078550512,-0.5106852196077718
00-0038519,Nikko Remigio,WR,1,7,0,0,0.0404515272005102,0.0429048379066467,4,KC,0.0,0.0,0,,,KC,KC,False,1.0,0.0,0.0,0.0082270670505964,0.2344714109419991,DEN,H,23.0,DEN@KC,2.4793000000000003,0.0103927553067868,0.0093845850425923,0.0093406872525537,10605.850361563034,nikkoremigio,Nikko Remigio,Denver Broncos @ Kansas City Chiefs,0.047619047619047616,0.033504564802737315,True,-0.024163877550183614,-0.7212115033414621
00-0037261,Khalil Shakir,WR,4,260,0,11,0.037902071713406,0.0433745818891016,4,BUF,0.0,5.0,0,,,BUF,BUF,False,1.0,0.0,5.0,0.0082270670505964,4.940353763883175,HOU,A,23.0,BUF@HOU,2.4793000000000003,0.2145976017780248,0.1593091035640298,0.1472672644999544,579.0375331513743,khalilshakir,Khalil Shakir,Buffalo Bills @ Houston Texans,0.24099883855981416,0.17185623454369572,True,-0.02458897004374133,-0.1430787198906619
00-0039894,Xavier Worthy,WR,31,171,3,7,0.0643985712163472,0.042739293334723,4,KC,0.5,3.5,0,,,KC,KC,False,1.0,0.5,3.5,0.4788153023447141,3.5285890580008226,DEN,H,23.0,DEN@KC,2.4793000000000003,0.1816444241551141,0.1640236391289971,0.1512780414047935,561.0344705112723,xavierworthy,Xavier Worthy,Denver Broncos @ Kansas City Chiefs,0.2501563477173233,0.17600897082113412,True,-0.024730929416340613,-0.14050948256195972
00-0033921,Chris Godwin Jr.,WR,13,812,2,40,0.0672108279282802,0.0492493406357927,4,TB,0.0,5.0,0,,,TB,TB,False,1.0,0.0,5.0,0.0082270670505964,4.940353763883175,CIN,A,23.5,TB@CIN,2.54735,0.2438621133666956,0.2513045023178327,0.2222145019904053,350.015634012571,chrisgodwin,Chris Godwin,Tampa Bay Buccaneers @ Cincinnati Bengals,0.3225806451612903,0.24733932287267327,True,-0.025124820882267973,-0.10158037383809715
00-0040075,LaJohntay Wester,WR,0,0,0,0,0.0413793103448275,0.0490541054154457,4,BAL,0.0,0.0,0,,,BAL,BAL,False,1.0,0.0,0.0,0.0082270670505964,0.2344714109419991,IND,A,25.5,BAL@IND,2.8195499999999996,0.0118422156699714,0.0150169595420624,0.0149047673026421,6609.262745905019,lajohntaywester,LaJohntay Wester,Baltimore Ravens @ Indianapolis Colts,0.05298913043478261,0.040121532536253175,True,-0.025216765233611077,-0.6285095219337797
00-0036309,Darnell Mooney,WR,13,538,1,17,0.049543044675447,0.0330512780004344,4,ATL,0.0,4.5,0,,,NYG,NYG,True,1.0,0.0,4.5,0.0082270670505964,4.469765528589058,DAL,H,22.5,DAL@NYG,2.41125,0.1481390570325912,0.1013826711758077,0.0964128100543991,937.2065697864924,darnellmooney,Darnell Mooney,Dallas Cowboys @ New York Giants,0.16666666666666666,0.12175002237961403,True,-0.025337212325214936,-0.2081084818712725
00-0036275,D'Andre Swift,RB,1069,354,38,9,0.0353326111796127,0.0260391706425118,4,CHI,12.5,2.0,0,,,CHI,CHI,False,1.0,12.5,2.0,12.230650154798765,1.9891640866873064,CAR,A,25.0,CHI@CAR,2.7515,0.4839369894825817,0.5074199150113579,0.397953091137987,151.28589833047886,dandreswift,D'Andre Swift,Chicago Bears @ Carolina Panthers,0.5859053497942387,0.42364473335825925,True,-0.02569164222027226,-0.06064430924612929
00-0039062,Jonathan Mingo,WR,2,132,0,0,0.0395644361242075,0.0132483062632851,4,DAL,0.0,1.0,0,,,DAL,DAL,False,1.0,0.0,1.0,0.0082270670505964,1.1756478815302345,NYG,A,25.5,DAL@NYG,2.8195499999999996,0.0159008424611078,0.017290457913339,0.0171418357604054,5733.680907792984,jonathanmingo,Jonathan Mingo,Dallas Cowboys @ New York Giants,0.058823529411764705,0.04297059613398142,True,-0.025828760373576024,-0.6010798708270764
00-0040164,Jaylin Lane,WR,1,32,0,0,0.0404515272005102,0.0296364918758689,4,WAS,0.0,0.5,0,,,WAS,WAS,False,1.0,0.0,0.5,0.0082270670505964,0.7050596462361168,PHI,A,19.5,WAS@PHI,2.00295,0.0212282919042573,0.017157463059344,0.0170111119897529,5778.510473638502,jaylinlane,Jaylin Lane,Washington Commanders @ Philadelphia Eagles,0.058823529411764705,0.04303478114207579,True,-0.02602366915232289,-0.6047124781791706
00-0040138,Jaylin Noel,WR,6,35,0,2,0.0363737684181137,0.0524308266883768,4,HOU,0.25,1.25,0,,,HOU,HOU,False,1.0,0.25,1.25,0.2435211846976553,1.4109419991772931,BUF,H,21.5,BUF@HOU,2.27515,0.0828346386033138,0.0825795413999683,0.0792618018612359,1161.6417700807567,jaylinnoel,Jaylin Noel,Buffalo Bills @ Houston Texans,0.14955357142857142,0.106646628680316,True,-0.02738482681908011,-0.2567809893097407
00-0030565,Geno Smith,QB,218,1,5,0,0.0269844865243485,0.151426907396622,4,LV,1.0,0.0,0,,,NYJ,NYJ,True,1.0,1.0,0.0,1.1281625553447183,0.0015022137887413,TEN,A,18.75,NYJ@TEN,1.900875,0.0306703628602518,0.0278815445189764,0.0274964416446211,3536.834223586233,genosmith,Geno Smith,New York Jets @ Tennessee Titans,0.08012820512820512,0.05492533641337102,True,-0.027428894768749924,-0.49938510275692427
00-0040506,Myles Price,WR,0,0,0,0,0.0413793103448275,0.0490541054154457,4,MIN,0.0,0.0,0,,,MIN,MIN,False,1.0,0.0,0.0,0.0082270670505964,0.2344714109419991,GB,H,23.75,GB@MIN,2.5813749999999995,0.0118422156699714,0.0104717117836278,0.01041707429212,9499.624347082256,mylesprice,Myles Price,Green Bay Packers @ Minnesota Vikings,0.05277777777777778,0.03793829638689675,True,-0.027521222094776747,-0.7254206096687599
00-0034855,Baker Mayfield,QB,366,2,11,0,0.0318533432472697,0.1499423298731257,4,TB,3.0,0.0,0,,,TB,TB,False,1.0,3.0,0.0,3.0105154965211893,0.0015022137887413,CIN,A,23.5,TB@CIN,2.54735,0.0961202288973655,0.0990537068355757,0.0943059352448955,960.3786467979776,bakermayfield,Baker Mayfield,Tampa Bay Buccaneers @ Cincinnati Bengals,0.16025641025641024,0.1228769071963601,True,-0.028570971951464602,-0.23251701726026952
00-0038997,Josh Downs,WR,3,293,0,11,0.0387154174659225,0.0391873635307791,4,IND,0.5,5.75,0,,,IND,IND,False,1.0,0.5,5.75,0.4788153023447141,5.646236116824352,BAL,H,22.5,BAL@IND,2.41125,0.2397986416099584,0.1974894505719612,0.1792112005655733,458.000837472265,joshdowns,Josh Downs,Baltimore Ravens @ Indianapolis Colts,0.2744360902255639,0.20779349335914893,True,-0.02858229279357563,-0.1375514330671278
00-0040134,Pat Bryant,WR,0,49,0,1,0.0413793103448275,0.0347077984582493,4,DEN,0.0,6.0,0,,,DEN,DEN,False,1.0,0.0,6.0,0.0082270670505964,5.881530234471411,KC,A,20.5,DEN@KC,2.13905,0.2044753963648479,0.1127514334902623,0.1066273049476482,837.8460803177747,patbryant,Pat Bryant,Denver Broncos @ Kansas City Chiefs,0.19237883832778396,0.13535695436399983,True,-0.02872964941635163,-0.2122510036617129
00-0037664,Alec Pierce,WR,0,296,0,17,0.0413793103448275,0.0562457900800022,4,IND,0.0,4.25,0,,,IND,IND,False,1.0,0.0,4.25,0.0082270670505964,4.234471410942,BAL,H,22.5,BAL@IND,2.41125,0.2385116204403291,0.1964295066875501,0.1783407492639475,460.7243460214368,alecpierce,Alec Pierce,Baltimore Ravens @ Indianapolis Colts,0.27402402402402404,0.20748149111686792,True,-0.029140741852920427,-0.14044983818101797
00-0036646,Simi Fehoko,WR,0,22,0,1,0.0413793103448275,0.0479362389926609,4,ARI,0.0,0.0,0,,,ARI,ARI,False,1.0,0.0,0.0,0.0082270670505964,0.2344714109419991,LAC,A,18.75,ARI@LAC,1.900875,0.0115801079525764,0.009222148139857,0.0091797545517744,10793.537450919102,simifehoko,Simi Fehoko,Arizona Cardinals @ Los Angeles Chargers,0.05555555555555555,0.039736108439952775,True,-0.030556353888178373,-0.7689820439853493
00-0032951,Laquon Treadwell,WR,0,140,0,5,0.0413793103448275,0.0391644162409753,4,IND,0.0,0.0,0,,,IND,IND,False,1.0,0.0,0.0,0.0082270670505964,0.2344714109419991,BAL,H,22.5,BAL@IND,2.41125,0.0095233662954555,0.0078430985457548,0.0078124217012514,12700.128285955412,laquontreadwell,Laquon Treadwell,Baltimore Ravens @ Indianapolis Colts,0.05263157894736842,0.0398508069455902,True,-0.0320383852443388,-0.8039582558035026
00-0037247,George Pickens,WR,8,430,1,21,0.0543437090376041,0.0488593321856807,4,DAL,0.0,5.75,0,,,DAL,DAL,False,1.0,0.0,5.75,0.0082270670505964,5.646236116824352,NYG,A,25.5,DAL@NYG,2.8195499999999996,0.2763184153687397,0.3004665912073223,0.2595273579580294,285.3158325457617,georgepickens,George Pickens,Dallas Cowboys @ New York Giants,0.4,0.2922000537110737,True,-0.03267269575304432,-0.11181618667788118
00-0036862,Ben Skowronek,WR,3,104,1,2,0.0601745545459905,0.0287608906148907,4,PIT,0.0,0.25,0,,,PIT,PIT,False,1.0,0.0,0.25,0.0082270670505964,0.469765528589058,ATL,H,23.5,ATL@PIT,2.54735,0.0140059350773858,0.0178644135781549,0.0177057909133722,5547.869699199684,benskowronek,Ben Skowronek,Atlanta Falcons @ Pittsburgh Steelers,0.07142857142857142,0.05061153354402706,True,-0.03290574263065486,-0.6501629238724824
00-0038104,Tyquan Thornton,WR,6,113,1,5,0.0565349789562667,0.0456982482394722,4,KC,0.0,1.75,0,,,KC,KC,False,1.0,0.0,1.75,0.0082270670505964,1.8815302344714109,DEN,H,23.0,DEN@KC,2.4793000000000003,0.0864477527875241,0.0780617135521052,0.0750926545354375,1231.6881740118563,tyquanthornton,Tyquan Thornton,Denver Broncos @ Kansas City Chiefs,0.15476190476190477,0.1088898356088963,True,-0.033797181073458804,-0.31037957661034044
00-0037594,Julius Chestnut,RB,42,8,0,0,0.0188750641397431,0.0262193743878553,4,TEN,0.25,0.0,0,,,TEN,TEN,False,1.0,0.25,0.0,0.7012383900928794,0.1068111455108359,NYJ,H,19.75,NYJ@TEN,2.036975,0.0160364410031976,0.0142837245244078,0.0141821961074255,6951.094149490837,juliuschestnut,Julius Chestnut,New York Jets @ Tennessee Titans,0.07142857142857142,0.048962014174205024,True,-0.03477981806677952,-0.7103428781143322
00-0037263,Tyler Allgeier,RB,676,69,18,2,0.0270489174014488,0.0297331850031925,4,ATL,8.75,0.75,0,,,ARI,ARI,True,1.0,8.75,0.75,8.70123839009288,0.8126934984520124,LAC,A,18.75,ARI@LAC,1.900875,0.2595230446443035,0.2066785537076117,0.1867189658520678,435.56423442933584,tylerallgeier,Tyler Allgeier,Arizona Cardinals @ Los Angeles Chargers,0.3125,0.22351560997473435,True,-0.03679664412266656,-0.16462673066469924
00-0040128,Tyler Warren,TE,6,112,1,4,0.0788391342347437,0.0412235951830483,4,IND,0.0,7.0,0,,,IND,IND,False,1.0,0.0,7.0,0.0030044275774826,6.764126080539743,BAL,H,22.5,BAL@IND,2.41125,0.2790784617803494,0.2298388836293577,0.2053383748132792,387.0010298412716,tylerwarren,Tyler Warren,Baltimore Ravens @ Indianapolis Colts,0.3225806451612903,0.24424688127942382,True,-0.038908506466144605,-0.15929991106675556
00-0035710,Daniel Jones,QB,444,1,20,0,0.045148335588653,0.151426907396622,4,IND,3.0,0.0,0,,,IND,IND,False,1.0,3.0,0.0,3.0105154965211893,0.0015022137887413,BAL,H,22.5,BAL@IND,2.41125,0.1361472395200566,0.1121259209359449,0.1060683143016012,842.788623147661,danieljones,Daniel Jones,Baltimore Ravens @ Indianapolis Colts,0.19230769230769232,0.14560871768581035,True,-0.03954040338420915,-0.27155244557216773
00-0036973,Travis Etienne,RB,897,222,25,7,0.0281146850466482,0.0314215807764562,4,JAX,14.75,3.25,0,,,NO,NO,True,1.0,14.75,3.25,14.348297213622292,3.1656346749226008,DET,A,21.5,NO@DET,2.27515,0.5028671027635225,0.3894546597401186,0.3225737984346356,210.00657984397137,travisetienne,Travis Etienne Jr.,New Orleans Saints @ Detroit Lions,0.4878048780487805,0.3630096599294753,True,-0.04043586149483974,-0.11139059358005932
00-0038129,Cade Otton,TE,1,300,0,11,0.0728410715730973,0.0390673126396374,4,TB,0.0,4.75,0,,,TB,TB,False,1.0,0.0,4.75,0.0030044275774826,4.646479021716213,CIN,A,23.5,TB@CIN,2.54735,0.1817442943391118,0.1872909194767677,0.1707975298561675,485.488561129732,cadeotton,Cade Otton,Tampa Bay Buccaneers @ Cincinnati Bengals,0.2758751902587519,0.21152782654350577,True,-0.04073029668733827,-0.19255290120877366
00-0036912,DeVonta Smith,WR,1,554,0,31,0.0404515272005102,0.055397449992344,4,PHI,0.0,4.75,0,,,PHI,PHI,False,1.0,0.0,4.75,0.0082270670505964,4.7050596462361165,WAS,H,25.0,WAS@PHI,2.7515,0.2609811038899388,0.2482025220424854,0.2197980808093316,354.9630262092555,devontasmith,DeVonta Smith,Washington Commanders @ Philadelphia Eagles,0.35714285714285715,0.26128259979117446,True,-0.041484518981842855,-0.15877260489216893
00-0034975,Justice Hill,RB,268,149,8,5,0.0301871313378148,0.0329357897585027,4,BAL,0.75,1.0,0,,,BAL,BAL,False,1.0,0.75,1.0,1.171826625386997,1.047987616099071,IND,A,25.5,BAL@IND,2.8195499999999996,0.069890384039059,0.0886270862432528,0.084813204306606,1079.0616899521049,justicehill,Justice Hill,Baltimore Ravens @ Indianapolis Colts,0.1709090909090909,0.12940643855422562,True,-0.04459323424761963,-0.3445982653245926
00-0037085,Tyler Badie,RB,20,35,0,1,0.0239322726011078,0.0298697673713674,4,DEN,0.5,1.5,0,,,DEN,DEN,False,1.0,0.5,1.5,0.936532507739938,1.518575851393189,KC,A,20.5,DEN@KC,2.13905,0.0677728586919221,0.037371180616823,0.0366814961762318,2626.1701518270143,tylerbadie,Tyler Badie,Denver Broncos @ Kansas City Chiefs,0.11764705882352941,0.0827759836302922,True,-0.046094487454060404,-0.5568582266558768
00-0039337,Malik Nabers,WR,5,205,0,9,0.037122196844331,0.0448936533697477,4,NYG,0.0,8.75,0,,,NYG,NYG,False,1.0,0.0,8.75,0.0082270670505964,8.469765528589058,DAL,H,22.5,DAL@NYG,2.41125,0.3805441245660195,0.2604348955743285,0.2292836682131506,336.14096363390473,maliknabers,Malik Nabers,Dallas Cowboys @ New York Giants,0.37735849056603776,0.27566042802931484,True,-0.04637675981616424,-0.16823872816170893
00-0038134,Kenneth Walker III,RB,821,161,29,2,0.0350636614299357,0.0164550894295802,4,SEA,12.75,2.5,0,,,KC,KC,True,1.0,12.75,2.5,12.46594427244582,2.459752321981424,DEN,H,23.0,DEN@KC,2.4793000000000003,0.4775770938063085,0.4312487611723682,0.3503027287841121,185.4673737401256,kennethwalker,Kenneth Walker III,Denver Broncos @ Kansas City Chiefs,0.5652173913043478,0.3976846170064038,True,-0.04738188822229167,-0.11914438274973227
00-0034798,Durham Smythe,TE,4,181,1,3,0.0803552714315657,0.0244237772397068,4,CHI,0.0,0.5,0,,,BAL,BAL,True,1.0,0.0,0.5,0.0030044275774826,0.6464790217162133,IND,A,25.5,BAL@IND,2.8195499999999996,0.0160308812100255,0.0203285517899323,0.0201233198232428,4869.358976469565,durhamsmythe,Durham Smythe,Baltimore Ravens @ Indianapolis Colts,0.09090909090909091,0.06883321199692853,True,-0.04870989217368573,-0.7076510126515563
00-0039589,Kameron Johnson,WR,4,8,0,1,0.037902071713406,0.0597430714440972,4,TB,0.0,0.0,0,,,TB,TB,False,1.0,0.0,0.0,0.0082270670505964,0.2344714109419991,CIN,A,23.5,TB@CIN,2.54735,0.0143198651408488,0.0147568908216103,0.0146485415292407,6726.618185870885,kameronjohnson,Kameron Johnson,Tampa Bay Buccaneers @ Cincinnati Bengals,0.08333333333333333,0.06389599174210725,True,-0.04924745021286655,-0.7707439679727617
00-0037838,Isaiah Likely,TE,0,194,0,15,0.0735694822888283,0.0727309739113278,4,BAL,0.0,2.75,0,,,NYG,NYG,True,1.0,0.0,2.75,0.0030044275774826,2.764126080539743,DAL,H,22.5,DAL@NYG,2.41125,0.2012586160328066,0.1377363708077552,0.1286716309362385,677.1720873698539,isaiahlikely,Isaiah Likely,Dallas Cowboys @ New York Giants,0.24448419797257004,0.17859573944773435,True,-0.04992410851149584,-0.27953695125020617
00-0035644,Noah Fant,TE,3,460,0,18,0.0714266818338139,0.0405426467798988,4,CIN,0.0,1.5,0,,,NO,NO,True,1.0,0.0,1.5,0.0030044275774826,1.5876554923044486,DET,A,21.5,NO@DET,2.27515,0.0645823521253352,0.0500169882538863,0.0487867350889915,1949.7374915044152,noahfant,Noah Fant,New Orleans Saints @ Detroit Lions,0.135632183908046,0.10093337555970125,True,-0.05214664047070975,-0.5166441742539905
00-0039918,Caleb Williams,QB,158,2,3,1,0.025117793244457,0.1597462514417532,4,CHI,3.0,0.0,0,,,CHI,CHI,False,1.0,3.0,0.0,3.0105154965211893,0.0015022137887413,CAR,A,25.0,CHI@CAR,2.7515,0.0758574788224687,0.0795384446603836,0.0764574859921973,1207.9164021977545,calebwilliams,Caleb Williams,Chicago Bears @ Carolina Panthers,0.17908538535337384,0.1294894821374051,True,-0.0530319961452078,-0.4095467467306263
00-0038041,Jake Ferguson,TE,1,312,0,15,0.0728410715730973,0.048880610049195,4,DAL,0.0,3.0,0,,,DAL,DAL,False,1.0,0.0,3.0,0.0030044275774826,2.9994201981868014,NYG,A,25.5,DAL@NYG,2.8195499999999996,0.146832334805456,0.1596643895743721,0.1475701746983742,577.6437054736489,jakeferguson,Jake Ferguson,Dallas Cowboys @ New York Giants,0.2761904761904762,0.20175717994336043,True,-0.054187005244986236,-0.2685753501322641
00-0038994,Jordan Addison,WR,6,286,2,22,0.0766961894944196,0.0728580468795127,4,MIN,0.25,2.25,0,,,MIN,MIN,False,1.0,0.25,2.25,0.2435211846976553,2.3521184697655286,GB,H,23.75,GB@MIN,2.5813749999999995,0.1900479046638216,0.1680535921810921,0.1546914684571786,546.4480620512164,jordanaddison,Jordan Addison,Green Bay Packers @ Minnesota Vikings,0.29198635976129583,0.20988881161683354,True,-0.05519734315965494,-0.2629837328367054
00-0039066,Michael Mayer,TE,0,122,0,3,0.0735694822888283,0.0329083757176535,4,LV,0.0,4.5,0,,,LV,LV,False,1.0,0.0,4.5,0.0030044275774826,4.411184904069154,MIA,H,21.75,MIA@LV,2.309175,0.145385964364599,0.170181094582962,0.1564879526984741,539.0268277883545,michaelmayer,Michael Mayer,Miami Dolphins @ Las Vegas Raiders,0.2985739750445633,0.21387983991715123,True,-0.057391887218677134,-0.2683370589809144
00-0036550,Rashod Bateman,WR,1,262,0,15,0.0404515272005102,0.0559638348285247,4,BAL,0.0,1.75,0,,,BAL,BAL,False,1.0,0.0,1.75,0.0082270670505964,1.8815302344714109,IND,A,25.5,BAL@IND,2.8195499999999996,0.1056304446934111,0.133948591933966,0.1253649732571737,697.6709714192651,rashodbateman,Rashod Bateman,Baltimore Ravens @ Indianapolis Colts,0.24695121951219512,0.18698290210141255,True,-0.06161792884423886,-0.3295377713777252
00-0037525,Jordan Mason,RB,395,34,13,0,0.0327384478477756,0.017591573057902,4,MIN,9.25,0.25,0,,,MIN,MIN,False,1.0,9.25,0.25,9.171826625386998,0.3421052631578947,GB,H,23.75,GB@MIN,2.5813749999999995,0.3062895373744074,0.270842538855166,0.2372634116736838,321.4724861898779,jordanmason,Jordan Mason,Green Bay Packers @ Minnesota Vikings,0.4166666666666667,0.29951286621234274,True,-0.06224945453865893,-0.20783566103810225
00-0036893,Najee Harris,RB,1112,236,28,6,0.0255215249326021,0.0262976009555824,3,LAC,5.0,1.0,0,,,NYG,NYG,True,1.0,5.0,1.0,5.224696356275303,1.062753036437247,DAL,H,22.5,DAL@NYG,2.41125,0.1612900735885158,0.110382898488066,0.1045088125781333,856.8571064304986,najeeharris,Najee Harris,Dallas Cowboys @ New York Giants,0.23015873015873015,0.16813098328613366,True,-0.06362217070800036,-0.37840836628978125
00-0036252,Michael Pittman,WR,11,709,0,25,0.0330428492187186,0.0361498603234054,4,IND,0.0,4.25,0,,,PIT,PIT,True,1.0,0.0,4.25,0.0082270670505964,4.234471410942,ATL,H,23.5,ATL@PIT,2.54735,0.1533473957850719,0.1955928886076811,0.1776530466471806,462.8949341837083,michaelpittman,Michael Pittman Jr.,Atlanta Falcons @ Pittsburgh Steelers,0.3421052631578947,0.2424026080266559,True,-0.0647495613794753,-0.2671157786072792
00-0039915,Ladd McConkey,WR,0,218,0,13,0.0413793103448275,0.0576967373417122,4,LAC,0.0,4.0,0,,,LAC,LAC,False,1.0,0.0,4.0,0.0082270670505964,3.99917729329494,ARI,H,28.25,ARI@LAC,3.1938250000000004,0.2310799122348923,0.2819285050830403,0.2456723868046808,307.04615321502905,laddmcconkey,Ladd McConkey,Arizona Cardinals @ Los Angeles Chargers,0.43478260869565216,0.3109782399648478,True,-0.06530585316016702,-0.21000135947630616
00-0033881,Evan Engram,TE,16,695,1,20,0.0720426571455416,0.0304091759242569,4,DEN,0.0,3.75,0,,,DEN,DEN,False,1.0,0.0,3.75,0.0030044275774826,3.705302551127978,KC,A,20.5,DEN@KC,2.13905,0.1128916440757318,0.0622504952913713,0.0603525199611203,1556.9316420328585,evanengram,Evan Engram,Denver Broncos @ Kansas City Chiefs,0.18019480519480519,0.12678431908308554,True,-0.06643179912196524,-0.523974885872365
00-0034827,DJ Moore,WR,72,977,2,41,0.0329077819537497,0.0423027046178306,4,CHI,0.25,4.75,0,,,BUF,BUF,True,1.0,0.25,4.75,0.2435211846976553,4.7050596462361165,HOU,A,23.0,BUF@HOU,2.4793000000000003,0.2070504904711506,0.1537064149653019,0.1424762598038235,601.87131622974,djmoore,DJ Moore,Buffalo Bills @ Houston Texans,0.29411764705882354,0.20973524867770665,True,-0.06725898887388315,-0.3206851938237518
00-0038685,Chris Brooks,RB,82,30,1,0,0.0205751271580786,0.0185296345507607,4,GB,4.0,1.0,0,,,GB,GB,False,1.0,4.0,1.0,4.230650154798761,1.047987616099071,MIN,A,22.25,GB@MIN,2.377225,0.1064649924363685,0.1137740477657556,0.1075404136603694,829.8829769784654,chrisbrooks,Chris Brooks,Green Bay Packers @ Minnesota Vikings,0.25,0.17970771972740565,True,-0.07216730606703625,-0.40158155796815587
00-0038046,Charlie Kolar,TE,1,41,0,4,0.0728410715730973,0.0741699949513661,4,BAL,0.0,0.75,0,,,LAC,LAC,True,1.0,0.0,0.75,0.0030044275774826,0.8817731393632722,ARI,H,28.25,ARI@LAC,3.1938250000000004,0.0656199550190317,0.080059472254458,0.0769385517911355,1199.7385273311254,charliekolar,Charlie Kolar,Arizona Cardinals @ Los Angeles Chargers,0.2127659574468085,0.15218084083386169,True,-0.07524228904272619,-0.49442681897696583
00-0034796,Lamar Jackson,QB,1081,2,35,0,0.0329401104023248,0.1499423298731257,4,BAL,3.75,0.0,0,,,BAL,BAL,False,1.0,3.75,0.0,3.7163978494623655,0.0015022137887413,IND,A,25.5,BAL@IND,2.8195499999999996,0.1226438008957044,0.1555230074728068,0.1440326169439123,594.2871838462877,lamarjackson,Lamar Jackson,Baltimore Ravens @ Indianapolis Colts,0.2943722943722944,0.2228884959900543,True,-0.078855879046142,-0.35379070909815236
00-0038933,Dalton Kincaid,TE,0,215,0,9,0.0735694822888283,0.0440921726973521,4,BUF,0.0,3.25,0,,,BUF,BUF,False,1.0,0.0,3.25,0.0030044275774826,3.2347143158338603,HOU,A,23.0,BUF@HOU,2.4793000000000003,0.1428466164217935,0.1060438990033535,0.1006148349030801,893.8892221641834,daltonkincaid,Dalton Kincaid,Buffalo Bills @ Houston Texans,0.251821349382325,0.17957376533919575,True,-0.07895893043611565,-0.43970192576276734
00-0034829,Mike Gesicki,TE,0,540,0,24,0.0735694822888283,0.0452320181337969,4,CIN,0.0,2.5,0,,,CIN,CIN,False,1.0,0.0,2.5,0.0030044275774826,2.528831962892684,TB,H,27.0,TB@CIN,3.0237,0.1146052073843369,0.1203355902165535,0.1133771551670108,782.0118995991251,mikegesicki,Mike Gesicki,Tampa Bay Buccaneers @ Cincinnati Bengals,0.25487012987012986,0.19542215656189946,True,-0.08204500139488866,-0.41983469448051614
00-0040667,Matthew Golden,WR,10,44,0,0,0.0336593180287228,0.0258058624610586,4,GB,0.5,2.75,0,,,GB,GB,False,1.0,0.5,2.75,0.4788153023447141,2.8227067050596464,MIN,A,22.25,GB@MIN,2.377225,0.088958977537317,0.0950662065333137,0.0906872699682634,1002.6905985260728,matthewgolden,Matthew Golden,Green Bay Packers @ Minnesota Vikings,0.25316455696202533,0.1819825009897779,True,-0.09129523102151449,-0.5016703832784594
00-0040719,Bhayshul Tuten,RB,83,14,5,2,0.0479984822025328,0.0574447125498366,4,JAX,4.0,0.5,0,,,JAX,JAX,False,1.0,4.0,0.5,4.230650154798761,0.5773993808049536,CLE,H,24.5,CLE@JAX,2.6834499999999997,0.2362333276170452,0.2195920981695795,0.1971537863787023,407.218257568309,bhayshultuten,Bhayshul Tuten,Cleveland Browns @ Jacksonville Jaguars,0.42109929078014185,0.2902036235434432,True,-0.09304983716474091,-0.3206363725875788
00-0036997,Javonte Williams,RB,858,254,22,7,0.0260458827980956,0.0280588760468633,4,DAL,13.5,2.25,0,,,DAL,DAL,False,1.0,13.5,2.25,13.171826625386998,2.2244582043343653,NYG,A,25.5,DAL@NYG,2.8195499999999996,0.4054876495485111,0.4409242564377194,0.3565585587258559,180.45884063853345,javontewilliams,Javonte Williams,Dallas Cowboys @ New York Giants,0.6183206106870229,0.45168328913352995,True,-0.09512473040767405,-0.210600508577931
00-0040142,Kaleb Johnson,RB,28,2,0,0,0.0218075751195314,0.0295656420537023,4,PIT,2.75,0.0,0,,,GB,GB,True,1.0,2.75,0.0,3.0541795665634672,0.1068111455108359,MIN,A,22.25,GB@MIN,2.377225,0.06976219042189,0.0745515178620586,0.0718403439738749,1291.975517772652,kalebjohnson,Kaleb Johnson,Green Bay Packers @ Minnesota Vikings,0.23255813953488372,0.16716997183944712,True,-0.09532962786557223,-0.5702556913578261
00-0040129,Emeka Egbuka,WR,2,127,0,6,0.0395644361242075,0.0477468339533853,4,TB,0.0,4.25,0,,,TB,TB,False,1.0,0.0,4.25,0.0082270670505964,4.234471410942,CIN,A,23.5,TB@CIN,2.54735,0.2025081026074178,0.208688415098579,0.1883519064607717,430.9210927515997,emekaegbuka,Emeka Egbuka,Tampa Bay Buccaneers @ Cincinnati Bengals,0.37037037037037035,0.2839821855204767,True,-0.095630279059705,-0.3367474578887256
00-0036613,Jaylen Waddle,WR,14,544,1,26,0.0486829253030784,0.0478979205062474,4,MIA,0.5,5.25,0,,,DEN,DEN,True,1.0,0.5,5.25,0.4788153023447141,5.175647881530234,KC,A,20.5,DEN@KC,2.13905,0.2712129003958816,0.14955170081257,0.1389060823863993,619.9108799413615,jaylenwaddle,Jaylen Waddle,Denver Broncos @ Kansas City Chiefs,0.33342595165323696,0.234597119485685,True,-0.09569103709928573,-0.4078951920171583
00-0037256,Rachaad White,RB,677,230,14,11,0.021600412332227,0.0450523357965353,4,TB,3.75,1.75,0,,,WAS,WAS,True,1.0,3.75,1.75,3.9953560371517023,1.7538699690402475,PHI,A,19.5,WAS@PHI,2.00295,0.1653172766051896,0.1336153223828648,0.1250734354567962,699.5302890240245,rachaadwhite,Rachaad White,Washington Commanders @ Philadelphia Eagles,0.30303030303030304,0.22169432709554196,True,-0.09662089163874577,-0.4358293371986275
00-0035685,David Montgomery,RB,1477,285,59,4,0.0396105973108693,0.0163325755999204,4,DET,7.25,1.0,0,,,HOU,HOU,True,1.0,7.25,1.0,7.2894736842105265,1.047987616099071,BUF,H,21.5,BUF@HOU,2.27515,0.3058567436811606,0.3049148285445343,0.26281384106403,280.49746388979844,davidmontgomery,David Montgomery,Buffalo Bills @ Houston Texans,0.5475020475020476,0.3904236254869447,True,-0.1276097844229147,-0.3268495451927558
00-0036555,Chuba Hubbard,RB,889,191,23,5,0.0262483593487961,0.0270746448862741,4,CAR,5.75,1.75,0,,,CAR,CAR,False,1.0,5.75,1.75,5.877708978328173,1.7538699690402475,CHI,H,22.0,CHI@CAR,2.3432000000000004,0.2017656239992687,0.2191244482418187,0.1967782476014022,408.1862513714518,chubahubbard,Chuba Hubbard,Chicago Bears @ Carolina Panthers,0.4494949494949495,0.32501182672516465,True,-0.12823357912376246,-0.3945505011797582
00-0038896,Jacob Saylors,RB,2,0,0,0,0.030651591894058,0.0308793070984748,4,DET,0.0,0.0,0,,,DET,DET,False,1.0,0.0,0.0,0.4659442724458205,0.1068111455108359,NO,H,28.5,NO@DET,3.22785,0.017580187848152,0.0151111896495892,0.0149975885589962,6567.738590549305,jacobsaylors,Jacob Saylors,New Orleans Saints @ Detroit Lions,0.23823028927963696,0.17728378740741818,True,-0.162286198848422,-0.9154034964035936
00-0039364,Sione Vaki,RB,7,3,0,0,0.0284340228762161,0.0289498509175781,4,DET,0.0,0.0,0,,,DET,DET,False,1.0,0.0,0.0,0.4659442724458205,0.1068111455108359,NO,H,28.5,NO@DET,3.22785,0.0163408368406408,0.0140458956789744,0.0139477123149184,7069.634542364366,sionevaki,Sione Vaki,New Orleans Saints @ Detroit Lions,0.25062266500622665,0.18650581920878478,True,-0.1725581068938664,-0.9252156722289476
