date,game_pk,pitcher_id,pitcher_name,team,opponent,venue,park_factor,line,season_k_per_9,recent_k_per_9,opp_k_rate,season_ip,recent_ip,expected_innings,lambda_k,p_over,p_under,actual_ks,graded
2026-06-27,824257,678906,Kai-Wei Teng,Detroit Tigers,Houston Astros,Comerica Park,1.0,6.5,8.859,9.0,0.2303,,,4.4,4.972,0.2338,0.7662,1.0,True
2026-06-27,824257,664285,Framber Valdez,Houston Astros,Detroit Tigers,Comerica Park,0.95,6.5,7.244,7.082,0.2153,,,5.63,4.563,0.1772,0.8228,2.0,True
2026-06-27,824745,543037,Gerrit Cole,Boston Red Sox,New York Yankees,Fenway Park,1.04,6.5,8.124,9.095,0.2189,,,5.38,5.109,0.2539,0.7461,5.0,True
2026-06-27,824745,687562,Jake Bennett,New York Yankees,Boston Red Sox,Fenway Park,1.06,6.5,6.818,8.338,0.2319,,,5.5,5.172,0.2633,0.7367,3.0,True
2026-06-27,822794,615698,Cal Quantrill,Toronto Blue Jays,Texas Rangers,Rogers Centre,1.02,6.5,5.745,5.25,0.1975,,,2.89,3.332,0.0531,0.9469,5.0,True
2026-06-27,822794,656302,Dylan Cease,Texas Rangers,Toronto Blue Jays,Rogers Centre,1.0,6.5,13.5,14.344,0.224,,,5.62,7.152,0.5726,0.4274,10.0,True
2026-06-27,823364,695505,Chase Burns,Pittsburgh Pirates,Cincinnati Reds,PNC Park,1.05,6.5,10.716,12.825,0.2368,,,5.71,6.838,0.5259,0.4741,10.0,True
2026-06-27,823364,683003,Jared Jones,Cincinnati Reds,Pittsburgh Pirates,PNC Park,0.97,6.5,9.295,9.295,0.2495,,,4.07,5.55,0.3218,0.6782,4.0,True
2026-06-27,823609,641835,Tim Mayza,New York Mets,Philadelphia Phillies,Citi Field,1.03,6.5,8.915,8.437,0.2229,,,1.5,4.661,0.1902,0.8098,1.0,True
2026-06-27,823609,681035,Christian Scott,Philadelphia Phillies,New York Mets,Citi Field,0.97,6.5,10.402,9.429,0.2319,,,4.52,5.38,0.2952,0.7048,6.0,True
2026-06-27,824581,608379,Michael Wacha,Chicago White Sox,Kansas City Royals,Rate Field,0.94,6.5,6.861,5.257,0.2402,,,6.31,5.03,0.2422,0.7578,7.0,True
2026-06-27,824581,663436,Davis Martin,Kansas City Royals,Chicago White Sox,Rate Field,1.02,6.5,8.932,7.269,0.2107,,,5.84,5.028,0.2419,0.7581,3.0,True
2026-06-27,822960,703615,Jose Cabrera,Tampa Bay Rays,Arizona Diamondbacks,Tropicana Field,1.02,6.5,5.4,5.4,0.1888,,,5.0,4.249,0.1382,0.8618,4.0,True
2026-06-27,822960,642121,Cole Sulser,Arizona Diamondbacks,Tampa Bay Rays,Tropicana Field,0.97,6.5,9.379,15.827,0.1938,,,2.0,4.873,0.2195,0.7805,1.0,True
2026-06-27,824421,677944,Slade Cecconi,Seattle Mariners,Cleveland Guardians,Progressive Field,0.99,6.5,7.044,6.75,0.2291,,,5.27,4.61,0.1833,0.8167,4.0,True
2026-06-27,823689,547179,Michael Lorenzen,Minnesota Twins,Colorado Rockies,Target Field,1.13,6.5,7.697,9.549,0.2169,,,4.69,4.573,0.1784,0.8216,1.0,True
2026-06-27,823689,702474,Mike Paredes,Colorado Rockies,Minnesota Twins,Target Field,0.98,6.5,4.95,4.95,0.2334,,,4.0,4.246,0.1378,0.8622,2.0,True
2026-06-28,824821,641793,Zack Littell,Washington Nationals,Baltimore Orioles,Oriole Park at Camden Yards,0.99,6.5,5.52,7.221,0.2426,,,4.69,4.327,0.1474,0.8526,3.0,True
2026-06-28,824821,680694,Kyle Bradish,Baltimore Orioles,Washington Nationals,Oriole Park at Camden Yards,0.97,6.5,9.506,8.836,0.2175,,,5.56,5.375,0.2945,0.7055,2.0,True
2026-06-28,823362,663903,Brady Singer,Cincinnati Reds,Pittsburgh Pirates,PNC Park,1.05,6.5,7.274,8.333,0.2375,,,4.87,4.875,0.2198,0.7802,6.0,True
2026-06-28,823362,656605,Mitch Keller,Pittsburgh Pirates,Cincinnati Reds,PNC Park,0.97,6.5,7.03,8.4,0.249,,,5.52,5.418,0.3011,0.6989,4.0,True
2026-06-28,822795,677958,Kumar Rocker,Texas Rangers,Toronto Blue Jays,Rogers Centre,1.02,6.5,7.905,8.69,0.1986,,,4.93,4.261,0.1396,0.8604,5.0,True
2026-06-28,822795,669456,Shane Bieber,Toronto Blue Jays,Texas Rangers,Rogers Centre,1.0,6.5,4.909,4.909,0.225,,,3.67,4.986,0.2358,0.7642,4.0,True
2026-06-28,824256,686613,Hunter Brown,Houston Astros,Detroit Tigers,Comerica Park,1.0,6.5,13.035,11.423,0.2305,,,4.83,5.929,0.3822,0.6178,4.0,True
2026-06-28,824256,656427,Jack Flaherty,Detroit Tigers,Houston Astros,Comerica Park,0.95,6.5,10.69,11.089,0.2151,,,4.38,5.048,0.2448,0.7552,9.0,True
2026-06-28,824422,676106,Emerson Hancock,Seattle Mariners,Cleveland Guardians,Progressive Field,0.92,6.5,8.576,7.177,0.2188,,,5.67,5.03,0.2422,0.7578,6.0,True
2026-06-28,824422,668909,Gavin Williams,Cleveland Guardians,Seattle Mariners,Progressive Field,0.99,6.5,10.334,8.89,0.2286,,,6.04,6.178,0.4223,0.5777,6.0,True
2026-06-28,822959,518876,Merrill Kelly,Arizona Diamondbacks,Tampa Bay Rays,Tropicana Field,1.02,6.5,5.233,4.413,0.1891,,,5.82,3.385,0.0568,0.9432,3.0,True
2026-06-28,822959,656876,Drew Rasmussen,Tampa Bay Rays,Arizona Diamondbacks,Tropicana Field,0.97,6.5,9.314,10.421,0.1944,,,5.73,5.075,0.2488,0.7512,5.0,True
2026-06-28,823608,666200,Jesús Luzardo,Philadelphia Phillies,New York Mets,Citi Field,1.03,6.5,10.722,10.8,0.2231,,,5.77,6.251,0.4339,0.5661,6.0,True
2026-06-28,823608,672335,Cionel Pérez,New York Mets,Philadelphia Phillies,Citi Field,0.97,6.5,6.75,8.591,0.2326,,,5.5,5.233,0.2726,0.7274,2.0,True
2026-06-28,823686,663372,Ryan Feltner,Colorado Rockies,Minnesota Twins,Target Field,1.13,6.5,6.702,6.0,0.2155,,,4.7,4.086,0.1198,0.8802,0.0,True
2026-06-28,823686,687570,Connor Prielipp,Minnesota Twins,Colorado Rockies,Target Field,0.98,6.5,8.892,8.437,0.2315,,,5.06,5.25,0.2752,0.7248,10.0,True
2026-06-28,824580,679883,Luinder Avila,Kansas City Royals,Chicago White Sox,Rate Field,0.94,6.5,8.226,7.397,0.2401,,,3.7,4.581,0.1795,0.8205,4.0,True
2026-06-28,824580,641743,Anthony Kay,Chicago White Sox,Kansas City Royals,Rate Field,1.02,6.5,7.428,8.7,0.2112,,,4.91,4.426,0.1596,0.8404,2.0,True
2026-06-28,823769,669020,Ryan Rolison,Chicago Cubs,Milwaukee Brewers,American Family Field,1.0,6.5,8.798,8.591,0.2107,,,2.17,4.5,0.169,0.831,2.0,True
2026-06-28,823769,605540,Brandon Woodruff,Milwaukee Brewers,Chicago Cubs,American Family Field,1.02,6.5,8.75,15.0,0.214,,,5.14,5.285,0.2806,0.7194,6.0,True
2026-06-28,823037,663969,Tyler Phillips,Miami Marlins,St. Louis Cardinals,Busch Stadium,0.93,6.5,7.56,6.988,0.2035,,,4.03,3.807,0.0916,0.9084,1.0,True
2026-06-28,823037,681517,Kyle Leahy,St. Louis Cardinals,Miami Marlins,Busch Stadium,0.97,6.5,7.31,7.013,0.2198,,,5.09,4.465,0.1644,0.8356,5.0,True
2026-06-29,824822,680732,Sean Burke,Chicago White Sox,Baltimore Orioles,Oriole Park at Camden Yards,1.02,5.5,8.966,10.748,0.2415,,,5.46,5.888,0.5362,0.4638,8.0,True
2026-06-29,824822,669358,Shane Baz,Baltimore Orioles,Chicago White Sox,Oriole Park at Camden Yards,0.97,5.5,7.755,8.1,0.2392,,,5.88,5.344,0.4442,0.5558,6.0,True
2026-06-29,823444,605400,Aaron Nola,Philadelphia Phillies,Pittsburgh Pirates,Citizens Bank Park,1.03,5.5,9.149,9.3,0.2376,,,5.04,5.326,0.441,0.559,5.0,True
2026-06-29,823529,663554,Casey Mize,Detroit Tigers,New York Yankees,Yankee Stadium,0.95,5.5,9.0,9.419,0.233,,,5.27,5.284,0.4337,0.5663,10.0,True
2026-06-29,823529,677960,Ryan Weathers,New York Yankees,Detroit Tigers,Yankee Stadium,1.04,5.5,9.865,9.205,0.2295,,,5.78,5.751,0.5135,0.4865,3.0,True
2026-06-29,822792,640455,Sean Manaea,New York Mets,Toronto Blue Jays,Rogers Centre,0.97,5.5,9.419,9.57,0.199,,,4.0,4.013,0.217,0.783,4.0,True
2026-06-29,822792,702056,Trey Yesavage,Toronto Blue Jays,New York Mets,Rogers Centre,1.0,5.5,8.604,7.387,0.2231,,,5.52,4.862,0.3599,0.6401,3.0,True
2026-06-29,824741,571945,Miles Mikolas,Washington Nationals,Boston Red Sox,Fenway Park,0.99,5.5,5.121,3.815,0.2191,,,4.55,3.142,0.0989,0.9011,3.0,True
2026-06-29,824741,624133,Ranger Suarez,Boston Red Sox,Washington Nationals,Fenway Park,1.06,5.5,9.145,10.853,0.2168,,,5.51,5.367,0.4481,0.5519,8.0,True
2026-06-29,824420,641302,Tyler Alexander,Texas Rangers,Cleveland Guardians,Progressive Field,1.02,5.5,7.078,6.75,0.2181,,,1.0,3.886,0.1972,0.8028,2.0,True
2026-06-29,824420,800048,Parker Messick,Cleveland Guardians,Texas Rangers,Progressive Field,0.99,5.5,9.636,9.3,0.2254,,,5.9,5.697,0.5045,0.4955,5.0,True
2026-06-29,823771,666157,Nick Lodolo,Cincinnati Reds,Milwaukee Brewers,American Family Field,1.05,5.5,7.329,7.674,0.2117,,,5.19,4.309,0.2649,0.7351,4.0,True
2026-06-29,824662,656288,Griffin Canning,San Diego Padres,Chicago Cubs,Wrigley Field,0.92,5.5,9.07,8.1,0.215,,,4.67,4.496,0.2964,0.7036,3.0,True
2026-06-29,824662,684007,Shota Imanaga,Chicago Cubs,San Diego Padres,Wrigley Field,1.0,5.5,8.609,6.915,0.2298,,,5.75,5.103,0.4021,0.5979,4.0,True
2026-06-29,824176,805673,Zebby Matthews,Minnesota Twins,Houston Astros,Daikin Park,0.98,5.5,7.115,6.936,0.2162,,,6.17,4.604,0.315,0.685,7.0,True
2026-06-29,824176,663567,Peter Lambert,Houston Astros,Minnesota Twins,Daikin Park,1.0,5.5,8.388,7.624,0.2138,,,5.72,4.758,0.3417,0.6583,4.0,True
2026-06-29,824339,807743,Sean Sullivan,Colorado Rockies,Miami Marlins,Coors Field,1.13,5.5,5.25,5.25,0.2204,,,4.0,4.082,0.2278,0.7722,5.0,True
2026-06-30,824819,607200,Erick Fedde,Chicago White Sox,Baltimore Orioles,Oriole Park at Camden Yards,1.02,6.5,6.027,6.75,0.2429,,,4.8,4.462,0.1641,0.8359,3.0,True
2026-06-30,824819,694346,Trey Gibson,Baltimore Orioles,Chicago White Sox,Oriole Park at Camden Yards,0.97,6.5,7.418,7.986,0.2386,,,4.72,5.089,0.2509,0.7491,5.0,True
2026-06-30,824418,594798,Jacob deGrom,Texas Rangers,Cleveland Guardians,Progressive Field,1.02,6.5,10.759,10.8,0.2171,,,5.54,5.929,0.3823,0.6177,9.0,True
2026-06-30,824418,676440,Tanner Bibee,Cleveland Guardians,Texas Rangers,Progressive Field,0.99,6.5,7.647,7.237,0.2259,,,5.61,4.923,0.2266,0.7734,2.0,True
2026-06-30,823445,696149,Bubba Chandler,Pittsburgh Pirates,Philadelphia Phillies,Citizens Bank Park,0.97,6.5,8.282,7.237,0.2338,,,4.96,4.885,0.2212,0.7788,6.0,True
2026-06-30,823445,650911,Cristopher Sánchez,Philadelphia Phillies,Pittsburgh Pirates,Citizens Bank Park,1.03,6.5,10.391,9.796,0.2385,,,6.47,6.955,0.5436,0.4564,9.0,True
2026-06-30,823528,693645,Cam Schlittler,New York Yankees,Detroit Tigers,Yankee Stadium,1.04,6.5,10.62,11.382,0.2292,,,5.88,6.578,0.4857,0.5143,5.0,True
2026-06-30,822793,592332,Kevin Gausman,Toronto Blue Jays,New York Mets,Rogers Centre,1.0,6.5,8.811,9.29,0.2222,,,5.59,5.414,0.3005,0.6995,7.0,True
2026-06-30,824742,676917,Cade Cavalli,Washington Nationals,Boston Red Sox,Fenway Park,0.99,6.5,9.612,8.494,0.218,,,4.9,4.959,0.2318,0.7682,13.0,True
2026-06-30,824907,669461,Matthew Liberatore,St. Louis Cardinals,Atlanta Braves,Truist Park,0.97,6.5,8.112,7.286,0.2106,,,4.85,4.356,0.1509,0.8491,9.0,True
2026-06-30,824907,527048,Martín Pérez,Atlanta Braves,St. Louis Cardinals,Truist Park,1.01,6.5,7.5,7.105,0.2023,,,5.0,4.127,0.1244,0.8756,1.0,True
2026-06-30,824096,702070,Noah Cameron,Kansas City Royals,Tampa Bay Rays,Kauffman Stadium,0.94,6.5,8.438,8.629,0.1886,,,5.33,4.318,0.1464,0.8536,0.0,True
2026-07-01,824818,702273,Noah Schultz,Chicago White Sox,Baltimore Orioles,Oriole Park at Camden Yards,1.02,6.5,7.681,8.9,0.242,38.7,0.0,4.83,5.289,0.2812,0.7188,7.0,True
2026-07-01,824818,665152,Dean Kremer,Baltimore Orioles,Chicago White Sox,Oriole Park at Camden Yards,0.97,6.5,13.091,8.9,0.2394,11.0,0.0,5.5,6.028,0.3982,0.6018,4.0,True
2026-07-01,824419,669022,MacKenzie Gore,Texas Rangers,Cleveland Guardians,Progressive Field,1.02,6.5,9.593,8.75,0.2187,91.0,36.0,5.35,5.285,0.2805,0.7195,7.0,True
2026-07-01,824419,676282,Joey Cantillo,Cleveland Guardians,Texas Rangers,Progressive Field,0.99,6.5,8.895,10.607,0.2251,86.0,28.0,5.06,5.349,0.2904,0.7096,4.0,True
2026-07-01,824740,695418,Brad Lord,Washington Nationals,Boston Red Sox,Fenway Park,0.99,6.5,8.259,9.554,0.2204,56.7,21.7,2.92,4.146,0.1265,0.8735,1.0,True
2026-07-01,824740,801139,Payton Tolle,Boston Red Sox,Washington Nationals,Fenway Park,1.06,6.5,8.96,8.363,0.2179,74.3,37.7,5.72,5.266,0.2777,0.7223,5.0,True
2026-07-01,823530,675512,Troy Melton,Detroit Tigers,New York Yankees,Yankee Stadium,0.95,6.5,6.545,6.809,0.2365,44.0,38.3,6.29,5.183,0.2651,0.7349,7.0,True
2026-07-01,823530,701542,Will Warren,New York Yankees,Detroit Tigers,Yankee Stadium,1.04,6.5,9.168,7.548,0.2289,89.3,31.0,5.25,5.195,0.2669,0.7331,7.0,True
2026-07-01,824660,621111,Walker Buehler,San Diego Padres,Chicago Cubs,Wrigley Field,0.92,6.5,8.341,8.832,0.2145,82.0,35.7,4.82,4.621,0.1848,0.8152,6.0,True
2026-07-01,824660,607067,Colin Rea,Chicago Cubs,San Diego Padres,Wrigley Field,1.0,6.5,6.851,6.113,0.2274,89.3,35.3,4.96,4.246,0.1378,0.8622,5.0,True
2026-07-01,822791,642547,Freddy Peralta,New York Mets,Toronto Blue Jays,Rogers Centre,0.97,6.5,8.713,7.714,0.1999,94.0,32.7,5.22,4.443,0.1617,0.8383,4.0,True
2026-07-01,822791,680755,Braydon Fisher,Toronto Blue Jays,New York Mets,Rogers Centre,1.0,6.5,8.6,6.907,0.2236,45.0,14.3,1.11,3.578,0.0715,0.9285,1.0,True
2026-07-01,823446,694973,Paul Skenes,Pittsburgh Pirates,Philadelphia Phillies,Citizens Bank Park,0.97,6.5,11.032,13.364,0.2334,93.0,33.0,5.47,6.791,0.5186,0.4814,5.0,True
2026-07-01,823446,554430,Zack Wheeler,Philadelphia Phillies,Pittsburgh Pirates,Citizens Bank Park,1.03,6.5,8.841,9.08,0.2398,75.3,37.7,6.28,6.207,0.4268,0.5732,10.0,True
2026-07-01,824905,700241,Michael McGreevy,St. Louis Cardinals,Atlanta Braves,Truist Park,0.97,6.5,5.743,4.345,0.2117,89.3,29.0,5.58,3.801,0.0909,0.9091,3.0,True
2026-07-01,824905,625643,Reynaldo López,Atlanta Braves,St. Louis Cardinals,Truist Park,1.01,6.5,7.714,6.907,0.2018,46.7,14.3,3.95,3.95,0.1055,0.8945,6.0,True
2026-07-01,824094,607625,Seth Lugo,Kansas City Royals,Tampa Bay Rays,Kauffman Stadium,0.94,6.5,6.875,5.329,0.1865,90.3,25.3,5.65,3.735,0.0849,0.9151,7.0,True
2026-07-01,824174,671737,Taj Bradley,Minnesota Twins,Houston Astros,Daikin Park,0.98,6.5,9.789,9.095,0.2168,83.7,31.7,5.58,5.463,0.3082,0.6918,11.0,True
2026-07-01,824174,837227,Tatsuya Imai,Houston Astros,Minnesota Twins,Daikin Park,1.0,6.5,11.106,13.31,0.2141,47.0,23.7,4.27,5.343,0.2896,0.7104,2.0,True
2026-07-01,823767,671096,Andrew Abbott,Cincinnati Reds,Milwaukee Brewers,American Family Field,1.05,6.5,7.0,8.64,0.2123,90.0,33.3,5.29,4.522,0.1717,0.8283,3.0,True
2026-07-01,824337,607536,Kyle Freeland,Colorado Rockies,Miami Marlins,Coors Field,1.13,6.5,7.625,6.674,0.2174,72.0,29.7,5.14,4.458,0.1636,0.8364,7.0,True
2026-07-02,823442,683003,Jared Jones,Pittsburgh Pirates,Philadelphia Phillies,Citizens Bank Park,0.97,6.5,9.0,9.0,0.2344,25.0,25.0,4.17,5.13,0.257,0.743,6.0,True
2026-07-02,823442,660604,Alan Rangel,Philadelphia Phillies,Pittsburgh Pirates,Citizens Bank Park,1.03,6.5,9.75,7.715,0.2406,12.0,9.3,4.0,5.37,0.2937,0.7063,4.0,True
2026-07-02,823765,695505,Chase Burns,Cincinnati Reds,Milwaukee Brewers,American Family Field,1.05,6.5,10.996,13.171,0.2109,91.7,27.3,5.73,6.231,0.4308,0.5692,4.0,True
2026-07-02,823765,694819,Jacob Misiorowski,Milwaukee Brewers,Cincinnati Reds,American Family Field,1.02,6.5,13.273,11.829,0.2492,99.0,35.0,6.19,8.228,0.7137,0.2863,10.0,True
2026-07-02,824335,687473,Ryan Gusto,Miami Marlins,Colorado Rockies,Coors Field,0.93,6.5,8.137,8.1,0.2316,24.3,23.3,3.56,4.639,0.1872,0.8128,2.0,True
2026-07-02,824335,547179,Michael Lorenzen,Colorado Rockies,Miami Marlins,Coors Field,1.13,6.5,7.012,7.237,0.2168,86.0,32.3,4.72,4.124,0.124,0.876,1.0,True
2026-07-02,824416,663436,Davis Martin,Chicago White Sox,Cleveland Guardians,Progressive Field,1.02,6.5,8.71,6.894,0.2186,93.0,31.3,5.81,5.077,0.2492,0.7508,0.0,True
2026-07-02,824416,677944,Slade Cecconi,Cleveland Guardians,Chicago White Sox,Progressive Field,0.99,6.5,6.974,6.273,0.2389,90.3,33.0,5.31,4.722,0.1984,0.8016,3.0,True
2026-07-02,824906,694462,Hurston Waldrep,Atlanta Braves,St. Louis Cardinals,Truist Park,1.01,6.5,13.5,13.5,0.2034,2.0,2.0,5.5,5.023,0.2412,0.7588,4.0,True
2026-07-02,824093,693855,Ian Seymour,Tampa Bay Rays,Kansas City Royals,Kauffman Stadium,0.97,6.5,9.36,8.591,0.2111,50.0,22.0,4.2,4.698,0.1951,0.8049,8.0,True
2026-07-02,824093,663568,Stephen Kolek,Kansas City Royals,Tampa Bay Rays,Kauffman Stadium,0.94,6.5,5.885,6.923,0.1875,52.0,26.0,5.78,3.892,0.0997,0.9003,0.0,True
2026-07-02,822884,664285,Framber Valdez,Detroit Tigers,Texas Rangers,Globe Life Field,0.95,6.5,7.244,7.01,0.2248,95.7,34.7,5.63,4.77,0.205,0.795,1.0,True
2026-07-02,822884,543135,Nathan Eovaldi,Texas Rangers,Detroit Tigers,Globe Life Field,1.02,6.5,9.06,9.31,0.2289,100.3,38.7,6.27,6.073,0.4054,0.5946,9.0,True
2026-07-02,823119,682243,Bryce Miller,Seattle Mariners,Los Angeles Angels,T-Mobile Park,0.92,6.5,10.642,12.135,0.2485,45.7,29.7,5.71,6.919,0.5382,0.4618,8.0,True
2026-07-03,824659,669467,Andre Pallante,St. Louis Cardinals,Chicago Cubs,Wrigley Field,0.97,6.5,6.851,6.553,0.2138,89.3,34.3,5.58,4.368,0.1524,0.8476,2.0,True
2026-07-03,824659,656849,David Peterson,Chicago Cubs,St. Louis Cardinals,Wrigley Field,1.0,6.5,7.941,3.176,0.2018,73.7,5.7,4.33,3.79,0.09,0.91,3.0,True
2026-07-03,822714,656605,Mitch Keller,Pittsburgh Pirates,Washington Nationals,Nationals Park,0.97,6.5,6.705,7.2,0.2166,99.3,35.0,5.52,4.436,0.1608,0.8392,1.0,True
2026-07-03,822714,656492,Foster Griffin,Washington Nationals,Pittsburgh Pirates,Nationals Park,0.99,6.5,8.71,8.71,0.2403,103.3,41.3,5.74,5.834,0.3671,0.6329,2.0,True
2026-07-03,823527,702474,Mike Paredes,Minnesota Twins,New York Yankees,Yankee Stadium,0.98,6.5,4.281,4.281,0.2361,27.3,27.3,3.9,3.836,0.0943,0.9057,2.0,True
2026-07-03,823527,543037,Gerrit Cole,New York Yankees,Minnesota Twins,Yankee Stadium,1.04,6.5,8.41,8.357,0.2156,40.7,28.0,5.08,4.847,0.2158,0.7842,7.0,True
2026-07-03,824498,669432,Trevor Rogers,Baltimore Orioles,Cincinnati Reds,Great American Ball Park,0.97,6.5,7.105,6.807,0.2502,82.3,39.7,5.15,4.964,0.2325,0.7675,4.0,True
2026-07-03,824498,663903,Brady Singer,Cincinnati Reds,Baltimore Orioles,Great American Ball Park,1.05,6.5,7.618,9.17,0.2431,80.3,35.3,4.73,5.067,0.2476,0.7524,6.0,True
2026-07-03,824417,641743,Anthony Kay,Chicago White Sox,Cleveland Guardians,Progressive Field,1.02,6.5,7.179,7.958,0.2167,84.0,31.7,4.78,4.296,0.1438,0.8562,2.0,True
2026-07-03,824417,668909,Gavin Williams,Cleveland Guardians,Chicago White Sox,Progressive Field,0.99,6.5,10.476,10.5,0.2384,105.7,30.0,5.91,6.674,0.5007,0.4993,6.0,True
2026-07-03,824904,681035,Christian Scott,New York Mets,Atlanta Braves,Truist Park,0.97,6.5,10.573,10.72,0.2106,47.7,22.7,4.3,4.911,0.225,0.775,7.0,True
2026-07-03,824904,656550,Grant Holmes,Atlanta Braves,New York Mets,Truist Park,1.01,6.5,7.842,7.071,0.2236,80.3,28.0,4.73,4.434,0.1606,0.8394,2.0,True
2026-07-03,824336,657277,Logan Webb,San Francisco Giants,Colorado Rockies,Coors Field,0.91,6.5,7.572,7.228,0.2304,90.3,42.3,6.45,5.418,0.3011,0.6989,2.0,True
2026-07-03,824336,663372,Ryan Feltner,Colorado Rockies,San Francisco Giants,Coors Field,1.13,6.5,5.943,5.079,0.206,53.0,33.7,4.44,3.49,0.0645,0.9355,9.0,True
2026-07-03,824173,607259,Nick Martinez,Tampa Bay Rays,Houston Astros,Daikin Park,0.97,6.5,5.514,5.657,0.2181,94.7,35.0,5.92,4.145,0.1263,0.8737,3.0,True
2026-07-03,824173,681293,Spencer Arrighetti,Houston Astros,Tampa Bay Rays,Daikin Park,1.0,6.5,9.375,11.52,0.1861,72.0,25.0,5.54,4.854,0.2168,0.7832,4.0,True
2026-07-03,824013,687562,Jake Bennett,Boston Red Sox,Los Angeles Angels,Angel Stadium,1.06,6.5,6.818,8.338,0.2491,33.0,22.7,5.5,5.555,0.3227,0.6773,6.0,True
2026-07-03,824013,672282,Reid Detmers,Los Angeles Angels,Boston Red Sox,Angel Stadium,0.99,6.5,10.114,9.082,0.2204,99.7,36.7,5.86,5.829,0.3662,0.6338,5.0,True
2026-07-03,824982,663969,Tyler Phillips,Miami Marlins,Athletics,Sutter Health Park,0.93,6.5,6.853,5.344,0.2248,65.7,32.0,4.33,3.942,0.1047,0.8953,2.0,True
2026-07-03,824982,678022,Jack Perkins,Athletics,Miami Marlins,Sutter Health Park,0.93,6.5,10.941,10.731,0.2167,51.0,26.0,4.61,5.443,0.3051,0.6949,8.0,True
2026-07-03,825062,690986,Kyle Harrison,Milwaukee Brewers,Arizona Diamondbacks,Chase Field,1.02,6.5,11.221,12.434,0.1941,77.0,25.3,5.13,5.284,0.2805,0.7195,3.0,True
2026-07-03,825062,703615,Jose Cabrera,Arizona Diamondbacks,Milwaukee Brewers,Chase Field,1.02,6.5,6.3,6.3,0.211,10.0,10.0,5.0,4.64,0.1872,0.8128,3.0,True
2026-07-03,823933,650633,Michael King,San Diego Padres,Los Angeles Dodgers,UNIQLO Field at Dodger Stadium,0.92,6.5,7.754,5.243,0.2029,96.3,34.3,5.67,4.188,0.1311,0.8689,5.0,True
2026-07-03,823933,660271,Shohei Ohtani,Los Angeles Dodgers,San Diego Padres,UNIQLO Field at Dodger Stadium,0.96,6.5,9.715,9.121,0.2265,79.7,24.7,6.13,6.004,0.3944,0.6056,9.0,True
2026-07-03,823120,656302,Dylan Cease,Toronto Blue Jays,Seattle Mariners,T-Mobile Park,1.0,6.5,13.824,15.188,0.2307,83.3,21.3,5.56,7.526,0.6254,0.3746,9.0,True
2026-07-03,823120,622491,Luis Castillo,Seattle Mariners,Toronto Blue Jays,T-Mobile Park,0.92,6.5,8.57,6.836,0.1999,76.7,26.3,4.96,4.207,0.1333,0.8667,4.0,True
2026-07-04,822716,677952,Braxton Ashcraft,Pittsburgh Pirates,Washington Nationals,Nationals Park,0.97,6.5,10.135,11.798,0.2167,108.3,39.7,6.02,6.297,0.4414,0.5586,7.0,True
2026-07-04,822716,687223,Carson Palmquist,Washington Nationals,Pittsburgh Pirates,Nationals Park,0.99,6.5,11.813,11.813,0.2399,5.3,5.3,2.17,5.408,0.2995,0.7005,3.0,True
2026-07-04,823526,805673,Zebby Matthews,Minnesota Twins,New York Yankees,Yankee Stadium,0.98,6.5,7.525,7.286,0.2355,61.0,42.0,6.1,5.355,0.2913,0.7087,5.0,True
2026-07-04,823526,694341,Brendan Beck,New York Yankees,Minnesota Twins,Yankee Stadium,1.04,6.5,5.4,7.363,0.2171,6.7,3.7,3.33,4.673,0.1918,0.8082,3.0,True
2026-07-04,822882,656427,Jack Flaherty,Detroit Tigers,Texas Rangers,Globe Life Field,0.95,6.5,10.899,10.451,0.2223,72.7,20.7,4.29,5.12,0.2556,0.7444,5.0,True
2026-07-04,822882,615698,Cal Quantrill,Texas Rangers,Detroit Tigers,Globe Life Field,1.02,6.5,6.339,6.882,0.2298,38.3,17.0,3.04,3.898,0.1003,0.8997,2.0,True
2026-07-04,823118,669456,Shane Bieber,Toronto Blue Jays,Seattle Mariners,T-Mobile Park,1.0,6.5,6.545,6.545,0.2317,11.0,11.0,3.67,4.785,0.2072,0.7928,3.0,True
2026-07-04,823118,669302,Logan Gilbert,Seattle Mariners,Toronto Blue Jays,T-Mobile Park,0.92,6.5,9.706,10.853,0.1996,102.0,34.0,5.67,5.323,0.2864,0.7136,7.0,True
2026-07-04,824499,687064,Brandon Young,Baltimore Orioles,Cincinnati Reds,Great American Ball Park,0.97,6.5,7.092,7.75,0.2493,72.3,36.0,5.56,5.38,0.2951,0.7049,5.0,True
2026-07-04,824499,668881,Hunter Greene,Cincinnati Reds,Baltimore Orioles,Great American Ball Park,1.05,6.5,13.493,13.493,0.2426,0.7,0.7,0.67,5.406,0.2992,0.7008,7.0,True
2026-07-04,824171,656876,Drew Rasmussen,Tampa Bay Rays,Houston Astros,Daikin Park,0.97,6.5,9.196,10.459,0.2172,92.0,37.0,5.75,5.662,0.3396,0.6604,2.0,True
2026-07-04,824171,686613,Hunter Brown,Houston Astros,Tampa Bay Rays,Daikin Park,1.0,6.5,11.571,9.6,0.1871,25.7,15.0,4.28,4.416,0.1583,0.8417,3.0,True
2026-07-04,824415,680732,Sean Burke,Chicago White Sox,Cleveland Guardians,Progressive Field,1.02,6.5,9.227,11.296,0.2185,92.7,32.7,5.45,5.628,0.3342,0.6658,11.0,True
2026-07-04,824415,800048,Parker Messick,Cleveland Guardians,Chicago White Sox,Progressive Field,0.99,6.5,9.415,8.92,0.2387,101.3,37.3,5.63,5.944,0.3847,0.6153,3.0,True
2026-07-04,824658,681517,Kyle Leahy,St. Louis Cardinals,Chicago Cubs,Wrigley Field,0.97,6.5,7.414,7.337,0.2133,81.3,30.7,5.08,4.363,0.1518,0.8482,6.0,True
2026-07-04,824658,684007,Shota Imanaga,Chicago Cubs,St. Louis Cardinals,Wrigley Field,1.0,6.5,8.42,7.306,0.2008,98.3,28.3,5.78,4.653,0.189,0.811,8.0,True
2026-07-04,824903,640455,Sean Manaea,New York Mets,Atlanta Braves,Truist Park,0.97,6.5,9.143,8.069,0.2116,63.0,29.0,4.12,4.271,0.1408,0.8592,4.0,True
2026-07-04,824903,519242,Chris Sale,Atlanta Braves,New York Mets,Truist Park,1.01,6.5,10.9,11.348,0.223,90.0,23.0,6.0,6.454,0.4663,0.5337,3.0,True
2026-07-04,824334,592662,Robbie Ray,San Francisco Giants,Colorado Rockies,Coors Field,0.91,6.5,7.714,7.054,0.229,95.7,37.0,5.63,4.975,0.2341,0.7659,4.0,True
2026-07-04,824334,807743,Sean Sullivan,Colorado Rockies,San Francisco Giants,Coors Field,1.13,6.5,6.48,6.48,0.2068,16.7,16.7,4.17,4.196,0.132,0.868,4.0,True
2026-07-04,824092,666200,Jesús Luzardo,Philadelphia Phillies,Kansas City Royals,Kauffman Stadium,1.03,6.5,10.726,11.103,0.2119,97.3,35.7,5.73,5.962,0.3876,0.6124,9.0,True
2026-07-04,824092,608379,Michael Wacha,Kansas City Royals,Philadelphia Phillies,Kauffman Stadium,0.94,6.5,6.957,5.635,0.2351,108.7,38.3,6.39,5.053,0.2456,0.7544,7.0,True
2026-07-04,824012,543243,Sonny Gray,Boston Red Sox,Los Angeles Angels,Angel Stadium,1.06,6.5,8.068,9.302,0.2487,83.7,39.7,5.58,5.871,0.3729,0.6271,7.0,True
2026-07-04,824012,691951,Sam Aldegheri,Los Angeles Angels,Boston Red Sox,Angel Stadium,0.99,6.5,6.067,6.75,0.2208,29.7,24.0,4.5,4.319,0.1465,0.8535,2.0,True
2026-07-04,824983,645261,Sandy Alcantara,Miami Marlins,Athletics,Sutter Health Park,0.93,6.5,6.536,7.141,0.2246,115.7,40.3,6.43,4.985,0.2356,0.7644,8.0,True
2026-07-04,824983,650644,Aaron Civale,Athletics,Miami Marlins,Sutter Health Park,0.93,6.5,6.384,6.75,0.2173,67.7,12.0,4.83,4.191,0.1315,0.8685,6.0,True
2026-07-04,825063,605540,Brandon Woodruff,Milwaukee Brewers,Arizona Diamondbacks,Chase Field,1.02,6.5,8.856,12.343,0.1936,41.7,11.7,5.21,4.781,0.2066,0.7934,6.0,True
2026-07-04,825063,518876,Merrill Kelly,Arizona Diamondbacks,Milwaukee Brewers,Chase Field,1.02,6.5,5.18,4.277,0.2108,81.7,33.7,5.83,3.734,0.0849,0.9151,6.0,True
2026-07-04,823932,593974,Wandy Peralta,San Diego Padres,Los Angeles Dodgers,UNIQLO Field at Dodger Stadium,0.92,6.5,5.956,4.95,0.2023,45.3,20.0,1.0,3.212,0.0453,0.9547,0.0,True
2026-07-04,823932,808967,Yoshinobu Yamamoto,Los Angeles Dodgers,San Diego Padres,UNIQLO Field at Dodger Stadium,0.96,6.5,8.293,8.287,0.2283,97.7,33.7,6.51,5.804,0.3623,0.6377,10.0,True
2026-07-05,824902,690997,Nolan McLean,New York Mets,Atlanta Braves,Truist Park,0.97,6.5,10.668,10.059,0.2103,95.3,34.0,5.61,5.667,0.3404,0.6596,5.0,True
2026-07-05,824902,527048,Martín Pérez,Atlanta Braves,New York Mets,Truist Park,1.01,6.5,7.13,6.75,0.2233,77.0,25.3,5.0,4.419,0.1587,0.8413,1.0,True
2026-07-05,822715,696149,Bubba Chandler,Pittsburgh Pirates,Washington Nationals,Nationals Park,0.97,6.5,8.204,7.01,0.2166,86.7,34.7,4.81,4.375,0.1532,0.8468,0.0,True
2026-07-05,822715,676917,Cade Cavalli,Washington Nationals,Pittsburgh Pirates,Nationals Park,0.99,6.5,10.248,10.231,0.2401,91.3,31.7,4.81,5.781,0.3586,0.6414,3.0,True
2026-07-05,824497,680694,Kyle Bradish,Baltimore Orioles,Cincinnati Reds,Great American Ball Park,0.97,6.5,9.287,9.084,0.2481,94.0,35.7,5.22,5.88,0.3744,0.6256,5.0,True
2026-07-05,824497,666157,Nick Lodolo,Cincinnati Reds,Baltimore Orioles,Great American Ball Park,1.05,6.5,7.088,6.888,0.2417,53.3,32.7,4.82,4.77,0.205,0.795,4.0,True
2026-07-05,823525,657746,Joe Ryan,Minnesota Twins,New York Yankees,Yankee Stadium,0.98,6.5,10.449,11.727,0.2353,97.3,33.0,5.41,6.403,0.4581,0.5419,9.0,True
2026-07-05,823525,677960,Ryan Weathers,New York Yankees,Minnesota Twins,Yankee Stadium,1.04,6.5,9.985,8.507,0.2171,88.3,24.3,5.52,5.407,0.2994,0.7006,6.0,True
2026-07-05,824413,669684,Chris Murphy,Chicago White Sox,Cleveland Guardians,Progressive Field,1.02,6.5,8.526,8.308,0.2204,19.0,13.0,1.33,4.831,0.2136,0.7864,1.0,True
2026-07-05,824413,676440,Tanner Bibee,Cleveland Guardians,Chicago White Sox,Progressive Field,0.99,6.5,7.3,6.407,0.2378,102.3,39.3,5.69,4.967,0.233,0.767,1.0,True
2026-07-05,824656,669461,Matthew Liberatore,St. Louis Cardinals,Chicago Cubs,Wrigley Field,0.97,6.5,8.601,9.0,0.2146,82.7,26.0,4.86,4.719,0.198,0.802,3.0,True
2026-07-05,824656,665871,Javier Assad,Chicago Cubs,St. Louis Cardinals,Wrigley Field,1.0,6.5,5.4,5.961,0.2025,51.7,25.7,5.29,3.844,0.0951,0.9049,2.0,True
2026-07-05,824091,605400,Aaron Nola,Philadelphia Phillies,Kansas City Royals,Kauffman Stadium,1.03,6.5,9.212,9.847,0.2143,85.0,28.3,5.0,5.026,0.2416,0.7584,7.0,True
2026-07-05,824091,679883,Luinder Avila,Kansas City Royals,Philadelphia Phillies,Kauffman Stadium,0.94,6.5,8.293,8.171,0.2346,46.7,25.3,3.73,4.539,0.1739,0.8261,4.0,True
2026-07-05,824172,669438,Mason Englert,Tampa Bay Rays,Houston Astros,Daikin Park,0.97,6.5,6.84,6.0,0.2159,25.0,9.0,4.0,4.356,0.151,0.849,9.0,True
2026-07-05,824172,663567,Peter Lambert,Houston Astros,Tampa Bay Rays,Daikin Park,1.0,6.5,8.233,7.759,0.1874,74.3,29.0,5.72,4.328,0.1476,0.8524,6.0,True
2026-07-05,822879,663554,Casey Mize,Detroit Tigers,Texas Rangers,Globe Life Field,0.95,6.5,9.415,9.866,0.222,65.0,17.3,5.42,5.485,0.3116,0.6884,4.0,True
2026-07-05,822879,677958,Kumar Rocker,Texas Rangers,Detroit Tigers,Globe Life Field,1.02,6.5,7.875,9.75,0.2296,80.0,24.0,5.0,5.081,0.2497,0.7503,4.0,True
2026-07-05,824333,641816,Tyler Mahle,San Francisco Giants,Colorado Rockies,Coors Field,0.91,6.5,8.64,6.3,0.2286,66.7,10.0,5.13,5.01,0.2393,0.7607,5.0,True
2026-07-05,824333,685299,Tanner Gordon,Colorado Rockies,San Francisco Giants,Coors Field,1.13,6.5,8.703,6.75,0.2064,40.3,8.0,4.03,4.142,0.126,0.874,7.0,True
2026-07-05,823117,676106,Emerson Hancock,Seattle Mariners,Toronto Blue Jays,T-Mobile Park,0.92,6.5,8.636,8.308,0.1999,90.7,26.0,5.67,4.75,0.2022,0.7978,5.0,True
2026-07-06,824089,650911,Cristopher Sánchez,Philadelphia Phillies,Kansas City Royals,Kauffman Stadium,1.03,6.5,10.462,9.796,0.2145,117.0,37.7,6.5,6.314,0.4441,0.5559,1.0,True
2026-07-06,824089,702070,Noah Cameron,Kansas City Royals,Philadelphia Phillies,Kauffman Stadium,0.94,6.5,8.068,7.839,0.2343,83.7,31.0,5.23,5.095,0.2518,0.7482,7.0,True
2026-07-06,822958,693645,Cam Schlittler,New York Yankees,Tampa Bay Rays,Tropicana Field,1.04,6.5,10.644,11.812,0.1883,104.0,32.0,5.78,5.403,0.2988,0.7012,8.0,True
2026-07-06,822958,643377,Griffin Jax,Tampa Bay Rays,New York Yankees,Tropicana Field,0.97,6.5,8.7,9.3,0.2364,60.0,30.0,4.25,4.979,0.2347,0.7653,10.0,True
2026-07-06,822712,681347,Mike Burrows,Houston Astros,Washington Nationals,Nationals Park,1.0,6.5,7.173,6.0,0.2155,90.3,27.0,5.58,4.431,0.1602,0.8398,3.0,True
2026-07-06,822712,571945,Miles Mikolas,Washington Nationals,Houston Astros,Nationals Park,0.99,6.5,5.016,3.971,0.2175,84.3,34.0,4.69,3.282,0.0498,0.9502,3.0,True
2026-07-06,824900,642547,Freddy Peralta,New York Mets,Atlanta Braves,Truist Park,0.97,6.5,8.82,7.941,0.2118,100.0,34.0,5.26,4.78,0.2064,0.7936,6.0,True
2026-07-06,824900,625643,Reynaldo López,Atlanta Braves,New York Mets,Truist Park,1.01,6.5,8.1,8.438,0.2218,56.7,21.3,4.19,4.527,0.1724,0.8276,5.0,True
2026-07-06,823036,675660,Shane Drohan,Milwaukee Brewers,St. Louis Cardinals,Busch Stadium,1.02,6.5,8.623,8.174,0.2011,63.7,36.3,4.41,4.144,0.1262,0.8738,2.0,True
2026-07-06,823036,669160,Dustin May,St. Louis Cardinals,Milwaukee Brewers,Busch Stadium,0.97,6.5,8.596,10.929,0.2107,89.0,28.0,5.24,5.091,0.2513,0.7487,7.0,True
2026-07-06,823282,694297,Brandon Pfaadt,Arizona Diamondbacks,San Diego Padres,Petco Park,1.02,6.5,6.8,4.32,0.2297,45.0,8.3,4.5,4.413,0.158,0.842,6.0,True
2026-07-06,823282,621111,Walker Buehler,San Diego Padres,Arizona Diamondbacks,Petco Park,0.92,6.5,8.357,9.742,0.1941,84.0,32.3,4.67,4.2,0.1325,0.8675,4.0,True
2026-07-06,823205,592332,Kevin Gausman,Toronto Blue Jays,San Francisco Giants,Oracle Park,1.0,6.5,9.0,9.794,0.2077,103.0,34.0,5.42,5.077,0.2491,0.7509,8.0,True
2026-07-06,823205,694738,Landen Roupp,San Francisco Giants,Toronto Blue Jays,Oracle Park,0.91,6.5,9.989,9.479,0.1999,91.0,31.3,5.06,4.828,0.2131,0.7869,5.0,True
2026-07-06,823930,607536,Kyle Freeland,Colorado Rockies,Los Angeles Dodgers,UNIQLO Field at Dodger Stadium,1.13,6.5,7.948,7.529,0.2033,77.0,34.7,5.13,4.311,0.1456,0.8544,2.0,True
2026-07-06,823930,641778,Eric Lauer,Los Angeles Dodgers,Colorado Rockies,UNIQLO Field at Dodger Stadium,0.96,6.5,5.704,4.709,0.229,71.0,28.7,4.73,3.834,0.0941,0.9059,3.0,True
2026-07-07,823062,694819,Jacob Misiorowski,Milwaukee Brewers,St. Louis Cardinals,Busch Stadium,1.02,6.5,13.5,13.154,0.2028,110.0,39.0,6.11,6.974,0.5464,0.4536,11.0,True
2026-07-07,823062,694335,Matt Svanson,St. Louis Cardinals,Milwaukee Brewers,Busch Stadium,0.97,6.5,9.078,9.0,0.2101,38.7,13.0,1.0,4.692,0.1943,0.8057,1.0,True
2026-07-07,824254,669372,J.T. Ginn,Athletics,Detroit Tigers,Comerica Park,0.93,6.5,7.796,7.714,0.2297,94.7,35.0,5.37,4.975,0.2342,0.7658,4.0,True
2026-07-07,824254,669373,Tarik Skubal,Detroit Tigers,Athletics,Comerica Park,0.95,6.5,10.279,12.09,0.2254,65.7,22.3,5.97,6.367,0.4524,0.5476,9.0,True
2026-07-07,823361,694462,Hurston Waldrep,Atlanta Braves,Pittsburgh Pirates,PNC Park,1.01,6.5,8.591,8.591,0.2396,7.3,7.3,5.33,5.688,0.3438,0.6562,2.0,True
2026-07-07,823361,694973,Paul Skenes,Pittsburgh Pirates,Atlanta Braves,PNC Park,0.97,6.5,11.041,12.505,0.2117,97.0,31.7,5.39,5.98,0.3906,0.6094,4.0,True
2026-07-07,822956,701542,Will Warren,New York Yankees,Tampa Bay Rays,Tropicana Field,1.04,6.5,9.168,7.56,0.1892,89.3,25.0,5.25,4.31,0.1454,0.8546,3.0,True
2026-07-07,822956,693855,Ian Seymour,Tampa Bay Rays,New York Yankees,Tropicana Field,0.97,6.5,9.643,9.333,0.2392,56.0,27.0,4.5,5.541,0.3205,0.6795,12.0,True
2026-07-07,823035,688107,Robert Gasser,Milwaukee Brewers,St. Louis Cardinals,Busch Stadium,1.02,6.5,8.424,8.64,0.2028,41.7,33.3,5.21,4.641,0.1874,0.8126,4.0,True
2026-07-07,823035,690928,Hunter Dobbins,St. Louis Cardinals,Milwaukee Brewers,Busch Stadium,0.97,6.5,9.269,9.419,0.2098,22.3,14.3,4.47,4.794,0.2084,0.7916,4.0,True
2026-07-07,824820,571510,Matthew Boyd,Chicago Cubs,Baltimore Orioles,Oriole Park at Camden Yards,1.0,6.5,9.983,7.468,0.242,39.7,15.7,4.96,5.567,0.3245,0.6755,7.0,True
2026-07-07,824820,669358,Shane Baz,Baltimore Orioles,Chicago Cubs,Oriole Park at Camden Yards,0.97,6.5,7.57,6.961,0.2136,107.0,42.7,5.94,4.735,0.2002,0.7998,3.0,True
2026-07-07,823847,693433,Bryan Woo,Seattle Mariners,Miami Marlins,loanDepot park,0.92,6.5,8.799,9.089,0.2143,104.3,33.7,5.8,5.316,0.2854,0.7146,5.0,True
2026-07-07,823847,676974,Max Meyer,Miami Marlins,Seattle Mariners,loanDepot park,0.93,6.5,9.667,9.145,0.2321,108.0,41.3,5.68,5.926,0.3818,0.6182,4.0,True
2026-07-07,822713,837227,Tatsuya Imai,Houston Astros,Washington Nationals,Nationals Park,1.0,6.5,10.904,13.897,0.2158,52.0,22.7,4.0,5.197,0.2671,0.7329,3.0,True
2026-07-07,822713,674841,Andrew Alvarez,Washington Nationals,Houston Astros,Nationals Park,0.99,6.5,9.766,9.766,0.2165,47.0,31.3,4.15,4.756,0.2031,0.7969,3.0,True
2026-07-07,823607,607625,Seth Lugo,Kansas City Royals,New York Mets,Citi Field,0.94,6.5,7.152,6.067,0.221,100.7,29.7,5.59,4.524,0.172,0.828,4.0,True
2026-07-07,823607,672335,Cionel Pérez,New York Mets,Kansas City Royals,Citi Field,0.97,6.5,7.896,10.309,0.2125,35.3,18.3,1.0,4.407,0.1572,0.8428,1.0,True
2026-07-07,824495,554430,Zack Wheeler,Philadelphia Phillies,Cincinnati Reds,Great American Ball Park,1.03,6.5,10.138,12.046,0.2494,87.0,43.3,6.21,7.391,0.6068,0.3932,14.0,True
2026-07-07,824495,671096,Andrew Abbott,Cincinnati Reds,Philadelphia Phillies,Great American Ball Park,1.05,6.5,7.218,9.157,0.2352,101.0,38.3,5.32,5.135,0.2579,0.7421,8.0,True
2026-07-07,823687,676282,Joey Cantillo,Cleveland Guardians,Minnesota Twins,Target Field,0.99,6.5,9.0,10.421,0.2175,96.0,38.0,5.05,5.176,0.264,0.736,7.0,True
2026-07-07,823687,671737,Taj Bradley,Minnesota Twins,Cleveland Guardians,Target Field,0.98,6.5,10.537,10.664,0.2218,95.7,39.7,5.63,6.067,0.4044,0.5956,10.0,True
2026-07-07,824579,801139,Payton Tolle,Boston Red Sox,Chicago White Sox,Rate Field,1.06,6.5,8.963,7.846,0.2363,80.3,39.0,5.74,5.638,0.3358,0.6642,6.0,True
2026-07-07,824579,702273,Noah Schultz,Chicago White Sox,Boston Red Sox,Rate Field,1.02,6.5,8.062,9.643,0.2203,48.0,9.3,4.8,4.858,0.2174,0.7826,3.0,True
2026-07-07,822881,667755,José Soriano,Los Angeles Angels,Texas Rangers,Globe Life Field,0.99,6.5,9.686,8.69,0.2205,105.0,29.0,5.53,5.46,0.3077,0.6923,4.0,True
2026-07-07,822881,594798,Jacob deGrom,Texas Rangers,Los Angeles Angels,Globe Life Field,1.02,6.5,10.907,11.0,0.2504,100.7,36.0,5.59,6.981,0.5474,0.4526,7.0,True
2026-07-07,823280,668678,Zac Gallen,Arizona Diamondbacks,San Diego Padres,Petco Park,1.02,6.5,5.478,3.857,0.2308,92.0,32.7,5.11,3.748,0.0861,0.9139,5.0,True
2026-07-07,823280,608566,Germán Márquez,San Diego Padres,Arizona Diamondbacks,Petco Park,0.92,6.5,5.51,3.0,0.1944,32.7,3.0,4.67,3.822,0.0929,0.9071,4.0,True
2026-07-07,823203,693686,Spencer Miles,Toronto Blue Jays,San Francisco Giants,Oracle Park,1.0,6.5,9.167,10.698,0.2074,54.0,17.7,3.67,4.433,0.1605,0.8395,1.0,True
2026-07-07,823203,686790,Trevor McDonald,San Francisco Giants,Toronto Blue Jays,Oracle Park,0.91,6.5,7.895,7.393,0.1999,57.0,28.0,5.18,4.293,0.1434,0.8566,0.0,True
2026-07-07,823929,547179,Michael Lorenzen,Colorado Rockies,Los Angeles Dodgers,UNIQLO Field at Dodger Stadium,1.13,6.5,7.012,7.535,0.2021,86.0,28.7,4.72,3.889,0.0994,0.9006,5.0,True
2026-07-07,823929,680736,Justin Wrobleski,Los Angeles Dodgers,Colorado Rockies,UNIQLO Field at Dodger Stadium,0.96,6.5,6.171,7.043,0.2278,93.3,30.7,6.22,4.885,0.2213,0.7787,9.0,True
2026-07-08,823202,656302,Dylan Cease,Toronto Blue Jays,San Francisco Giants,Oracle Park,1.0,6.5,13.64,14.155,0.2084,96.3,34.3,5.65,6.903,0.5358,0.4642,11.0,True
2026-07-08,823202,657277,Logan Webb,San Francisco Giants,Toronto Blue Jays,Oracle Park,0.91,6.5,7.248,6.319,0.1981,99.3,47.0,6.21,4.326,0.1474,0.8526,2.0,True
2026-07-08,824815,607067,Colin Rea,Chicago Cubs,Baltimore Orioles,Oriole Park at Camden Yards,1.0,6.5,6.851,5.7,0.2425,89.3,30.0,4.96,4.493,0.1681,0.8319,2.0,True
2026-07-08,824815,665152,Dean Kremer,Baltimore Orioles,Chicago Cubs,Oriole Park at Camden Yards,0.97,6.5,10.588,6.0,0.2134,17.0,6.0,5.67,5.143,0.259,0.741,4.0,True
2026-07-08,824253,605488,Jeffrey Springs,Athletics,Detroit Tigers,Comerica Park,0.93,6.5,7.714,7.667,0.2305,93.3,27.0,5.19,4.873,0.2195,0.7805,4.0,True
2026-07-08,824253,675512,Troy Melton,Detroit Tigers,Athletics,Comerica Park,0.95,6.5,6.545,8.043,0.2264,44.0,31.3,6.29,5.182,0.2648,0.7352,9.0,True
2026-07-08,823360,656550,Grant Holmes,Atlanta Braves,Pittsburgh Pirates,PNC Park,1.01,6.5,7.761,6.395,0.2377,82.3,25.3,4.84,4.684,0.1932,0.8068,5.0,True
2026-07-08,823360,683003,Jared Jones,Pittsburgh Pirates,Atlanta Braves,PNC Park,0.97,6.5,9.621,9.121,0.2111,29.0,24.7,4.14,4.65,0.1886,0.8114,8.0,True
2026-07-08,823848,669923,George Kirby,Seattle Mariners,Miami Marlins,loanDepot park,0.92,6.5,7.875,9.6,0.2142,104.0,30.0,6.12,5.342,0.2894,0.7106,7.0,True
2026-07-08,823848,663969,Tyler Phillips,Miami Marlins,Seattle Mariners,loanDepot park,0.93,6.5,6.783,5.637,0.2322,69.0,30.3,4.25,4.04,0.1149,0.8851,3.0,True
2026-07-08,822957,543037,Gerrit Cole,New York Yankees,Tampa Bay Rays,Tropicana Field,1.04,6.5,8.648,8.7,0.189,42.7,30.0,5.33,4.408,0.1574,0.8426,6.0,True
2026-07-08,822957,663556,Shane McClanahan,Tampa Bay Rays,New York Yankees,Tropicana Field,0.97,6.5,8.699,8.757,0.2416,79.7,24.7,4.98,5.387,0.2962,0.7038,5.0,True
2026-07-08,822710,681293,Spencer Arrighetti,Houston Astros,Washington Nationals,Nationals Park,1.0,6.5,9.115,10.452,0.216,78.0,31.0,5.57,5.482,0.3111,0.6889,2.0,True
2026-07-08,822710,656492,Foster Griffin,Washington Nationals,Houston Astros,Nationals Park,0.99,6.5,8.71,8.67,0.2165,103.3,36.3,5.74,5.252,0.2754,0.7246,9.0,True
2026-07-08,823605,674444,Steven Cruz,Kansas City Royals,New York Mets,Citi Field,0.94,6.5,11.753,10.675,0.2201,28.3,14.3,1.33,5.415,0.3007,0.6993,2.0,True
2026-07-08,823605,681035,Christian Scott,New York Mets,Kansas City Royals,Citi Field,0.97,6.5,11.02,10.607,0.2126,49.0,18.7,4.45,5.081,0.2498,0.7502,5.0,True
2026-07-08,824578,687562,Jake Bennett,Boston Red Sox,Chicago White Sox,Rate Field,1.06,6.5,6.861,8.011,0.2367,40.7,30.3,5.81,5.305,0.2837,0.7163,4.0,True
2026-07-08,824578,663436,Davis Martin,Chicago White Sox,Boston Red Sox,Rate Field,1.02,6.5,8.408,6.375,0.2198,96.3,24.0,5.67,4.918,0.2259,0.7741,2.0,True
2026-07-08,823032,690986,Kyle Harrison,Milwaukee Brewers,St. Louis Cardinals,Busch Stadium,1.02,6.5,11.184,10.478,0.2027,79.7,22.3,4.98,5.177,0.2642,0.7358,2.0,True
2026-07-08,823032,700241,Michael McGreevy,St. Louis Cardinals,Milwaukee Brewers,Busch Stadium,0.97,6.5,5.664,4.966,0.209,95.3,29.0,5.61,3.814,0.0922,0.9078,6.0,True
2026-07-08,824496,660604,Alan Rangel,Philadelphia Phillies,Cincinnati Reds,Great American Ball Park,1.03,6.5,10.242,9.368,0.2499,19.3,16.3,3.87,5.582,0.3269,0.6731,5.0,True
2026-07-08,824496,695505,Chase Burns,Cincinnati Reds,Philadelphia Phillies,Great American Ball Park,1.05,6.5,10.344,10.8,0.2344,102.7,38.3,5.7,6.449,0.4654,0.5346,2.0,True
2026-07-08,823684,677944,Slade Cecconi,Cleveland Guardians,Minnesota Twins,Target Field,0.99,6.5,7.0,6.509,0.2164,99.0,37.3,5.21,4.23,0.136,0.864,4.0,True
2026-07-08,823684,687570,Connor Prielipp,Minnesota Twins,Cleveland Guardians,Target Field,0.98,6.5,9.585,9.549,0.2235,66.7,27.3,5.13,5.373,0.2941,0.7059,6.0,True
2026-07-08,822880,700712,Walbert Ureña,Los Angeles Angels,Texas Rangers,Globe Life Field,0.99,6.5,8.631,9.0,0.222,81.3,37.0,5.31,5.166,0.2625,0.7375,3.0,True
2026-07-08,822880,669022,MacKenzie Gore,Texas Rangers,Los Angeles Angels,Globe Life Field,1.02,6.5,9.891,10.437,0.2504,101.0,39.7,5.32,6.4,0.4576,0.5424,7.0,True
2026-07-08,823928,687312,Gabriel Hughes,Colorado Rockies,Los Angeles Dodgers,UNIQLO Field at Dodger Stadium,1.13,6.5,2.7,2.7,0.2016,3.3,3.3,1.67,3.988,0.1094,0.8906,7.0,True
2026-07-08,823928,808963,Roki Sasaki,Los Angeles Dodgers,Colorado Rockies,UNIQLO Field at Dodger Stadium,0.96,6.5,9.0,9.36,0.2285,76.0,25.0,4.75,5.093,0.2516,0.7484,5.0,True
2026-07-08,823279,703615,Jose Cabrera,Arizona Diamondbacks,San Diego Padres,Petco Park,1.02,6.5,7.244,7.244,0.2303,13.7,13.7,4.44,4.988,0.236,0.764,2.0,True
2026-07-08,823279,650633,Michael King,San Diego Padres,Arizona Diamondbacks,Petco Park,0.92,6.5,7.752,6.113,0.1949,103.3,35.3,5.44,4.023,0.1131,0.8869,4.0,True
2026-07-09,823359,693821,Bryce Elder,Atlanta Braves,Pittsburgh Pirates,PNC Park,1.01,6.5,7.539,7.125,0.2376,102.7,24.0,5.7,5.215,0.2699,0.7301,3.0,True
2026-07-09,823359,656605,Mitch Keller,Pittsburgh Pirates,Atlanta Braves,PNC Park,0.97,6.5,6.706,6.686,0.2134,103.3,35.0,5.44,4.248,0.1381,0.8619,3.0,True
2026-07-09,823606,608379,Michael Wacha,Kansas City Royals,New York Mets,Citi Field,0.94,6.5,7.24,6.341,0.219,119.3,44.0,6.28,4.829,0.2133,0.7867,5.0,True
2026-07-09,823606,640455,Sean Manaea,New York Mets,Kansas City Royals,Citi Field,0.97,6.5,8.88,8.0,0.2128,75.0,36.0,4.35,4.326,0.1473,0.8527,6.0,True
2026-07-09,822954,621112,Paul Blackburn,New York Yankees,Tampa Bay Rays,Tropicana Field,1.04,6.5,6.75,7.839,0.1895,46.7,20.7,2.0,3.509,0.066,0.934,3.0,True
2026-07-09,822954,656876,Drew Rasmussen,Tampa Bay Rays,New York Yankees,Tropicana Field,0.97,6.5,8.879,9.595,0.2419,99.3,40.3,5.52,5.924,0.3815,0.6185,2.0,True
2026-07-09,824816,656849,David Peterson,Chicago Cubs,Baltimore Orioles,Oriole Park at Camden Yards,1.0,6.5,7.652,4.395,0.2401,82.3,14.3,4.33,4.275,0.1413,0.8587,2.0,True
2026-07-09,824816,669432,Trevor Rogers,Baltimore Orioles,Chicago Cubs,Oriole Park at Camden Yards,0.97,6.5,6.875,6.696,0.2123,90.3,41.7,5.31,4.207,0.1334,0.8666,4.0,True
2026-07-09,823683,668909,Gavin Williams,Cleveland Guardians,Minnesota Twins,Target Field,0.99,6.5,10.641,11.368,0.218,113.3,31.7,5.96,6.336,0.4476,0.5524,11.0,True
2026-07-09,823683,641927,Bailey Ober,Minnesota Twins,Cleveland Guardians,Target Field,0.98,6.5,6.405,9.0,0.2236,71.7,5.0,5.51,4.838,0.2145,0.7855,5.0,True
2026-07-09,824577,663776,Patrick Sandoval,Boston Red Sox,Chicago White Sox,Rate Field,1.06,6.5,10.385,10.385,0.2364,4.3,4.3,4.33,5.665,0.3401,0.6599,5.0,True
2026-07-09,824577,641743,Anthony Kay,Chicago White Sox,Boston Red Sox,Rate Field,1.02,6.5,7.18,8.242,0.2203,89.0,31.7,4.8,4.397,0.1559,0.8441,4.0,True
2026-07-09,824251,660761,José Suarez,Athletics,Detroit Tigers,Comerica Park,0.93,6.5,9.887,9.0,0.2303,47.3,18.0,3.22,5.163,0.262,0.738,2.0,True
2026-07-09,824251,664285,Framber Valdez,Detroit Tigers,Athletics,Comerica Park,0.95,6.5,6.973,6.545,0.2274,100.7,33.0,5.59,4.667,0.1909,0.8091,9.0,True
2026-07-09,823846,682243,Bryce Miller,Seattle Mariners,Miami Marlins,loanDepot park,0.92,6.5,10.595,11.937,0.2144,52.7,31.7,5.85,6.046,0.401,0.599,3.0,True
2026-07-09,823846,676083,Janson Junk,Miami Marlins,Seattle Mariners,loanDepot park,0.93,6.5,6.45,8.9,0.2325,60.0,0.0,5.45,5.047,0.2447,0.7553,5.0,True
2026-07-09,824494,666200,Jesús Luzardo,Philadelphia Phillies,Cincinnati Reds,Great American Ball Park,1.03,6.5,10.887,11.642,0.2499,103.3,36.3,5.74,7.201,0.5798,0.4202,11.0,True
2026-07-09,824494,663903,Brady Singer,Cincinnati Reds,Philadelphia Phillies,Great American Ball Park,1.05,6.5,7.761,10.053,0.2344,82.3,31.3,4.84,5.11,0.2541,0.7459,5.0,True
2026-07-09,823034,701656,Logan Henderson,Milwaukee Brewers,St. Louis Cardinals,Busch Stadium,1.02,6.5,10.8,6.75,0.2029,28.3,5.3,4.72,4.723,0.1986,0.8014,4.0,True
2026-07-09,823034,669467,Andre Pallante,St. Louis Cardinals,Milwaukee Brewers,Busch Stadium,0.97,6.5,6.48,5.202,0.2087,100.0,36.3,5.56,3.946,0.1051,0.8949,2.0,True
2026-07-09,822877,672282,Reid Detmers,Los Angeles Angels,Texas Rangers,Globe Life Field,0.99,6.5,10.187,9.074,0.2231,108.7,40.7,5.72,5.84,0.368,0.632,6.0,True
2026-07-09,822877,543135,Nathan Eovaldi,Texas Rangers,Los Angeles Angels,Globe Life Field,1.02,6.5,9.701,11.291,0.2513,111.3,36.7,6.19,7.198,0.5793,0.4207,10.0,True
2026-07-09,823277,518876,Merrill Kelly,Arizona Diamondbacks,San Diego Padres,Petco Park,1.02,6.5,5.504,5.4,0.2285,86.7,33.3,5.78,4.267,0.1403,0.8597,6.0,True
2026-07-09,823277,656288,Griffin Canning,San Diego Padres,Arizona Diamondbacks,Petco Park,0.92,6.5,8.884,9.247,0.1943,51.7,24.3,4.22,4.098,0.1211,0.8789,5.0,True
2026-07-09,823201,663372,Ryan Feltner,Colorado Rockies,San Francisco Giants,Oracle Park,1.13,6.5,6.712,6.818,0.2084,59.0,33.0,4.92,4.055,0.1164,0.8836,3.0,True
2026-07-09,823201,687931,Carson Whisenhunt,San Francisco Giants,Colorado Rockies,Oracle Park,0.91,6.5,5.063,6.0,0.2293,5.3,6.0,2.67,4.746,0.2017,0.7983,4.0,True
2026-07-10,824252,605400,Aaron Nola,Philadelphia Phillies,Detroit Tigers,Comerica Park,1.03,6.5,9.196,8.901,0.2307,92.0,30.3,5.11,5.345,0.2897,0.7103,8.0,True
2026-07-10,824252,656427,Jack Flaherty,Detroit Tigers,Philadelphia Phillies,Comerica Park,0.95,6.5,10.847,10.607,0.2341,76.3,18.7,4.49,5.538,0.3199,0.6801,6.0,True
2026-07-10,823357,687075,Brandon Sproat,Milwaukee Brewers,Pittsburgh Pirates,PNC Park,1.02,6.5,9.57,9.6,0.2378,79.0,30.0,4.65,5.381,0.2953,0.7047,3.0,True
2026-07-10,823357,677952,Braxton Ashcraft,Pittsburgh Pirates,Milwaukee Brewers,PNC Park,0.97,6.5,10.135,10.96,0.2093,108.3,33.7,6.02,5.931,0.3826,0.6174,6.0,True
2026-07-10,824817,679883,Luinder Avila,Kansas City Royals,Baltimore Orioles,Oriole Park at Camden Yards,0.94,6.5,8.187,7.816,0.2399,51.7,25.3,3.85,4.594,0.1811,0.8189,3.0,True
2026-07-10,824817,687064,Brandon Young,Baltimore Orioles,Kansas City Royals,Oriole Park at Camden Yards,0.97,6.5,7.216,7.602,0.2128,77.3,34.3,5.52,4.571,0.1781,0.8219,5.0,True
2026-07-10,822955,622491,Luis Castillo,Seattle Mariners,Tampa Bay Rays,Tropicana Field,0.92,6.5,8.383,6.915,0.1897,82.7,27.3,5.02,3.986,0.1093,0.8907,4.0,True
2026-07-10,822955,607259,Nick Martinez,Tampa Bay Rays,Seattle Mariners,Tropicana Field,0.97,6.5,5.49,5.83,0.2325,100.0,29.3,5.88,4.446,0.1621,0.8379,1.0,True
2026-07-10,823845,800048,Parker Messick,Cleveland Guardians,Miami Marlins,loanDepot park,0.99,6.5,9.255,8.591,0.2131,106.0,36.7,5.89,5.377,0.2947,0.7053,1.0,True
2026-07-10,823845,645261,Sandy Alcantara,Miami Marlins,Cleveland Guardians,loanDepot park,0.93,6.5,6.695,7.621,0.2235,123.7,41.3,6.51,5.131,0.2573,0.7427,8.0,True
2026-07-10,822709,677960,Ryan Weathers,New York Yankees,Washington Nationals,Nationals Park,1.04,6.5,10.101,9.192,0.2143,95.3,31.3,5.3,5.319,0.2857,0.7143,6.0,True
2026-07-10,822709,687223,Carson Palmquist,Washington Nationals,New York Yankees,Nationals Park,0.99,6.5,10.608,10.608,0.2415,9.3,9.3,2.44,5.259,0.2766,0.7234,4.0,True
2026-07-10,824493,684007,Shota Imanaga,Chicago Cubs,Cincinnati Reds,Great American Ball Park,1.0,6.5,8.75,8.719,0.2511,108.0,32.0,5.68,6.075,0.4057,0.5943,5.0,True
2026-07-10,824493,668881,Hunter Greene,Cincinnati Reds,Chicago Cubs,Great American Ball Park,1.05,6.5,16.549,16.549,0.2141,10.3,10.3,5.17,6.121,0.4131,0.5869,12.0,True
2026-07-10,823604,543243,Sonny Gray,Boston Red Sox,New York Mets,Citi Field,1.06,6.5,8.081,8.735,0.2185,94.7,45.3,5.57,5.059,0.2464,0.7536,3.0,True
2026-07-10,823604,690997,Nolan McLean,New York Mets,Boston Red Sox,Citi Field,0.97,6.5,10.481,10.537,0.2203,107.3,41.0,5.65,6.028,0.3983,0.6017,7.0,True
2026-07-10,824575,682052,Jacob Lopez,Athletics,Chicago White Sox,Rate Field,0.93,6.5,6.994,9.642,0.2368,55.3,4.7,4.18,4.604,0.1825,0.8175,1.0,True
2026-07-10,824575,680732,Sean Burke,Chicago White Sox,Athletics,Rate Field,1.02,6.5,9.795,12.273,0.2293,105.7,40.3,5.56,6.322,0.4452,0.5548,9.0,True
2026-07-10,822878,686613,Hunter Brown,Houston Astros,Texas Rangers,Globe Life Field,1.0,6.5,10.223,8.366,0.2229,34.3,23.7,4.9,5.222,0.2709,0.7291,4.0,True
2026-07-10,822878,615698,Cal Quantrill,Texas Rangers,Houston Astros,Globe Life Field,1.02,6.5,5.559,5.014,0.2163,45.3,23.3,3.48,3.42,0.0593,0.9407,1.0,True
2026-07-10,823685,680570,Grayson Rodriguez,Los Angeles Angels,Minnesota Twins,Target Field,0.99,6.5,7.043,4.974,0.2172,30.7,12.7,4.38,4.215,0.1343,0.8657,0.0,True
2026-07-10,823685,805673,Zebby Matthews,Minnesota Twins,Los Angeles Angels,Target Field,0.98,6.5,7.364,6.183,0.2505,66.0,43.7,6.06,5.42,0.3015,0.6985,3.0,True
2026-07-10,823033,519242,Chris Sale,Atlanta Braves,St. Louis Cardinals,Busch Stadium,1.01,6.5,10.745,11.013,0.2036,98.0,25.3,5.76,5.707,0.3467,0.6533,5.0,True
2026-07-10,823033,681517,Kyle Leahy,St. Louis Cardinals,Atlanta Braves,Busch Stadium,0.97,6.5,7.556,7.602,0.213,89.3,34.3,4.96,4.329,0.1477,0.8523,2.0,True
2026-07-10,823278,669456,Shane Bieber,Toronto Blue Jays,San Diego Padres,Petco Park,1.0,6.5,6.231,6.231,0.2291,13.0,13.0,4.33,4.78,0.2064,0.7936,4.0,True
2026-07-10,823278,676664,JP Sears,San Diego Padres,Toronto Blue Jays,Petco Park,0.92,6.5,8.218,8.218,0.1974,15.3,15.3,5.11,4.54,0.1742,0.8258,3.0,True
2026-07-10,823927,593958,Eduardo Rodriguez,Arizona Diamondbacks,Los Angeles Dodgers,UNIQLO Field at Dodger Stadium,1.02,6.5,6.167,5.551,0.2025,108.0,35.7,6.0,3.993,0.11,0.89,5.0,True
2026-07-10,823927,669165,Kyle Hurt,Los Angeles Dodgers,Arizona Diamondbacks,UNIQLO Field at Dodger Stadium,0.96,6.5,11.225,11.7,0.1948,29.7,10.0,5.5,5.136,0.2579,0.7421,1.0,True
2026-07-10,823200,685299,Tanner Gordon,Colorado Rockies,San Francisco Giants,Oracle Park,1.13,6.5,9.132,9.9,0.2084,45.3,10.0,4.12,4.435,0.1607,0.8393,1.0,True
2026-07-10,823200,592662,Robbie Ray,San Francisco Giants,Colorado Rockies,Oracle Park,0.91,6.5,7.613,6.231,0.2292,101.7,39.0,5.65,4.819,0.2118,0.7882,4.0,True
2026-07-11,823357,687075,Brandon Sproat,Milwaukee Brewers,Pittsburgh Pirates,PNC Park,1.02,6.5,9.588,10.607,0.2376,81.7,28.0,4.54,5.424,0.302,0.698,3.0,True
2026-07-11,823357,677952,Braxton Ashcraft,Pittsburgh Pirates,Milwaukee Brewers,PNC Park,0.97,6.5,10.105,10.8,0.2095,111.3,36.7,5.86,5.817,0.3644,0.6356,6.0,True
2026-07-11,823682,696270,Ryan Johnson,Los Angeles Angels,Minnesota Twins,Target Field,0.99,6.5,7.624,8.55,0.2172,28.3,20.0,4.67,4.749,0.2021,0.7979,1.0,True
2026-07-11,823682,657746,Joe Ryan,Minnesota Twins,Los Angeles Angels,Target Field,0.98,6.5,10.524,11.382,0.2506,104.3,34.0,5.49,6.863,0.5297,0.4703,6.0,True
2026-07-11,824576,695611,Gage Jump,Athletics,Chicago White Sox,Rate Field,0.93,6.5,8.581,9.0,0.2362,43.0,31.0,5.38,5.562,0.3237,0.6763,7.0,True
2026-07-11,824576,663542,Bryan Hudson,Chicago White Sox,Athletics,Rate Field,1.02,6.5,8.775,9.281,0.2294,40.0,10.7,1.2,4.073,0.1184,0.8816,0.0,True
2026-07-11,823198,607536,Kyle Freeland,Colorado Rockies,San Francisco Giants,Oracle Park,1.13,6.5,7.683,7.147,0.2067,82.0,34.0,5.13,4.268,0.1404,0.8596,9.0,True
2026-07-11,822711,693645,Cam Schlittler,New York Yankees,Washington Nationals,Nationals Park,1.04,6.5,10.527,11.86,0.2142,112.0,35.7,5.89,6.239,0.432,0.568,6.0,True
2026-07-11,822953,669302,Logan Gilbert,Seattle Mariners,Tampa Bay Rays,Tropicana Field,0.92,6.5,9.559,9.891,0.1893,107.3,33.7,5.96,5.059,0.2466,0.7534,5.0,True
2026-07-11,822953,643377,Griffin Jax,Tampa Bay Rays,Seattle Mariners,Tropicana Field,0.97,6.5,9.415,10.452,0.2318,65.0,31.0,4.31,5.176,0.2639,0.7361,3.0,True
2026-07-11,823844,676440,Tanner Bibee,Cleveland Guardians,Miami Marlins,loanDepot park,0.99,6.5,7.11,5.786,0.2119,106.3,37.3,5.6,4.246,0.1378,0.8622,3.0,True
2026-07-11,823844,691587,Eury Pérez,Miami Marlins,Cleveland Guardians,loanDepot park,0.93,6.5,10.054,9.0,0.224,79.7,17.0,5.31,5.519,0.3169,0.6831,6.0,True
2026-07-11,823603,700842,Eduardo Rivera,Boston Red Sox,New York Mets,Citi Field,1.06,6.5,7.714,7.363,0.2177,7.0,3.7,3.5,4.799,0.2091,0.7909,3.0,True
2026-07-11,823603,642547,Freddy Peralta,New York Mets,Boston Red Sox,Citi Field,0.97,6.5,8.971,8.351,0.2202,104.3,32.3,5.22,5.034,0.2428,0.7572,6.0,True
2026-07-11,824249,650911,Cristopher Sánchez,Philadelphia Phillies,Detroit Tigers,Comerica Park,1.03,6.5,10.279,9.237,0.2312,124.3,38.0,6.22,6.48,0.4703,0.5297,7.0,True
2026-07-11,824249,663554,Casey Mize,Detroit Tigers,Philadelphia Phillies,Comerica Park,0.95,6.5,9.04,8.577,0.2335,75.7,28.3,5.4,5.522,0.3175,0.6825,5.0,True
2026-07-11,824813,702070,Noah Cameron,Kansas City Royals,Baltimore Orioles,Oriole Park at Camden Yards,0.94,6.5,8.362,8.4,0.2398,89.3,30.0,4.94,5.175,0.2638,0.7362,9.0,True
2026-07-11,824813,680694,Kyle Bradish,Baltimore Orioles,Kansas City Royals,Oriole Park at Camden Yards,0.97,6.5,9.118,9.413,0.2132,101.7,36.3,5.35,5.142,0.2588,0.7412,5.0,True
2026-07-11,822875,663567,Peter Lambert,Houston Astros,Texas Rangers,Globe Life Field,1.0,6.5,8.325,8.191,0.2228,80.0,29.7,5.71,5.225,0.2715,0.7285,7.0,True
2026-07-11,822875,677958,Kumar Rocker,Texas Rangers,Houston Astros,Globe Life Field,1.02,6.5,8.016,9.986,0.2159,85.3,24.3,4.74,4.663,0.1904,0.8096,6.0,True
2026-07-11,824492,665871,Javier Assad,Chicago Cubs,Cincinnati Reds,Great American Ball Park,1.0,6.5,5.272,5.637,0.2511,56.3,30.3,4.7,4.363,0.1518,0.8482,4.0,True
2026-07-11,824492,666157,Nick Lodolo,Cincinnati Reds,Chicago Cubs,Great American Ball Park,1.05,6.5,7.21,7.258,0.2146,58.7,31.0,4.89,4.316,0.1462,0.8538,4.0,True
2026-07-11,823030,625643,Reynaldo López,Atlanta Braves,St. Louis Cardinals,Busch Stadium,1.01,6.5,8.1,8.41,0.2042,56.7,20.3,4.19,4.166,0.1287,0.8713,3.0,True
2026-07-11,823030,669461,Matthew Liberatore,St. Louis Cardinals,Atlanta Braves,Busch Stadium,0.97,6.5,8.489,9.0,0.2132,88.0,26.0,4.63,4.51,0.1703,0.8297,6.0,True
2026-07-11,823276,702056,Trey Yesavage,Toronto Blue Jays,San Diego Padres,Petco Park,1.0,6.5,8.345,7.043,0.2289,73.3,30.7,5.64,5.159,0.2615,0.7385,1.0,True
2026-07-11,823276,621111,Walker Buehler,San Diego Padres,Toronto Blue Jays,Petco Park,0.92,6.5,8.276,9.511,0.1967,87.0,29.3,4.83,4.301,0.1443,0.8557,1.0,True
2026-07-11,823926,694297,Brandon Pfaadt,Arizona Diamondbacks,Los Angeles Dodgers,UNIQLO Field at Dodger Stadium,1.02,6.5,7.262,6.968,0.203,48.3,10.3,4.92,4.246,0.1378,0.8622,2.0,True
2026-07-11,823926,808967,Yoshinobu Yamamoto,Los Angeles Dodgers,Arizona Diamondbacks,UNIQLO Field at Dodger Stadium,0.96,6.5,8.599,7.896,0.1959,104.7,35.3,6.54,5.018,0.2404,0.7596,6.0,True
2026-07-12,823358,688107,Robert Gasser,Milwaukee Brewers,Pittsburgh Pirates,PNC Park,1.02,6.5,8.308,8.4,0.2375,43.3,30.0,5.42,5.471,0.3094,0.6906,3.0,True
2026-07-12,823358,694973,Paul Skenes,Pittsburgh Pirates,Milwaukee Brewers,PNC Park,0.97,6.5,10.748,11.182,0.2093,103.0,33.0,5.42,5.701,0.3459,0.6541,7.0,True
2026-07-12,824814,607625,Seth Lugo,Kansas City Royals,Baltimore Orioles,Oriole Park at Camden Yards,0.94,6.5,7.395,6.907,0.2404,104.7,28.7,5.51,5.066,0.2475,0.7525,6.0,True
2026-07-12,824814,669358,Shane Baz,Baltimore Orioles,Kansas City Royals,Oriole Park at Camden Yards,0.97,6.5,7.979,8.033,0.2146,111.7,40.3,5.88,5.003,0.2382,0.7618,9.0,True
2026-07-12,822708,701542,Will Warren,New York Yankees,Washington Nationals,Nationals Park,1.04,6.5,8.786,6.882,0.2137,98.3,34.0,5.18,4.616,0.1841,0.8159,2.0,True
2026-07-12,822708,676917,Cade Cavalli,Washington Nationals,New York Yankees,Nationals Park,0.99,6.5,10.034,9.529,0.2407,98.7,34.0,4.93,5.739,0.3519,0.6481,5.0,True
2026-07-12,824491,571510,Matthew Boyd,Chicago Cubs,Cincinnati Reds,Great American Ball Park,1.0,6.5,9.269,6.328,0.2494,44.7,21.3,5.0,5.444,0.3052,0.6948,3.0,True
2026-07-12,824491,671096,Andrew Abbott,Cincinnati Reds,Chicago Cubs,Great American Ball Park,1.05,6.5,7.2,9.165,0.2141,105.0,36.3,5.25,4.626,0.1855,0.8145,3.0,True
2026-07-12,823602,801139,Payton Tolle,Boston Red Sox,New York Mets,Citi Field,1.06,6.5,9.321,8.836,0.2192,84.0,36.7,5.6,5.394,0.2974,0.7026,7.0,True
2026-07-12,823602,804267,Zach Thornton,New York Mets,Boston Red Sox,Citi Field,0.97,6.5,7.789,8.308,0.2201,17.3,13.0,5.78,5.176,0.264,0.736,5.0,True
2026-07-12,822951,676106,Emerson Hancock,Seattle Mariners,Tampa Bay Rays,Tropicana Field,0.92,6.5,8.517,7.535,0.1887,99.3,28.7,5.52,4.289,0.143,0.857,2.0,True
2026-07-12,822951,693855,Ian Seymour,Tampa Bay Rays,Seattle Mariners,Tropicana Field,0.97,6.5,10.438,11.228,0.2321,64.7,33.7,4.46,5.725,0.3496,0.6504,3.0,True
2026-07-12,824250,554430,Zack Wheeler,Philadelphia Phillies,Detroit Tigers,Comerica Park,1.03,6.5,10.272,12.528,0.2314,92.0,41.7,6.13,6.936,0.5406,0.4594,10.0,True
2026-07-12,824250,669373,Tarik Skubal,Detroit Tigers,Philadelphia Phillies,Comerica Park,0.95,6.5,10.586,12.248,0.234,75.7,32.3,5.82,6.726,0.5087,0.4913,5.0,True
2026-07-12,823842,676282,Joey Cantillo,Cleveland Guardians,Miami Marlins,loanDepot park,0.99,6.5,9.27,11.308,0.2121,100.0,39.0,5.02,5.206,0.2685,0.7315,9.0,True
2026-07-12,823842,663969,Tyler Phillips,Miami Marlins,Cleveland Guardians,loanDepot park,0.93,6.5,6.72,5.684,0.224,75.0,31.7,4.07,3.749,0.0862,0.9138,1.0,True
2026-07-12,823681,667755,José Soriano,Los Angeles Angels,Minnesota Twins,Target Field,0.99,6.5,9.352,7.788,0.2153,110.7,34.7,5.5,5.104,0.2531,0.7469,0.0,True
2026-07-12,823681,671737,Taj Bradley,Minnesota Twins,Los Angeles Angels,Target Field,0.98,6.5,10.371,10.35,0.25,100.7,40.0,5.59,6.719,0.5076,0.4924,6.0,True
2026-07-12,824574,669372,J.T. Ginn,Athletics,Chicago White Sox,Rate Field,0.93,6.5,8.065,7.784,0.2376,102.7,37.0,5.23,5.12,0.2556,0.7444,7.0,True
2026-07-12,824574,702273,Noah Schultz,Chicago White Sox,Athletics,Rate Field,1.02,6.5,8.083,8.791,0.2286,52.3,14.3,4.79,4.951,0.2307,0.7693,4.0,True
2026-07-12,823029,664849,Danny Young,Atlanta Braves,St. Louis Cardinals,Busch Stadium,1.01,6.5,9.0,9.0,0.2039,4.0,4.0,0.67,4.501,0.169,0.831,1.0,True
2026-07-12,823029,669160,Dustin May,St. Louis Cardinals,Atlanta Braves,Busch Stadium,0.97,6.5,8.707,10.038,0.2141,92.0,26.0,5.15,5.02,0.2407,0.7593,4.0,True
2026-07-12,822876,664299,Cristian Javier,Houston Astros,Texas Rangers,Globe Life Field,1.0,6.5,6.907,12.6,0.2241,14.3,5.0,2.83,4.641,0.1874,0.8126,4.0,True
2026-07-12,822876,669022,MacKenzie Gore,Texas Rangers,Houston Astros,Globe Life Field,1.02,6.5,9.842,10.274,0.2156,103.3,37.7,5.15,5.358,0.2918,0.7082,4.0,True
2026-07-12,823199,547179,Michael Lorenzen,Colorado Rockies,San Francisco Giants,Oracle Park,1.13,6.5,7.043,6.894,0.2074,92.0,31.3,4.79,3.929,0.1035,0.8965,1.0,True
2026-07-12,823199,686790,Trevor McDonald,San Francisco Giants,Colorado Rockies,Oracle Park,0.91,6.5,7.584,6.75,0.2285,59.3,25.3,4.94,4.645,0.1879,0.8121,4.0,True
2026-07-12,823925,683352,Mitch Bratt,Arizona Diamondbacks,Los Angeles Dodgers,UNIQLO Field at Dodger Stadium,1.02,6.5,9.0,9.0,0.2028,3.0,3.0,3.0,4.663,0.1904,0.8096,0.0,True
2026-07-12,823925,686218,Emmet Sheehan,Los Angeles Dodgers,Arizona Diamondbacks,UNIQLO Field at Dodger Stadium,0.96,6.5,10.052,11.368,0.1958,77.0,19.0,4.81,4.768,0.2048,0.7952,7.0,True
2026-07-12,823274,592332,Kevin Gausman,Toronto Blue Jays,San Diego Padres,Petco Park,1.0,6.5,9.141,9.766,0.2281,106.3,31.3,5.6,5.721,0.3489,0.6511,8.0,True
2026-07-12,823274,608566,Germán Márquez,San Diego Padres,Toronto Blue Jays,Petco Park,0.92,6.5,5.734,5.625,0.1964,37.7,8.0,4.71,3.816,0.0924,0.9076,4.0,True
2026-07-17,824737,669438,Mason Englert,Tampa Bay Rays,Boston Red Sox,Fenway Park,0.97,6.5,8.217,11.172,0.2193,30.7,9.7,4.33,4.96,0.232,0.768,4.0,True
2026-07-17,824737,700842,Eduardo Rivera,Boston Red Sox,Tampa Bay Rays,Fenway Park,1.06,6.5,7.714,7.363,0.1885,7.0,3.7,3.5,4.156,0.1275,0.8725,3.0,True
2026-07-17,823524,808963,Roki Sasaki,Los Angeles Dodgers,New York Yankees,Yankee Stadium,0.96,6.5,8.889,7.826,0.2407,81.0,23.0,5.06,5.341,0.2891,0.7109,5.0,True
2026-07-17,823524,543037,Gerrit Cole,New York Yankees,Los Angeles Dodgers,Yankee Stadium,1.04,6.5,8.633,9.667,0.2026,49.0,27.0,5.44,4.884,0.221,0.779,8.0,True
2026-07-17,824901,615698,Cal Quantrill,Texas Rangers,Atlanta Braves,Truist Park,1.02,6.5,5.439,4.569,0.2132,46.3,21.7,3.59,3.358,0.0549,0.9451,3.0,True
2026-07-17,824901,519242,Chris Sale,Atlanta Braves,Texas Rangers,Truist Park,1.01,6.5,10.745,11.44,0.2237,98.0,19.7,5.76,6.29,0.4401,0.5599,6.0,True
2026-07-17,822789,641743,Anthony Kay,Chicago White Sox,Toronto Blue Jays,Rogers Centre,1.02,6.5,7.153,8.036,0.1962,89.3,28.0,4.81,3.9,0.1005,0.8995,5.0,True
2026-07-17,822789,693686,Spencer Miles,Toronto Blue Jays,Chicago White Sox,Rogers Centre,1.0,6.5,8.55,8.151,0.2373,60.0,17.7,3.7,4.668,0.1911,0.8089,4.0,True
2026-07-17,823766,645261,Sandy Alcantara,Miami Marlins,Milwaukee Brewers,American Family Field,0.93,6.5,6.888,7.839,0.2093,130.7,41.3,6.53,4.908,0.2245,0.7755,7.0,True
2026-07-17,823766,701656,Logan Henderson,Milwaukee Brewers,Miami Marlins,American Family Field,1.02,6.5,10.8,6.75,0.2126,28.3,5.3,4.72,4.949,0.2304,0.7696,4.0,True
2026-07-17,824655,641927,Bailey Ober,Minnesota Twins,Chicago Cubs,Wrigley Field,0.98,6.5,6.405,9.0,0.2138,71.7,5.0,5.51,4.626,0.1854,0.8146,7.0,True
2026-07-17,824655,607067,Colin Rea,Chicago Cubs,Minnesota Twins,Wrigley Field,1.0,6.5,6.655,5.684,0.2162,94.7,25.3,4.98,3.987,0.1093,0.8907,6.0,True
2026-07-17,824170,665152,Dean Kremer,Baltimore Orioles,Houston Astros,Daikin Park,0.97,6.5,9.818,6.545,0.2156,22.0,11.0,5.5,5.069,0.248,0.752,5.0,True
2026-07-17,824170,663567,Peter Lambert,Houston Astros,Baltimore Orioles,Daikin Park,1.0,6.5,8.477,8.69,0.2402,86.0,29.0,5.73,5.762,0.3556,0.6444,10.0,True
2026-07-17,824090,650633,Michael King,San Diego Padres,Kansas City Royals,Kauffman Stadium,0.92,6.5,7.643,6.506,0.2142,108.3,27.7,5.7,4.623,0.185,0.815,4.0,True
2026-07-17,824090,607625,Seth Lugo,Kansas City Royals,San Diego Padres,Kauffman Stadium,0.94,6.5,7.395,7.105,0.2284,104.7,25.3,5.51,4.855,0.2169,0.7831,3.0,True
2026-07-17,824332,663903,Brady Singer,Cincinnati Reds,Colorado Rockies,Coors Field,1.05,6.5,7.628,9.105,0.2281,89.7,28.7,4.98,4.879,0.2204,0.7796,6.0,True
2026-07-17,824332,687312,Gabriel Hughes,Colorado Rockies,Cincinnati Reds,Coors Field,1.13,6.5,8.0,8.0,0.2497,9.0,9.0,4.5,5.675,0.3416,0.6584,6.0,True
2026-07-17,824009,675512,Troy Melton,Detroit Tigers,Los Angeles Angels,Angel Stadium,0.95,6.5,7.48,10.267,0.2499,49.3,23.7,6.17,6.22,0.429,0.571,9.0,True
2026-07-17,824009,672282,Reid Detmers,Los Angeles Angels,Detroit Tigers,Angel Stadium,0.99,6.5,10.187,8.458,0.2323,108.7,27.7,5.72,5.985,0.3913,0.6087,7.0,True
2026-07-17,824981,676917,Cade Cavalli,Washington Nationals,Athletics,Sutter Health Park,0.99,6.5,10.034,10.552,0.2289,98.7,29.0,4.93,5.591,0.3284,0.6716,9.0,True
2026-07-17,824981,695611,Gage Jump,Athletics,Washington Nationals,Sutter Health Park,0.93,6.5,8.877,10.385,0.2138,48.7,30.3,5.41,5.282,0.2801,0.7199,8.0,True
2026-07-17,825060,700241,Michael McGreevy,St. Louis Cardinals,Arizona Diamondbacks,Chase Field,0.97,6.5,5.843,5.216,0.1963,101.7,29.3,5.65,3.653,0.0777,0.9223,5.0,True
2026-07-17,825060,518876,Merrill Kelly,Arizona Diamondbacks,St. Louis Cardinals,Chase Field,1.02,6.5,5.669,6.443,0.2046,93.7,29.3,5.85,4.038,0.1147,0.8853,3.0,True
2026-07-17,823115,694738,Landen Roupp,San Francisco Giants,Seattle Mariners,T-Mobile Park,0.91,6.5,9.649,8.89,0.2321,97.0,27.3,5.39,5.671,0.3409,0.6591,2.0,True
2026-07-17,823115,682243,Bryce Miller,Seattle Mariners,San Francisco Giants,T-Mobile Park,0.92,6.5,10.144,10.565,0.2064,57.7,30.7,5.77,5.522,0.3175,0.6825,6.0,True
2026-07-18,824414,683003,Jared Jones,Pittsburgh Pirates,Cleveland Guardians,Progressive Field,0.97,6.5,10.703,11.408,0.2248,37.0,23.7,4.07,5.258,0.2764,0.7236,9.0,True
2026-07-18,824414,668909,Gavin Williams,Cleveland Guardians,Pittsburgh Pirates,Progressive Field,0.99,6.5,10.552,11.352,0.2372,116.0,29.3,5.78,6.721,0.508,0.492,11.0,True
2026-07-18,824657,671737,Taj Bradley,Minnesota Twins,Chicago Cubs,Wrigley Field,0.98,6.5,10.344,10.752,0.2142,102.7,37.7,5.7,5.884,0.3751,0.6249,6.0,True
2026-07-18,824657,571510,Matthew Boyd,Chicago Cubs,Minnesota Twins,Wrigley Field,1.0,6.5,9.196,6.545,0.2168,46.0,22.0,5.11,4.79,0.2078,0.7922,4.0,True
2026-07-18,823441,640455,Sean Manaea,New York Mets,Philadelphia Phillies,Citizens Bank Park,0.97,6.5,8.88,8.156,0.2351,75.0,32.0,4.35,4.806,0.21,0.79,7.0,True
2026-07-18,823441,666200,Jesús Luzardo,Philadelphia Phillies,New York Mets,Citizens Bank Park,1.03,6.5,11.094,13.642,0.2193,110.3,31.7,5.81,6.712,0.5066,0.4934,7.0,True
2026-07-18,822790,663436,Davis Martin,Chicago White Sox,Toronto Blue Jays,Rogers Centre,1.02,6.5,8.253,5.318,0.1966,100.3,22.0,5.57,4.212,0.1339,0.8661,5.0,True
2026-07-18,822790,669456,Shane Bieber,Toronto Blue Jays,Chicago White Sox,Rogers Centre,1.0,6.5,6.623,6.623,0.2366,17.7,17.7,4.42,4.879,0.2203,0.7797,6.0,True
2026-07-18,824331,695076,Rhett Lowder,Cincinnati Reds,Colorado Rockies,Coors Field,1.05,6.5,7.622,8.894,0.2281,69.7,28.3,4.69,4.745,0.2015,0.7985,2.0,True
2026-07-18,824331,608372,Tomoyuki Sugano,Colorado Rockies,Cincinnati Reds,Coors Field,1.13,6.5,5.123,5.062,0.2494,84.3,16.0,5.27,4.445,0.162,0.838,3.0,True
2026-07-18,824169,681293,Spencer Arrighetti,Houston Astros,Baltimore Orioles,Daikin Park,1.0,6.5,8.89,10.08,0.2414,82.0,25.0,5.47,5.93,0.3825,0.6175,6.0,True
2026-07-18,824088,656288,Griffin Canning,San Diego Padres,Kansas City Royals,Kauffman Stadium,0.92,6.5,8.892,8.0,0.2139,55.7,18.0,4.58,4.569,0.1778,0.8222,4.0,True
2026-07-18,824088,677976,Randy Dobnak,Kansas City Royals,San Diego Padres,Kauffman Stadium,0.94,6.5,3.724,3.724,0.227,9.7,9.7,4.83,4.624,0.1851,0.8149,3.0,True
2026-07-18,825059,669160,Dustin May,St. Louis Cardinals,Arizona Diamondbacks,Chase Field,0.97,6.5,8.613,10.18,0.1965,93.0,20.3,5.17,4.599,0.1818,0.8182,6.0,True
2026-07-18,825059,694297,Brandon Pfaadt,Arizona Diamondbacks,St. Louis Cardinals,Chase Field,1.02,6.5,6.876,5.745,0.2037,53.7,15.7,4.96,4.036,0.1145,0.8855,3.0,True
2026-07-18,824738,693855,Ian Seymour,Tampa Bay Rays,Boston Red Sox,Fenway Park,0.97,6.5,10.438,11.225,0.2189,64.7,29.7,4.46,5.384,0.2958,0.7042,4.0,True
2026-07-18,824738,663776,Patrick Sandoval,Boston Red Sox,Tampa Bay Rays,Fenway Park,1.06,6.5,10.385,10.385,0.1889,4.3,4.3,4.33,4.527,0.1724,0.8276,5.0,True
2026-07-18,824899,669022,MacKenzie Gore,Texas Rangers,Atlanta Braves,Truist Park,1.02,6.5,9.857,10.324,0.2117,105.0,34.0,5.25,5.332,0.2878,0.7122,7.0,True
2026-07-18,824899,702566,Owen Murphy,Atlanta Braves,Texas Rangers,Truist Park,1.01,6.5,9.0,9.0,0.2236,4.0,4.0,3.0,5.142,0.2589,0.7411,2.0,True
2026-07-18,823763,676974,Max Meyer,Miami Marlins,Milwaukee Brewers,American Family Field,0.93,6.5,9.667,9.31,0.2105,108.0,29.0,5.68,5.393,0.2972,0.7028,5.0,True
2026-07-18,823763,675660,Shane Drohan,Milwaukee Brewers,Miami Marlins,American Family Field,1.02,6.5,8.614,8.351,0.213,70.0,32.3,4.55,4.466,0.1647,0.8353,9.0,True
2026-07-19,822786,680732,Sean Burke,Chicago White Sox,Toronto Blue Jays,Rogers Centre,1.02,6.5,9.703,11.455,0.1963,106.7,33.0,5.33,5.108,0.2537,0.7463,5.0,True
2026-07-19,822786,702056,Trey Yesavage,Toronto Blue Jays,Chicago White Sox,Rogers Centre,1.0,6.5,8.408,7.849,0.2378,76.0,28.7,5.07,5.169,0.2629,0.7371,9.0,True
2026-07-19,823523,808967,Yoshinobu Yamamoto,Los Angeles Dodgers,New York Yankees,Yankee Stadium,0.96,6.5,8.62,9.36,0.2406,110.7,25.0,6.51,6.422,0.4611,0.5389,7.0,True
2026-07-19,823523,693645,Cam Schlittler,New York Yankees,Los Angeles Dodgers,Yankee Stadium,1.04,6.5,10.39,12.438,0.2034,118.7,29.7,5.93,5.979,0.3904,0.6096,8.0,True
2026-07-19,824739,663556,Shane McClanahan,Tampa Bay Rays,Boston Red Sox,Fenway Park,0.97,6.5,8.581,6.545,0.219,86.0,22.0,5.06,4.638,0.1871,0.8129,3.0,True
2026-07-19,824739,543243,Sonny Gray,Boston Red Sox,Tampa Bay Rays,Fenway Park,1.06,6.5,7.996,9.18,0.1888,95.7,33.3,5.63,4.442,0.1616,0.8384,5.0,True
2026-07-19,823439,690997,Nolan McLean,New York Mets,Philadelphia Phillies,Citizens Bank Park,0.97,6.5,10.481,10.742,0.2351,107.3,31.0,5.65,6.438,0.4638,0.5362,10.0,True
2026-07-19,823439,660604,Alan Rangel,Philadelphia Phillies,New York Mets,Citizens Bank Park,1.03,6.5,10.242,9.368,0.2203,19.3,16.3,3.87,4.921,0.2263,0.7737,4.0,True
2026-07-19,824897,543135,Nathan Eovaldi,Texas Rangers,Atlanta Braves,Truist Park,1.02,6.5,9.701,12.484,0.2118,111.3,31.0,6.19,6.222,0.4293,0.5707,2.0,True
2026-07-19,824897,656550,Grant Holmes,Atlanta Braves,Texas Rangers,Truist Park,1.01,6.5,7.832,7.403,0.2234,87.3,20.7,4.85,4.552,0.1756,0.8244,2.0,True
2026-07-19,824411,694973,Paul Skenes,Pittsburgh Pirates,Cleveland Guardians,Progressive Field,0.97,6.5,10.8,11.412,0.2257,108.3,32.3,5.42,6.196,0.4251,0.5749,8.0,True
2026-07-19,824411,676282,Joey Cantillo,Cleveland Guardians,Pittsburgh Pirates,Progressive Field,0.99,6.5,9.356,11.793,0.239,101.0,29.0,5.05,5.942,0.3844,0.6156,7.0,True
2026-07-19,824168,687064,Brandon Young,Baltimore Orioles,Houston Astros,Daikin Park,0.97,6.5,7.15,8.036,0.2156,84.3,28.0,5.62,4.728,0.1993,0.8007,7.0,True
2026-07-19,824086,608566,Germán Márquez,San Diego Padres,Kansas City Royals,Kauffman Stadium,0.92,6.5,6.048,6.75,0.2141,41.7,12.0,4.63,4.159,0.1278,0.8722,2.0,True
2026-07-19,824086,702070,Noah Cameron,Kansas City Royals,San Diego Padres,Kauffman Stadium,0.94,6.5,8.561,9.467,0.2261,95.7,25.7,5.31,5.296,0.2823,0.7177,1.0,True
2026-07-19,823764,691587,Eury Pérez,Miami Marlins,Milwaukee Brewers,American Family Field,0.93,6.5,9.981,9.0,0.2107,85.7,23.0,5.35,5.206,0.2686,0.7314,9.0,True
2026-07-19,823764,688107,Robert Gasser,Milwaukee Brewers,Miami Marlins,American Family Field,1.02,6.5,8.353,7.714,0.2143,46.3,28.0,5.15,4.736,0.2003,0.7997,5.0,True
2026-07-19,824653,805673,Zebby Matthews,Minnesota Twins,Chicago Cubs,Wrigley Field,0.98,6.5,7.254,7.043,0.2148,67.0,30.7,6.09,4.816,0.2115,0.7885,4.0,True
2026-07-19,824653,684007,Shota Imanaga,Chicago Cubs,Minnesota Twins,Wrigley Field,1.0,6.5,8.75,8.0,0.2167,108.0,27.0,5.68,5.146,0.2595,0.7405,4.0,True
2026-07-19,824330,668881,Hunter Greene,Cincinnati Reds,Colorado Rockies,Coors Field,1.05,6.5,16.549,16.549,0.2278,10.3,10.3,5.17,6.513,0.4755,0.5245,7.0,True
2026-07-19,824330,663372,Ryan Feltner,Colorado Rockies,Cincinnati Reds,Coors Field,1.13,6.5,6.679,7.0,0.2486,63.3,27.0,4.87,4.832,0.2137,0.7863,3.0,True
2026-07-19,823521,694361,Will Klein,Los Angeles Dodgers,New York Yankees,Yankee Stadium,0.96,6.5,10.366,10.608,0.2406,37.3,9.3,1.5,5.404,0.2989,0.7011,1.0,True
2026-07-19,823521,642232,Ryan Yarbrough,New York Yankees,Los Angeles Dodgers,Yankee Stadium,1.04,6.5,6.568,5.927,0.2045,37.0,13.7,3.0,3.855,0.0961,0.9039,1.0,True
2026-07-19,824978,656492,Foster Griffin,Washington Nationals,Athletics,Sutter Health Park,0.99,6.5,8.514,8.466,0.2281,117.3,39.3,5.87,5.53,0.3187,0.6813,2.0,True
2026-07-19,824978,682052,Jacob Lopez,Athletics,Washington Nationals,Sutter Health Park,0.93,6.5,7.391,11.0,0.2153,59.7,9.0,4.19,4.326,0.1474,0.8526,6.0,True
2026-07-19,824007,663554,Casey Mize,Detroit Tigers,Los Angeles Angels,Angel Stadium,0.95,6.5,9.149,9.0,0.2513,80.7,33.0,5.38,6.019,0.3968,0.6032,5.0,True
2026-07-19,824007,696270,Ryan Johnson,Los Angeles Angels,Detroit Tigers,Angel Stadium,0.99,6.5,7.044,7.5,0.2329,38.3,30.0,4.76,4.787,0.2073,0.7927,5.0,True
2026-07-19,823113,592662,Robbie Ray,San Francisco Giants,Seattle Mariners,T-Mobile Park,0.91,6.5,7.807,7.232,0.231,110.7,37.3,5.53,5.004,0.2384,0.7616,6.0,True
2026-07-19,823113,669302,Logan Gilbert,Seattle Mariners,San Francisco Giants,T-Mobile Park,0.92,6.5,9.675,10.488,0.2094,120.0,40.3,6.0,5.771,0.357,0.643,10.0,True
2026-07-19,825057,669467,Andre Pallante,St. Louis Cardinals,Arizona Diamondbacks,Chase Field,0.97,6.5,6.408,4.794,0.1964,105.3,35.7,5.54,3.632,0.076,0.924,3.0,True
2026-07-19,825057,593958,Eduardo Rodriguez,Arizona Diamondbacks,St. Louis Cardinals,Chase Field,1.02,6.5,6.326,5.604,0.2034,116.7,35.3,5.83,3.975,0.1081,0.8919,3.0,True
2026-07-20,824410,657746,Joe Ryan,Minnesota Twins,Cleveland Guardians,Progressive Field,0.98,6.5,10.312,10.969,0.2261,114.3,32.0,5.44,6.044,0.4008,0.5992,3.0,True
2026-07-20,824410,676440,Tanner Bibee,Cleveland Guardians,Minnesota Twins,Progressive Field,0.99,6.5,6.958,5.4,0.2156,119.0,35.0,5.67,4.258,0.1393,0.8607,5.0,True
2026-07-20,823522,677952,Braxton Ashcraft,Pittsburgh Pirates,New York Yankees,Yankee Stadium,0.97,6.5,10.057,11.368,0.2405,116.3,31.7,5.82,6.717,0.5073,0.4927,2.0,True
2026-07-20,823522,677960,Ryan Weathers,New York Yankees,Pittsburgh Pirates,Yankee Stadium,1.04,6.5,10.114,10.929,0.24,102.3,28.0,5.39,6.286,0.4395,0.5605,5.0,True
2026-07-20,822788,607259,Nick Martinez,Tampa Bay Rays,Toronto Blue Jays,Rogers Centre,0.97,6.5,5.012,4.812,0.1954,111.3,33.7,5.86,3.436,0.0605,0.9395,0.0,True
2026-07-20,822788,656302,Dylan Cease,Toronto Blue Jays,Tampa Bay Rays,Rogers Centre,1.0,6.5,13.371,12.881,0.1896,104.3,36.3,5.8,6.2,0.4258,0.5742,7.0,True
2026-07-20,824736,669358,Shane Baz,Baltimore Orioles,Boston Red Sox,Fenway Park,0.97,6.5,8.031,9.589,0.2183,117.7,35.7,5.88,5.357,0.2917,0.7083,6.0,True
2026-07-20,824736,801139,Payton Tolle,Boston Red Sox,Baltimore Orioles,Fenway Park,1.06,6.5,9.636,10.404,0.2436,89.7,36.3,5.6,6.35,0.4497,0.5503,9.0,True
2026-07-20,823436,686218,Emmet Sheehan,Los Angeles Dodgers,Philadelphia Phillies,Citizens Bank Park,0.96,6.5,10.099,10.174,0.2367,87.3,23.0,4.85,5.672,0.3411,0.6589,6.0,True
2026-07-20,823436,650911,Cristopher Sánchez,Philadelphia Phillies,Los Angeles Dodgers,Citizens Bank Park,1.03,6.5,10.244,9.356,0.2052,132.7,33.7,6.32,5.837,0.3676,0.6324,7.0,True
2026-07-20,824898,676664,JP Sears,San Diego Padres,Atlanta Braves,Truist Park,0.92,6.5,7.297,7.297,0.2117,24.7,24.7,4.93,4.528,0.1726,0.8274,3.0,True
2026-07-20,824898,693821,Bryce Elder,Atlanta Braves,San Diego Padres,Truist Park,1.01,6.5,7.454,7.65,0.2234,108.7,20.0,5.72,4.972,0.2337,0.7663,4.0,True
2026-07-20,824087,686790,Trevor McDonald,San Francisco Giants,Kansas City Royals,Kauffman Stadium,0.91,6.5,7.294,5.205,0.2138,70.3,27.7,5.02,4.087,0.12,0.88,3.0,True
2026-07-20,824087,608379,Michael Wacha,Kansas City Royals,San Francisco Giants,Kauffman Stadium,0.94,6.5,7.166,7.431,0.2096,124.3,36.3,6.22,4.771,0.2051,0.7949,5.0,True
2026-07-20,823762,642547,Freddy Peralta,New York Mets,Milwaukee Brewers,American Family Field,0.97,6.5,9.055,9.947,0.2123,108.3,25.3,5.16,5.036,0.2431,0.7569,6.0,True
2026-07-20,823762,694819,Jacob Misiorowski,Milwaukee Brewers,New York Mets,American Family Field,1.02,6.5,13.539,13.5,0.2205,115.0,28.0,6.05,7.537,0.6269,0.3731,6.0,True
2026-07-20,824654,656427,Jack Flaherty,Detroit Tigers,Chicago Cubs,Wrigley Field,0.95,6.5,10.692,11.0,0.2151,83.3,18.0,4.39,5.007,0.2389,0.7611,4.0,True
2026-07-20,824654,592791,Jameson Taillon,Chicago Cubs,Detroit Tigers,Wrigley Field,1.0,6.5,7.788,4.5,0.2321,69.3,2.0,4.98,4.929,0.2275,0.7725,6.0,True
2026-07-20,822874,607200,Erick Fedde,Chicago White Sox,Texas Rangers,Globe Life Field,1.02,6.5,6.33,7.2,0.2234,91.0,25.0,4.65,4.068,0.1179,0.8821,6.0,True
2026-07-20,822874,594798,Jacob deGrom,Texas Rangers,Chicago White Sox,Globe Life Field,1.02,6.5,10.887,12.15,0.2384,103.3,26.7,5.42,6.641,0.4956,0.5044,6.0,True
2026-07-20,824167,676083,Janson Junk,Miami Marlins,Houston Astros,Daikin Park,0.93,6.5,6.582,7.714,0.2152,67.0,7.0,5.15,4.459,0.1637,0.8363,3.0,True
2026-07-20,824167,669854,Ronel Blanco,Houston Astros,Miami Marlins,Daikin Park,1.0,6.5,19.288,16.873,0.2158,2.3,2.7,2.33,5.259,0.2767,0.7233,8.0,True
2026-07-20,824328,674841,Andrew Alvarez,Washington Nationals,Colorado Rockies,Coors Field,0.99,6.5,9.669,9.818,0.2279,49.3,25.7,3.83,4.781,0.2065,0.7935,2.0,True
2026-07-20,824328,607536,Kyle Freeland,Colorado Rockies,Washington Nationals,Coors Field,1.13,6.5,8.09,9.198,0.2152,89.0,30.3,4.94,4.692,0.1943,0.8057,4.0,True
2026-07-20,825058,605488,Jeffrey Springs,Athletics,Arizona Diamondbacks,Chase Field,0.93,6.5,7.741,7.714,0.1965,97.7,18.7,5.14,4.157,0.1277,0.8723,2.0,True
2026-07-20,825058,683352,Mitch Bratt,Arizona Diamondbacks,Athletics,Chase Field,1.02,6.5,4.5,4.5,0.2285,6.0,6.0,3.0,4.668,0.1911,0.8089,4.0,True
2026-07-20,823112,671096,Andrew Abbott,Cincinnati Reds,Seattle Mariners,T-Mobile Park,1.05,6.5,7.2,9.237,0.2306,105.0,25.3,5.25,4.987,0.2359,0.7641,6.0,True
2026-07-20,823112,669923,George Kirby,Seattle Mariners,Cincinnati Reds,T-Mobile Park,0.92,6.5,8.018,8.308,0.2475,110.0,26.0,6.11,5.998,0.3934,0.6066,6.0,True
2026-07-20,824006,681517,Kyle Leahy,St. Louis Cardinals,Los Angeles Angels,Angel Stadium,0.97,6.5,7.556,8.171,0.2518,89.3,25.3,4.96,5.222,0.271,0.729,4.0,True
2026-07-20,824006,667755,José Soriano,Los Angeles Angels,St. Louis Cardinals,Angel Stadium,0.99,6.5,9.324,8.625,0.2027,111.0,24.0,5.55,4.95,0.2305,0.7695,7.0,True
2026-07-21,824409,696070,Kendry Rojas,Minnesota Twins,Cleveland Guardians,Progressive Field,0.98,6.5,10.242,14.4,0.2259,19.3,5.0,3.08,5.086,0.2506,0.7494,2.0,True
2026-07-21,824409,800048,Parker Messick,Cleveland Guardians,Minnesota Twins,Progressive Field,0.99,6.5,8.839,8.043,0.2159,112.0,31.3,5.89,5.274,0.2788,0.7212,6.0,True
2026-07-21,823437,680736,Justin Wrobleski,Los Angeles Dodgers,Philadelphia Phillies,Citizens Bank Park,0.96,6.5,6.548,9.333,0.2368,100.3,27.0,6.27,5.58,0.3266,0.6734,7.0,True
2026-07-21,823437,554430,Zack Wheeler,Philadelphia Phillies,Los Angeles Dodgers,Citizens Bank Park,1.03,6.5,10.452,13.649,0.2051,93.0,30.3,6.2,6.33,0.4465,0.5535,9.0,True
2026-07-21,822787,656876,Drew Rasmussen,Tampa Bay Rays,Toronto Blue Jays,Rogers Centre,0.97,6.5,8.879,7.177,0.1951,99.3,26.3,5.52,4.474,0.1657,0.8343,5.0,True
2026-07-21,822787,592332,Kevin Gausman,Toronto Blue Jays,Tampa Bay Rays,Rogers Centre,1.0,6.5,9.294,10.658,0.1894,112.3,25.3,5.62,4.89,0.2219,0.7781,1.0,True
2026-07-21,824895,621111,Walker Buehler,San Diego Padres,Atlanta Braves,Truist Park,0.92,6.5,8.191,9.554,0.2124,89.0,21.7,4.68,4.524,0.1721,0.8279,3.0,True
2026-07-21,824895,625643,Reynaldo López,Atlanta Braves,San Diego Padres,Truist Park,1.01,6.5,7.881,7.435,0.2231,61.7,23.0,4.27,4.399,0.1562,0.8438,6.0,True
2026-07-21,824085,641816,Tyler Mahle,San Francisco Giants,Kansas City Royals,Kauffman Stadium,0.91,6.5,8.423,6.75,0.2133,78.0,21.3,5.2,4.6,0.182,0.818,4.0,True
2026-07-21,824085,679883,Luinder Avila,Kansas City Royals,San Francisco Giants,Kauffman Stadium,0.94,6.5,7.941,8.027,0.21,56.7,24.7,3.94,4.017,0.1125,0.8875,7.0,True
2026-07-21,823760,804267,Zac Thornton,New York Mets,Milwaukee Brewers,American Family Field,0.97,6.5,7.789,8.308,0.2121,17.3,13.0,5.78,4.988,0.2361,0.7639,2.0,True
2026-07-21,823760,687075,Brandon Sproat,Milwaukee Brewers,New York Mets,American Family Field,1.02,6.5,9.549,12.273,0.2214,82.0,22.0,4.56,5.222,0.271,0.729,4.0,True
2026-07-21,824652,664285,Framber Valdez,Detroit Tigers,Chicago Cubs,Wrigley Field,0.95,6.5,7.272,7.8,0.2149,107.7,30.0,5.67,4.702,0.1957,0.8043,1.0,True
2026-07-21,824652,656849,David Peterson,Chicago Cubs,Detroit Tigers,Wrigley Field,1.0,6.5,7.652,4.395,0.2325,82.3,14.3,4.33,4.14,0.1258,0.8742,4.0,True
2026-07-21,822871,702273,Noah Schultz,Chicago White Sox,Texas Rangers,Globe Life Field,1.02,6.5,7.981,8.791,0.2245,53.0,14.3,4.82,4.859,0.2175,0.7825,2.0,True
2026-07-21,822871,677958,Kumar Rocker,Texas Rangers,Chicago White Sox,Globe Life Field,1.02,6.5,8.0,10.356,0.2377,90.0,24.3,5.0,5.346,0.2899,0.7101,6.0,True
2026-07-21,824165,663969,Tyler Phillips,Miami Marlins,Houston Astros,Daikin Park,0.93,6.5,6.72,5.062,0.2157,75.0,26.7,4.07,3.566,0.0705,0.9295,2.0,True
2026-07-21,824165,837227,Tatsuya Imai,Houston Astros,Miami Marlins,Daikin Park,1.0,6.5,10.904,13.765,0.2164,52.0,17.0,4.0,5.128,0.2568,0.7432,8.0,True
2026-07-21,824329,687223,Carson Palmquist,Washington Nationals,Colorado Rockies,Coors Field,0.99,6.5,11.172,11.172,0.2266,9.7,9.7,2.44,5.008,0.239,0.761,2.0,True
2026-07-21,824329,547179,Michael Lorenzen,Colorado Rockies,Washington Nationals,Coors Field,1.13,6.5,6.773,4.443,0.2149,97.0,26.3,4.8,3.73,0.0845,0.9155,5.0,True
2026-07-21,824005,669461,Matthew Liberatore,St. Louis Cardinals,Los Angeles Angels,Angel Stadium,0.97,6.5,8.455,9.0,0.2514,93.7,23.0,4.93,5.518,0.3168,0.6832,7.0,True
2026-07-21,824005,700712,Walbert Ureña,Los Angeles Angels,St. Louis Cardinals,Angel Stadium,0.99,6.5,8.631,9.474,0.2039,81.3,19.0,5.31,4.791,0.208,0.792,5.0,True
2026-07-21,825056,678022,Jack Perkins,Athletics,Arizona Diamondbacks,Chase Field,0.93,6.5,11.237,12.046,0.1966,57.7,21.7,4.29,4.922,0.2265,0.7735,4.0,True
2026-07-21,825056,684442,Kohl Drake,Arizona Diamondbacks,Athletics,Chase Field,1.02,6.5,8.9,8.9,0.2278,0.0,0.0,5.5,5.458,0.3074,0.6926,5.0,True
2026-07-21,823114,695505,Chase Burns,Cincinnati Reds,Seattle Mariners,T-Mobile Park,1.05,6.5,10.344,9.409,0.2299,102.7,22.0,5.7,6.076,0.406,0.594,6.0,True
2026-07-21,823114,622491,Luis Castillo,Seattle Mariners,Cincinnati Reds,T-Mobile Park,0.92,6.5,8.316,6.857,0.2479,87.7,21.0,5.02,5.208,0.2689,0.7311,3.0,True
2026-07-22,823519,696149,Bubba Chandler,Pittsburgh Pirates,New York Yankees,Yankee Stadium,0.97,6.5,8.11,5.81,0.2409,94.3,26.3,4.96,4.789,0.2077,0.7923,5.0,True
2026-07-22,823519,608331,Max Fried,New York Yankees,Pittsburgh Pirates,Yankee Stadium,1.04,6.5,7.297,8.9,0.2423,61.7,0.0,6.17,5.79,0.36,0.64,7.0,True
2026-07-22,824732,680694,Kyle Bradish,Baltimore Orioles,Boston Red Sox,Fenway Park,0.97,6.5,8.888,8.735,0.2183,107.3,34.0,5.65,5.296,0.2822,0.7178,4.0,True
2026-07-22,824732,700842,Eduardo Rivera,Boston Red Sox,Baltimore Orioles,Fenway Park,1.06,6.5,8.679,9.0,0.2428,9.3,6.0,3.11,5.227,0.2718,0.7282,1.0,True
2026-07-22,824408,641927,Bailey Ober,Minnesota Twins,Cleveland Guardians,Progressive Field,0.98,6.5,6.692,9.53,0.2242,78.0,11.3,5.2,4.778,0.2061,0.7939,2.0,True
2026-07-22,824408,677944,Slade Cecconi,Cleveland Guardians,Minnesota Twins,Progressive Field,0.99,6.5,7.063,5.642,0.2164,100.7,22.3,5.0,4.091,0.1204,0.8796,5.0,True
2026-07-22,823438,641778,Eric Lauer,Los Angeles Dodgers,Philadelphia Phillies,Citizens Bank Park,0.96,6.5,5.562,3.789,0.2375,77.7,19.0,4.85,3.966,0.1071,0.8929,5.0,True
2026-07-22,823438,605400,Aaron Nola,Philadelphia Phillies,Los Angeles Dodgers,Citizens Bank Park,1.03,6.5,9.433,10.223,0.2065,104.0,34.3,4.98,4.92,0.2262,0.7738,4.0,True
2026-07-22,822784,643377,Griffin Jax,Tampa Bay Rays,Toronto Blue Jays,Rogers Centre,0.97,6.5,9.24,10.452,0.195,75.0,31.0,4.4,4.342,0.1493,0.8507,5.0,True
2026-07-22,822784,680755,Braydon Fisher,Toronto Blue Jays,Tampa Bay Rays,Rogers Centre,1.0,6.5,9.122,7.5,0.1888,49.3,12.0,1.11,3.119,0.0398,0.9602,1.0,True
2026-07-22,824896,650633,Michael King,San Diego Padres,Atlanta Braves,Truist Park,0.92,6.5,7.624,7.306,0.2126,113.3,28.3,5.67,4.668,0.1911,0.8089,7.0,True
2026-07-22,824896,527048,Martín Pérez,Atlanta Braves,San Diego Padres,Truist Park,1.01,6.5,6.861,5.121,0.2236,81.3,19.3,4.96,4.184,0.1307,0.8693,3.0,True
2026-07-22,822873,641743,Anthony Kay,Chicago White Sox,Texas Rangers,Globe Life Field,1.02,6.5,7.329,7.667,0.223,93.3,27.0,4.77,4.388,0.1548,0.8452,4.0,True
2026-07-22,822873,641302,Tyler Alexander,Texas Rangers,Chicago White Sox,Globe Life Field,1.02,6.5,8.143,11.25,0.2376,42.0,12.0,1.0,4.693,0.1945,0.8055,1.0,True
2026-07-22,824650,672456,Keider Montero,Detroit Tigers,Chicago Cubs,Wrigley Field,0.95,6.5,6.258,6.667,0.2146,100.7,27.0,5.31,4.142,0.126,0.874,8.0,True
2026-07-22,824650,607067,Colin Rea,Chicago Cubs,Detroit Tigers,Wrigley Field,1.0,6.5,6.795,6.75,0.2318,100.7,26.7,5.03,4.453,0.163,0.837,5.0,True
2026-07-22,824166,645261,Sandy Alcantara,Miami Marlins,Houston Astros,Daikin Park,0.93,6.5,7.046,8.237,0.2153,136.7,39.3,6.51,5.154,0.2607,0.7393,3.0,True
2026-07-22,824166,663567,Peter Lambert,Houston Astros,Miami Marlins,Daikin Park,1.0,6.5,8.902,9.771,0.2177,92.0,35.0,5.75,5.496,0.3134,0.6866,3.0,True
2026-07-24,823759,608372,Tomoyuki Sugano,Colorado Rockies,Milwaukee Brewers,American Family Field,1.13,6.5,5.25,5.956,0.2116,96.0,22.7,5.33,3.817,0.0925,0.9075,5.0,True
2026-07-24,823759,675660,Shane Drohan,Milwaukee Brewers,Colorado Rockies,American Family Field,1.02,6.5,9.0,9.175,0.2264,82.0,34.3,4.73,5.016,0.2402,0.7598,6.0,True
2026-07-24,824248,694360,Beck Way,Kansas City Royals,Detroit Tigers,Comerica Park,0.94,6.5,8.463,6.6,0.2322,22.3,15.0,5.5,5.266,0.2777,0.7223,0.0,True
2026-07-24,824248,669373,Tarik Skubal,Detroit Tigers,Kansas City Royals,Comerica Park,0.95,6.5,10.669,12.721,0.213,82.7,34.7,5.9,6.298,0.4414,0.5586,12.0,True
2026-07-24,823352,571510,Matthew Boyd,Chicago Cubs,Pittsburgh Pirates,PNC Park,1.0,6.5,8.827,6.429,0.2434,52.0,28.0,5.2,5.291,0.2815,0.7185,4.0,True
2026-07-24,823352,683003,Jared Jones,Pittsburgh Pirates,Chicago Cubs,PNC Park,0.97,6.5,10.8,11.912,0.2159,40.0,22.7,4.44,5.309,0.2842,0.7158,5.0,True
2026-07-24,822707,593958,Eduardo Rodriguez,Arizona Diamondbacks,Washington Nationals,Nationals Park,1.02,6.5,6.326,5.4,0.2151,116.7,28.3,5.83,4.216,0.1344,0.8656,4.0,True
2026-07-24,822707,687223,Carson Palmquist,Washington Nationals,Arizona Diamondbacks,Nationals Park,0.99,6.5,11.118,11.118,0.1953,11.3,11.3,2.25,4.137,0.1254,0.8746,1.0,True
2026-07-24,823434,693645,Cam Schlittler,New York Yankees,Philadelphia Phillies,Citizens Bank Park,1.04,6.5,10.61,12.971,0.2376,123.0,34.0,5.86,7.115,0.5673,0.4327,12.0,True
2026-07-24,823434,666200,Jesús Luzardo,Philadelphia Phillies,New York Yankees,Citizens Bank Park,1.03,6.5,11.159,13.955,0.2407,115.3,29.7,5.77,7.394,0.6072,0.3928,9.0,True
2026-07-24,824812,656550,Grant Holmes,Atlanta Braves,Baltimore Orioles,Oriole Park at Camden Yards,1.01,6.5,7.603,6.465,0.2423,92.3,23.7,4.86,4.74,0.2009,0.7991,5.0,True
2026-07-24,824812,669432,Trevor Rogers,Baltimore Orioles,Atlanta Braves,Oriole Park at Camden Yards,0.97,6.5,7.169,8.511,0.213,96.7,30.7,5.37,4.586,0.1802,0.8198,6.0,True
2026-07-24,823601,808963,Roki Sasaki,Los Angeles Dodgers,New York Mets,Citi Field,0.96,6.5,8.827,7.767,0.2226,86.7,24.3,5.1,4.93,0.2277,0.7723,9.0,True
2026-07-24,823601,640455,Sean Manaea,New York Mets,Los Angeles Dodgers,Citi Field,0.97,6.5,9.151,8.882,0.206,79.7,25.3,4.37,4.341,0.1492,0.8508,3.0,True
2026-07-24,822952,676282,Joey Cantillo,Cleveland Guardians,Tampa Bay Rays,Tropicana Field,0.99,6.5,9.509,11.912,0.1894,106.0,34.0,5.05,4.77,0.205,0.795,4.0,True
2026-07-24,822952,663556,Shane McClanahan,Tampa Bay Rays,Cleveland Guardians,Tropicana Field,0.97,6.5,8.407,6.172,0.2233,91.0,23.3,5.06,4.628,0.1858,0.8142,3.0,True
2026-07-24,823843,608566,Germán Márquez,San Diego Padres,Miami Marlins,loanDepot park,0.92,6.5,6.045,6.6,0.2172,44.7,15.0,4.47,4.078,0.119,0.881,4.0,True
2026-07-24,823843,687473,Ryan Gusto,Miami Marlins,San Diego Padres,loanDepot park,0.93,6.5,7.924,9.0,0.2255,30.7,17.0,3.56,4.579,0.1792,0.8208,4.0,True
2026-07-24,824733,702056,Trey Yesavage,Toronto Blue Jays,Boston Red Sox,Fenway Park,1.0,6.5,8.667,8.654,0.2176,81.0,26.0,5.4,5.074,0.2488,0.7512,9.0,True
2026-07-24,824733,663776,Patrick Sandoval,Boston Red Sox,Toronto Blue Jays,Fenway Park,1.06,6.5,9.643,9.643,0.1962,9.3,9.3,4.67,4.667,0.1909,0.8091,3.0,True
2026-07-24,824573,681293,Spencer Arrighetti,Houston Astros,Chicago White Sox,Rate Field,1.0,6.5,9.0,10.125,0.2372,87.0,24.0,5.44,5.837,0.3676,0.6324,0.0,True
2026-07-24,824573,663436,Davis Martin,Chicago White Sox,Houston Astros,Rate Field,1.02,6.5,8.236,5.178,0.2148,106.0,24.3,5.58,4.56,0.1767,0.8233,3.0,True
2026-07-24,822872,682243,Bryce Miller,Seattle Mariners,Texas Rangers,Globe Life Field,0.92,6.5,10.09,11.118,0.2241,63.3,28.3,5.76,6.069,0.4048,0.5952,0.0,True
2026-07-24,822872,669022,MacKenzie Gore,Texas Rangers,Seattle Mariners,Globe Life Field,1.02,6.5,9.922,9.918,0.2294,110.7,32.7,5.27,5.746,0.3529,0.6471,5.0,True
2026-07-24,823680,682052,Jacob Lopez,Athletics,Minnesota Twins,Target Field,0.93,6.5,7.391,11.0,0.2172,59.7,9.0,4.19,4.364,0.152,0.848,4.0,True
2026-07-24,823680,805673,Zebby Matthews,Minnesota Twins,Athletics,Target Field,0.98,6.5,7.457,8.1,0.2268,70.0,26.7,5.83,5.18,0.2646,0.7354,1.0,True
2026-07-24,823031,695076,Rhett Lowder,Cincinnati Reds,St. Louis Cardinals,Busch Stadium,1.05,6.5,7.625,8.64,0.2042,72.0,25.0,4.53,4.126,0.1242,0.8758,4.0,True
2026-07-24,823031,669160,Dustin May,St. Louis Cardinals,Cincinnati Reds,Busch Stadium,0.97,6.5,8.724,11.021,0.2455,98.0,16.3,5.16,5.84,0.368,0.632,8.0,True
2026-07-24,823196,657277,Logan Webb,San Francisco Giants,Los Angeles Angels,Oracle Park,0.91,6.5,7.15,5.684,0.2517,107.0,31.7,6.29,5.467,0.3088,0.6912,4.0,True
2026-07-25,824244,608379,Michael Wacha,Kansas City Royals,Detroit Tigers,Comerica Park,0.94,6.5,7.131,7.679,0.2318,130.0,36.3,6.16,5.275,0.279,0.721,3.0,True
2026-07-25,824244,663554,Casey Mize,Detroit Tigers,Kansas City Royals,Comerica Park,0.95,6.5,8.93,8.91,0.2142,85.7,33.3,5.35,5.056,0.2461,0.7539,3.0,True
2026-07-25,822704,683352,Mitch Bratt,Arizona Diamondbacks,Washington Nationals,Nationals Park,1.02,6.5,5.745,5.745,0.2143,15.7,15.7,3.92,4.18,0.1302,0.8698,3.0,True
2026-07-25,822704,656492,Foster Griffin,Washington Nationals,Arizona Diamondbacks,Nationals Park,0.99,6.5,8.202,7.425,0.1949,124.0,40.0,5.9,4.521,0.1717,0.8283,2.0,True
2026-07-25,823197,696270,Ryan Johnson,Los Angeles Angels,San Francisco Giants,Oracle Park,0.99,6.5,7.344,8.577,0.2108,41.7,28.3,4.58,4.414,0.1581,0.8419,4.0,True
2026-07-25,823197,592662,Robbie Ray,San Francisco Giants,Los Angeles Angels,Oracle Park,0.91,6.5,7.791,6.568,0.2509,116.7,37.0,5.56,5.324,0.2866,0.7134,5.0,True
2026-07-25,824734,656302,Dylan Cease,Toronto Blue Jays,Boston Red Sox,Fenway Park,1.0,6.5,13.015,11.974,0.219,111.3,38.3,5.84,7.002,0.5506,0.4494,12.0,True
2026-07-25,824734,543243,Sonny Gray,Boston Red Sox,Toronto Blue Jays,Fenway Park,1.06,6.5,7.847,9.161,0.1962,106.7,37.3,5.61,4.571,0.1781,0.8219,3.0,True
2026-07-25,823841,681190,Randy Vásquez,San Diego Padres,Miami Marlins,loanDepot park,0.92,6.5,6.277,2.842,0.2174,90.3,12.7,4.72,3.688,0.0807,0.9193,0.0,True
2026-07-25,823841,691587,Eury Pérez,Miami Marlins,San Diego Padres,loanDepot park,0.93,6.5,9.768,8.743,0.2245,97.7,35.0,5.41,5.503,0.3144,0.6856,2.0,True
2026-07-25,823435,677960,Ryan Weathers,New York Yankees,Philadelphia Phillies,Citizens Bank Park,1.04,6.5,10.114,10.8,0.239,102.3,21.7,5.39,6.21,0.4274,0.5726,7.0,True
2026-07-25,823435,641835,Tim Mayza,Philadelphia Phillies,New York Yankees,Citizens Bank Park,1.03,6.5,8.8,8.485,0.2418,45.0,11.7,1.44,4.759,0.2035,0.7965,1.0,True
2026-07-25,822948,676440,Tanner Bibee,Cleveland Guardians,Tampa Bay Rays,Tropicana Field,0.99,6.5,6.958,4.247,0.1898,119.0,29.7,5.67,3.633,0.0761,0.9239,5.0,True
2026-07-25,822948,607259,Nick Martinez,Tampa Bay Rays,Cleveland Guardians,Tropicana Field,0.97,6.5,5.012,3.812,0.223,111.3,28.3,5.86,3.817,0.0925,0.9075,5.0,True
2026-07-25,823355,684007,Shota Imanaga,Chicago Cubs,Pittsburgh Pirates,PNC Park,1.0,6.5,8.53,7.941,0.2425,115.0,28.3,5.75,5.731,0.3506,0.6494,4.0,True
2026-07-25,823355,694973,Paul Skenes,Pittsburgh Pirates,Chicago Cubs,PNC Park,0.97,6.5,10.769,10.53,0.2165,115.3,33.3,5.49,5.875,0.3736,0.6264,11.0,True
2026-07-25,824811,693821,Bryce Elder,Atlanta Braves,Baltimore Orioles,Oriole Park at Camden Yards,1.01,6.5,7.454,7.65,0.2423,108.7,20.0,5.72,5.392,0.2971,0.7029,8.0,True
2026-07-25,824811,687064,Brandon Young,Baltimore Orioles,Atlanta Braves,Oriole Park at Camden Yards,0.97,6.5,7.292,9.31,0.2139,91.3,29.0,5.71,4.934,0.2283,0.7717,6.0,True
2026-07-25,823679,669620,Brady Basso,Athletics,Minnesota Twins,Target Field,0.93,6.5,7.56,11.25,0.2168,8.3,4.0,5.5,5.219,0.2705,0.7295,3.0,True
2026-07-25,823679,702474,Mike Paredes,Minnesota Twins,Athletics,Target Field,0.98,6.5,4.981,4.19,0.2261,34.3,19.3,4.04,3.768,0.0879,0.9121,,False
2026-07-25,824571,686613,Hunter Brown,Houston Astros,Chicago White Sox,Rate Field,1.0,6.5,9.675,7.225,0.2366,40.0,23.7,5.0,5.344,0.2897,0.7103,7.0,True
2026-07-25,824571,680732,Sean Burke,Chicago White Sox,Houston Astros,Rate Field,1.02,6.5,9.614,11.202,0.2145,112.3,31.3,5.62,5.715,0.348,0.652,10.0,True
2026-07-25,823758,663372,Ryan Feltner,Colorado Rockies,Milwaukee Brewers,American Family Field,1.13,6.5,6.853,6.203,0.2116,65.7,24.7,4.69,3.961,0.1067,0.8933,4.0,True
2026-07-25,823758,688107,Robert Gasser,Milwaukee Brewers,Colorado Rockies,American Family Field,1.02,6.5,8.416,7.903,0.2262,51.3,27.3,5.13,5.017,0.2403,0.7597,4.0,True
2026-07-25,823600,808967,Yoshinobu Yamamoto,Los Angeles Dodgers,New York Mets,Citi Field,0.96,6.5,8.499,8.735,0.2236,119.7,34.0,6.65,5.932,0.3828,0.6172,5.0,True
2026-07-25,823600,690997,Nolan McLean,New York Mets,Los Angeles Dodgers,Citi Field,0.97,6.5,10.721,11.4,0.2052,113.3,30.0,5.67,5.781,0.3586,0.6414,7.0,True
2026-07-25,823027,668881,Hunter Greene,Cincinnati Reds,St. Louis Cardinals,Busch Stadium,1.05,6.5,14.327,14.327,0.2048,16.3,16.3,5.44,5.873,0.3734,0.6266,3.0,True
2026-07-25,823027,669467,Andre Pallante,St. Louis Cardinals,Cincinnati Reds,Busch Stadium,0.97,6.5,6.408,4.081,0.2458,105.3,28.7,5.54,4.491,0.1677,0.8323,8.0,True
2026-07-25,822869,693433,Bryan Woo,Seattle Mariners,Texas Rangers,Globe Life Field,0.92,6.5,8.891,8.86,0.223,110.3,21.3,5.81,5.531,0.3188,0.6812,5.0,True
2026-07-25,822869,543135,Nathan Eovaldi,Texas Rangers,Seattle Mariners,Globe Life Field,1.02,6.5,9.52,12.536,0.2295,115.3,28.0,6.07,6.603,0.4897,0.5103,8.0,True
2026-07-26,822950,800048,Parker Messick,Cleveland Guardians,Tampa Bay Rays,Tropicana Field,0.99,6.5,8.761,7.215,0.1905,125.3,38.7,5.97,4.554,0.176,0.824,6.0,True
2026-07-26,822950,656876,Drew Rasmussen,Tampa Bay Rays,Cleveland Guardians,Tropicana Field,0.97,6.5,9.054,8.043,0.2241,111.3,31.3,5.57,5.324,0.2866,0.7134,9.0,True
2026-07-26,823354,592791,Jameson Taillon,Chicago Cubs,Pittsburgh Pirates,PNC Park,1.0,6.5,8.053,9.72,0.2414,76.0,8.3,5.07,5.38,0.2953,0.7047,3.0,True
2026-07-26,823354,677952,Braxton Ashcraft,Pittsburgh Pirates,Chicago Cubs,PNC Park,0.97,6.5,9.932,10.8,0.2177,122.3,31.7,5.83,5.977,0.39,0.61,5.0,True
2026-07-26,824730,592332,Kevin Gausman,Toronto Blue Jays,Boston Red Sox,Fenway Park,1.0,6.5,9.025,9.186,0.2202,120.7,32.3,5.48,5.339,0.2889,0.7111,6.0,True
2026-07-26,824730,624133,Ranger Suarez,Boston Red Sox,Toronto Blue Jays,Fenway Park,1.06,6.5,9.724,13.5,0.197,95.3,18.7,5.3,5.235,0.273,0.727,6.0,True
2026-07-26,822706,684442,Kohl Drake,Arizona Diamondbacks,Washington Nationals,Nationals Park,1.02,6.5,6.0,6.0,0.2132,9.0,9.0,4.5,4.605,0.1827,0.8173,1.0,True
2026-07-26,822706,571945,Miles Mikolas,Washington Nationals,Arizona Diamondbacks,Nationals Park,0.99,6.5,4.588,2.893,0.193,102.0,28.0,4.64,2.671,0.0195,0.9805,1.0,True
2026-07-26,824810,625643,Reynaldo López,Atlanta Braves,Baltimore Orioles,Oriole Park at Camden Yards,1.01,6.5,8.288,8.71,0.2434,71.7,31.0,4.39,5.036,0.2431,0.7569,6.0,True
2026-07-26,824810,669358,Shane Baz,Baltimore Orioles,Atlanta Braves,Oriole Park at Camden Yards,0.97,6.5,7.893,8.455,0.2137,122.0,33.0,5.81,4.993,0.2368,0.7632,2.0,True
2026-07-26,824246,679883,Luinder Avila,Kansas City Royals,Detroit Tigers,Comerica Park,0.94,6.5,7.886,7.888,0.2303,67.3,29.7,4.14,4.41,0.1576,0.8424,2.0,True
2026-07-26,824246,664285,Framber Valdez,Detroit Tigers,Kansas City Royals,Comerica Park,0.95,6.5,7.306,7.584,0.2136,113.3,29.7,5.4,4.498,0.1686,0.8314,4.0,True
2026-07-26,823599,686218,Emmet Sheehan,Los Angeles Dodgers,New York Mets,Citi Field,0.96,6.5,10.101,10.165,0.2242,92.7,28.3,4.88,5.4,0.2984,0.7016,5.0,True
2026-07-26,823599,642547,Freddy Peralta,New York Mets,Los Angeles Dodgers,Citi Field,0.97,6.5,8.947,9.643,0.2055,113.7,28.0,5.17,4.821,0.2121,0.7879,3.0,True
2026-07-26,823840,621111,Walker Buehler,San Diego Padres,Miami Marlins,loanDepot park,0.92,6.5,8.19,8.561,0.2179,100.0,27.3,4.76,4.553,0.1758,0.8242,7.0,True
2026-07-26,823840,676083,Janson Junk,Miami Marlins,San Diego Padres,loanDepot park,0.93,6.5,6.964,9.219,0.2236,73.7,13.7,5.26,4.846,0.2157,0.7843,6.0,True
2026-07-26,823678,605488,Jeffrey Springs,Athletics,Minnesota Twins,Target Field,0.93,6.5,7.442,5.906,0.2167,104.0,21.3,4.95,4.184,0.1307,0.8693,0.0,True
2026-07-26,823678,687570,Connor Prielipp,Minnesota Twins,Athletics,Target Field,0.98,6.5,9.456,11.34,0.2264,72.3,16.7,5.17,5.61,0.3313,0.6687,5.0,True
2026-07-26,824572,669854,Ronel Blanco,Houston Astros,Chicago White Sox,Rate Field,1.0,6.5,10.8,10.8,0.2367,10.0,10.0,5.0,5.864,0.3718,0.6282,4.0,True
2026-07-26,824572,607200,Erick Fedde,Chicago White Sox,Houston Astros,Rate Field,1.02,6.5,6.288,6.75,0.2149,97.3,26.7,4.73,3.869,0.0975,0.9025,2.0,True
2026-07-26,823755,607536,Kyle Freeland,Colorado Rockies,Milwaukee Brewers,American Family Field,1.13,6.5,7.701,7.56,0.2108,99.3,33.3,5.23,4.44,0.1614,0.8386,2.0,True
2026-07-26,823755,694819,Jacob Misiorowski,Milwaukee Brewers,Colorado Rockies,American Family Field,1.02,6.5,13.875,15.667,0.2275,120.0,27.0,6.0,8.16,0.7058,0.2942,12.0,True
2026-07-26,823028,671096,Andrew Abbott,Cincinnati Reds,St. Louis Cardinals,Busch Stadium,1.05,6.5,7.231,8.351,0.2042,117.0,32.3,5.32,4.331,0.148,0.852,4.0,True
2026-07-26,823028,681517,Kyle Leahy,St. Louis Cardinals,Cincinnati Reds,Busch Stadium,0.97,6.5,7.816,8.33,0.2474,101.3,31.3,5.07,5.254,0.2758,0.7242,9.0,True
2026-07-26,822870,669302,Logan Gilbert,Seattle Mariners,Texas Rangers,Globe Life Field,0.92,6.5,9.479,9.462,0.2222,125.3,39.0,5.95,5.871,0.373,0.627,4.0,True
2026-07-26,822870,594798,Jacob deGrom,Texas Rangers,Seattle Mariners,Globe Life Field,1.02,6.5,10.767,11.06,0.23,110.3,27.7,5.52,6.311,0.4436,0.5564,4.0,True
2026-07-26,823194,667755,José Soriano,Los Angeles Angels,San Francisco Giants,Oracle Park,0.99,6.5,9.303,8.561,0.2104,119.0,27.3,5.41,5.035,0.243,0.757,5.0,True
2026-07-26,823194,687931,Carson Whisenhunt,San Francisco Giants,Los Angeles Angels,Oracle Park,0.91,6.5,7.105,9.391,0.251,12.7,7.7,4.22,5.587,0.3277,0.6723,7.0,True
2026-07-26,823433,701542,Will Warren,New York Yankees,Philadelphia Phillies,Citizens Bank Park,1.04,6.5,8.818,5.661,0.2386,99.0,20.7,5.18,5.069,0.248,0.752,5.0,True
2026-07-26,823433,650911,Cristopher Sánchez,Philadelphia Phillies,New York Yankees,Citizens Bank Park,1.03,6.5,10.244,9.759,0.2425,132.7,27.7,6.32,6.959,0.5442,0.4558,6.0,True
2026-07-27,823353,518876,Merrill Kelly,Arizona Diamondbacks,Pittsburgh Pirates,PNC Park,1.02,6.5,5.845,6.58,0.2421,109.3,39.7,5.75,4.717,0.1978,0.8022,6.0,True
2026-07-27,823353,656605,Mitch Keller,Pittsburgh Pirates,Arizona Diamondbacks,PNC Park,0.97,6.5,6.889,6.319,0.1928,113.7,31.3,5.41,3.816,0.0924,0.9076,4.0,True
2026-07-27,823839,554430,Zack Wheeler,Philadelphia Phillies,Miami Marlins,loanDepot park,1.03,6.5,10.748,14.019,0.2179,103.0,34.7,6.06,6.831,0.5248,0.4752,6.0,True
2026-07-27,823839,663969,Tyler Phillips,Miami Marlins,Philadelphia Phillies,loanDepot park,0.93,6.5,6.723,5.062,0.2385,84.3,32.0,4.15,3.887,0.0993,0.9007,5.0,True
2026-07-27,823597,527048,Martín Pérez,Atlanta Braves,New York Mets,Citi Field,1.01,6.5,6.875,5.239,0.2232,90.3,22.3,4.91,4.108,0.1222,0.8778,4.0,True
2026-07-27,823597,804267,Zac Thornton,New York Mets,Atlanta Braves,Citi Field,0.97,6.5,6.674,6.75,0.2138,29.7,25.3,5.93,4.679,0.1926,0.8074,5.0,True
2026-07-27,824570,608331,Max Fried,New York Yankees,Chicago White Sox,Rate Field,1.04,6.5,7.88,12.375,0.2364,69.7,8.0,5.81,5.863,0.3716,0.6284,4.0,True
2026-07-27,824570,702273,Noah Schultz,Chicago White Sox,New York Yankees,Rate Field,1.02,6.5,8.1,8.86,0.2435,60.0,21.3,4.62,5.143,0.259,0.741,5.0,True
2026-07-27,823025,656849,David Peterson,Chicago Cubs,St. Louis Cardinals,Busch Stadium,1.0,6.5,7.483,4.714,0.2043,89.0,21.0,4.45,3.599,0.0732,0.9268,3.0,True
2026-07-27,823025,669461,Matthew Liberatore,St. Louis Cardinals,Chicago Cubs,Busch Stadium,0.97,6.5,8.669,9.759,0.2181,99.7,27.7,4.76,4.808,0.2103,0.7897,5.0,True
2026-07-27,824001,837227,Tatsuya Imai,Houston Astros,Los Angeles Angels,Angel Stadium,1.0,6.5,11.017,12.176,0.2506,58.0,17.0,4.14,5.882,0.3747,0.6253,1.0,True
2026-07-27,824001,700712,Walbert Ureña,Los Angeles Angels,Houston Astros,Angel Stadium,0.99,6.5,8.693,9.0,0.2157,88.0,21.0,5.06,4.875,0.2197,0.7803,5.0,True
2026-07-27,824977,801139,Payton Tolle,Boston Red Sox,Athletics,Sutter Health Park,1.06,6.5,9.636,12.079,0.2261,89.7,25.3,5.6,6.093,0.4086,0.5914,7.0,True
2026-07-27,824977,678022,Jack Perkins,Athletics,Boston Red Sox,Sutter Health Park,0.93,6.5,10.915,10.588,0.2199,62.7,17.0,4.37,5.281,0.28,0.72,4.0,True
2026-07-27,823195,687075,Brandon Sproat,Milwaukee Brewers,San Francisco Giants,Oracle Park,1.02,6.5,9.45,10.957,0.2108,86.7,23.0,4.56,4.813,0.2111,0.7889,5.0,True
2026-07-27,823195,641816,Tyler Mahle,San Francisco Giants,Milwaukee Brewers,Oracle Park,0.91,6.5,8.349,6.836,0.2105,83.0,26.3,5.19,4.498,0.1687,0.8313,3.0,True
2026-07-28,824489,668909,Gavin Williams,Cleveland Guardians,Cincinnati Reds,Great American Ball Park,0.99,6.5,11.113,13.652,0.2475,126.3,29.7,6.02,7.786,0.6598,0.3402,12.0,True
2026-07-28,824489,657571,Caleb Ferguson,Cincinnati Reds,Cleveland Guardians,Great American Ball Park,1.05,6.5,8.571,8.0,0.2234,21.0,9.0,5.5,5.25,0.2753,0.7247,1.0,True
2026-07-28,824243,665152,Dean Kremer,Baltimore Orioles,Detroit Tigers,Comerica Park,0.97,6.5,9.562,7.714,0.2308,32.0,21.0,5.33,5.413,0.3004,0.6996,4.0,True
2026-07-28,824243,675512,Troy Melton,Detroit Tigers,Baltimore Orioles,Comerica Park,0.95,6.5,8.25,11.435,0.2413,60.0,28.3,6.0,6.304,0.4423,0.5577,5.0,True
2026-07-28,823350,694297,Brandon Pfaadt,Arizona Diamondbacks,Pittsburgh Pirates,PNC Park,1.02,6.5,6.231,4.667,0.242,65.0,27.0,5.09,4.397,0.1559,0.8441,4.0,True
2026-07-28,823350,696149,Bubba Chandler,Pittsburgh Pirates,Arizona Diamondbacks,PNC Park,0.97,6.5,8.046,7.087,0.1928,100.7,26.7,5.03,3.988,0.1094,0.8906,3.0,True
2026-07-28,822949,615698,Cal Quantrill,Texas Rangers,Tampa Bay Rays,Tropicana Field,1.02,6.5,5.4,4.875,0.1905,53.3,24.0,3.58,2.906,0.029,0.971,7.0,True
2026-07-28,822949,643377,Griffin Jax,Tampa Bay Rays,Texas Rangers,Tropicana Field,0.97,6.5,9.111,10.125,0.2242,81.0,32.0,4.5,4.974,0.2341,0.7659,10.0,True
2026-07-28,823838,605400,Aaron Nola,Philadelphia Phillies,Miami Marlins,loanDepot park,1.03,6.5,9.305,9.643,0.2179,108.3,32.7,5.16,5.198,0.2673,0.7327,4.0,True
2026-07-28,823838,645261,Sandy Alcantara,Miami Marlins,Philadelphia Phillies,loanDepot park,0.93,6.5,6.891,7.364,0.2385,143.7,40.3,6.53,5.505,0.3147,0.6853,5.0,True
2026-07-28,822703,669456,Shane Bieber,Toronto Blue Jays,Washington Nationals,Nationals Park,1.0,6.5,6.456,6.456,0.2143,30.7,30.7,5.11,4.353,0.1506,0.8494,0.0,True
2026-07-28,822703,676917,Cade Cavalli,Washington Nationals,Toronto Blue Jays,Nationals Park,0.99,6.5,10.328,12.15,0.1959,110.7,33.3,5.03,5.115,0.2548,0.7452,3.0,True
2026-07-28,823676,607625,Seth Lugo,Kansas City Royals,Minnesota Twins,Target Field,0.94,6.5,7.19,7.794,0.2163,117.7,32.3,5.6,4.662,0.1903,0.8097,2.0,True
2026-07-28,823676,671737,Taj Bradley,Minnesota Twins,Kansas City Royals,Target Field,0.98,6.5,10.125,10.658,0.2137,114.7,38.0,5.73,5.84,0.3681,0.6319,10.0,True
2026-07-28,824569,543037,Gerrit Cole,New York Yankees,Chicago White Sox,Rate Field,1.04,6.5,9.581,11.225,0.2362,62.0,29.7,5.64,6.236,0.4316,0.5684,7.0,True
2026-07-28,824569,641743,Anthony Kay,Chicago White Sox,New York Yankees,Rate Field,1.02,6.5,7.322,6.955,0.2434,98.3,22.0,4.78,4.706,0.1962,0.8038,7.0,True
2026-07-28,823026,607067,Colin Rea,Chicago Cubs,St. Louis Cardinals,Busch Stadium,1.0,6.5,6.899,7.519,0.204,105.7,26.3,5.03,4.022,0.1129,0.8871,2.0,True
2026-07-28,823026,700241,Michael McGreevy,St. Louis Cardinals,Chicago Cubs,Busch Stadium,0.97,6.5,5.825,6.097,0.2178,114.3,31.0,5.72,4.173,0.1295,0.8705,2.0,True
2026-07-28,824976,687562,Jake Bennett,Boston Red Sox,Athletics,Sutter Health Park,1.06,6.5,6.371,5.51,0.2274,59.3,32.7,5.93,4.604,0.1825,0.8175,4.0,True
2026-07-28,823275,547179,Michael Lorenzen,Colorado Rockies,San Diego Padres,Petco Park,1.13,6.5,6.973,4.743,0.2236,100.7,24.7,4.75,3.937,0.1042,0.8958,2.0,True
2026-07-28,823275,650633,Michael King,San Diego Padres,Colorado Rockies,Petco Park,0.92,6.5,7.768,8.232,0.2276,119.3,27.3,5.68,5.179,0.2645,0.7355,6.0,True
2026-07-28,823193,694738,Landen Roupp,San Francisco Giants,Milwaukee Brewers,Oracle Park,0.91,6.5,9.245,7.281,0.2107,110.0,29.7,5.5,4.91,0.2247,0.7753,1.0,True
2026-07-28,823923,680736,Justin Wrobleski,Los Angeles Dodgers,Seattle Mariners,UNIQLO Field at Dodger Stadium,0.96,6.5,6.75,9.878,0.2295,106.7,27.3,6.27,5.548,0.3215,0.6785,7.0,True
2026-07-29,823192,623381,Thomas Pannone,Milwaukee Brewers,San Francisco Giants,Oracle Park,1.02,6.5,6.0,6.0,0.2101,3.0,3.0,3.0,4.691,0.1941,0.8059,2.0,True
2026-07-29,823192,657277,Logan Webb,San Francisco Giants,Milwaukee Brewers,Oracle Park,0.91,6.5,7.034,5.804,0.2089,119.0,35.7,6.26,4.49,0.1676,0.8324,4.0,True
2026-07-29,823273,687312,Gabriel Hughes,Colorado Rockies,San Diego Padres,Petco Park,1.13,6.5,7.767,7.767,0.2215,24.3,24.3,4.87,4.833,0.2139,0.7861,2.0,True
2026-07-29,823273,606996,Kyle Hart,San Diego Padres,Colorado Rockies,Petco Park,0.92,6.5,7.967,9.72,0.2287,40.7,16.7,1.89,4.596,0.1815,0.8185,3.0,True
2026-07-29,822947,669022,MacKenzie Gore,Texas Rangers,Tampa Bay Rays,Tropicana Field,1.02,6.5,9.882,9.947,0.1912,115.7,31.7,5.26,4.776,0.2058,0.7942,9.0,True
2026-07-29,822947,668984,Casey Legumina,Tampa Bay Rays,Texas Rangers,Tropicana Field,0.97,6.5,6.439,6.0,0.2253,43.3,12.0,1.67,3.96,0.1065,0.8935,0.0,True
2026-07-29,823598,519242,Chris Sale,Atlanta Braves,New York Mets,Citi Field,1.01,6.5,11.0,12.0,0.2251,117.0,33.0,5.85,6.668,0.4997,0.5003,9.0,True
2026-07-29,823598,681035,Christian Scott,New York Mets,Atlanta Braves,Citi Field,0.97,6.5,11.034,11.93,0.2143,69.3,28.7,4.62,5.403,0.2989,0.7011,7.0,True
2026-07-29,824487,676282,Joey Cantillo,Cleveland Guardians,Cincinnati Reds,Great American Ball Park,0.99,6.5,9.818,12.832,0.2507,113.7,33.7,4.94,6.441,0.4641,0.5359,8.0,True
2026-07-29,824487,663903,Brady Singer,Cincinnati Reds,Cleveland Guardians,Great American Ball Park,1.05,6.5,7.607,8.308,0.2224,107.7,34.7,5.13,4.695,0.1948,0.8052,3.0,True
2026-07-29,823677,677976,Randy Dobnak,Kansas City Royals,Minnesota Twins,Target Field,0.94,6.5,5.04,5.04,0.2151,25.0,25.0,5.0,4.082,0.1194,0.8806,4.0,True
2026-07-29,823677,657746,Joe Ryan,Minnesota Twins,Kansas City Royals,Target Field,0.98,6.5,10.097,9.818,0.2149,120.3,33.0,5.47,5.554,0.3224,0.6776,4.0,True
2026-07-29,824567,693645,Cam Schlittler,New York Yankees,Chicago White Sox,Rate Field,1.04,6.5,10.906,12.273,0.2373,135.3,40.3,5.88,7.156,0.5732,0.4268,8.0,True
2026-07-29,824567,663436,Davis Martin,Chicago White Sox,New York Yankees,Rate Field,1.02,6.5,8.177,5.83,0.2436,116.7,29.3,5.56,5.194,0.2667,0.7333,6.0,True
2026-07-29,823022,571510,Matthew Boyd,Chicago Cubs,St. Louis Cardinals,Busch Stadium,1.0,6.5,8.297,6.418,0.2028,64.0,40.7,5.36,4.324,0.1471,0.8529,5.0,True
2026-07-29,823022,669160,Dustin May,St. Louis Cardinals,Chicago Cubs,Busch Stadium,0.97,6.5,8.752,10.303,0.2174,109.0,25.3,5.19,5.153,0.2605,0.7395,3.0,True
2026-07-29,824002,669713,Hayden Wesneski,Houston Astros,Los Angeles Angels,Angel Stadium,1.0,6.5,8.9,8.9,0.2507,0.0,0.0,5.5,6.007,0.3948,0.6052,4.0,True
2026-07-29,824002,680570,Grayson Rodriguez,Los Angeles Angels,Houston Astros,Angel Stadium,0.99,6.5,6.923,4.05,0.2174,39.0,13.3,4.33,4.003,0.111,0.889,6.0,True
2026-07-29,824973,663776,Patrick Sandoval,Boston Red Sox,Athletics,Sutter Health Park,1.06,6.5,8.357,8.357,0.2267,14.0,14.0,4.67,5.147,0.2596,0.7404,7.0,True
2026-07-29,824973,682052,Jacob Lopez,Athletics,Boston Red Sox,Sutter Health Park,0.93,6.5,7.376,9.643,0.2202,64.7,14.0,4.24,4.352,0.1505,0.8495,8.0,True
2026-07-29,823924,676106,Emerson Hancock,Seattle Mariners,Los Angeles Dodgers,UNIQLO Field at Dodger Stadium,0.92,6.5,8.288,7.082,0.205,105.3,20.3,5.54,4.596,0.1814,0.8186,5.0,True
2026-07-29,823924,641778,Eric Lauer,Los Angeles Dodgers,Seattle Mariners,UNIQLO Field at Dodger Stadium,0.96,6.5,5.707,5.192,0.2301,82.0,17.3,5.12,4.167,0.1288,0.8712,4.0,True
2026-07-31,824486,694973,Paul Skenes,Pittsburgh Pirates,Cincinnati Reds,Great American Ball Park,0.97,6.5,11.113,11.571,0.2516,120.7,32.7,5.48,7.1,0.565,0.435,7.0,True
2026-07-31,824486,668881,Hunter Greene,Cincinnati Reds,Pittsburgh Pirates,Great American Ball Park,1.05,6.5,12.046,12.046,0.2407,21.7,21.7,5.42,6.532,0.4786,0.5214,4.0,True
2026-07-31,824809,691725,Andrew Painter,Philadelphia Phillies,Baltimore Orioles,Oriole Park at Camden Yards,1.03,6.5,7.479,9.0,0.2411,71.0,6.0,4.73,5.001,0.238,0.762,6.0,True
2026-07-31,824809,687064,Brandon Young,Baltimore Orioles,Philadelphia Phillies,Oriole Park at Camden Yards,0.97,6.5,7.403,9.0,0.2377,103.3,36.0,5.74,5.474,0.3099,0.6901,5.0,True
2026-07-31,822782,681517,Kyle Leahy,St. Louis Cardinals,Toronto Blue Jays,Rogers Centre,0.97,6.5,7.63,8.419,0.1941,107.3,31.0,5.11,4.111,0.1226,0.8774,3.0,True
2026-07-31,822782,656302,Dylan Cease,Toronto Blue Jays,St. Louis Cardinals,Rogers Centre,1.0,6.5,13.123,12.393,0.2045,119.3,40.7,5.97,6.76,0.514,0.486,7.0,True
2026-07-31,824407,683352,Mitch Bratt,Arizona Diamondbacks,Cleveland Guardians,Progressive Field,1.02,6.5,5.226,4.585,0.2213,20.7,17.7,4.13,4.068,0.1179,0.8821,2.0,True
2026-07-31,824407,676440,Tanner Bibee,Cleveland Guardians,Arizona Diamondbacks,Progressive Field,0.99,6.5,6.801,4.622,0.192,132.3,37.0,5.75,3.668,0.079,0.921,3.0,True
2026-07-31,822945,607200,Erick Fedde,Chicago White Sox,Tampa Bay Rays,Tropicana Field,1.02,6.5,6.508,7.807,0.1922,102.3,27.7,4.75,3.606,0.0738,0.9262,6.0,True
2026-07-31,822945,607259,Nick Martinez,Tampa Bay Rays,Chicago White Sox,Tropicana Field,0.97,6.5,5.035,3.67,0.2355,123.3,34.3,5.87,3.931,0.1036,0.8964,2.0,True
2026-07-31,823593,676083,Janson Junk,Miami Marlins,New York Mets,Citi Field,0.93,6.5,6.979,8.678,0.2257,78.7,18.7,5.24,4.815,0.2114,0.7886,4.0,True
2026-07-31,823593,673540,Kodai Senga,New York Mets,Miami Marlins,Citi Field,0.97,6.5,10.679,10.059,0.2169,44.7,17.0,3.97,4.833,0.2138,0.7862,4.0,True
2026-07-31,824892,656492,Foster Griffin,Washington Nationals,Atlanta Braves,Truist Park,0.99,6.5,8.072,6.395,0.2132,129.3,38.0,5.88,4.74,0.2009,0.7991,3.0,True
2026-07-31,824892,693821,Bryce Elder,Atlanta Braves,Washington Nationals,Truist Park,1.01,6.5,7.596,7.92,0.2123,119.7,25.0,5.7,4.76,0.2037,0.7963,3.0,True
2026-07-31,824164,543135,Nathan Eovaldi,Texas Rangers,Houston Astros,Daikin Park,1.02,6.5,9.479,11.296,0.2175,125.3,32.7,6.0,6.056,0.4027,0.5973,5.0,True
2026-07-31,824164,686613,Hunter Brown,Houston Astros,Texas Rangers,Daikin Park,1.0,6.5,9.529,7.389,0.2268,51.0,31.7,5.1,5.131,0.2572,0.7428,5.0,True
2026-07-31,824325,608379,Michael Wacha,Kansas City Royals,Colorado Rockies,Coors Field,0.94,6.5,7.073,7.755,0.2295,132.3,31.3,6.3,5.312,0.2847,0.7153,7.0,True
2026-07-31,824325,608372,Tomoyuki Sugano,Colorado Rockies,Kansas City Royals,Coors Field,1.13,6.5,5.25,5.4,0.2144,96.0,16.7,5.33,3.862,0.0968,0.9032,2.0,True
2026-07-31,823999,675660,Shane Drohan,Milwaukee Brewers,Los Angeles Angels,Angel Stadium,1.02,6.5,9.0,9.0,0.2496,82.0,30.0,4.73,5.502,0.3143,0.6857,7.0,True
2026-07-31,823999,696270,Ryan Johnson,Los Angeles Angels,Milwaukee Brewers,Angel Stadium,0.99,6.5,7.344,7.657,0.2089,41.7,22.3,4.58,4.277,0.1415,0.8585,3.0,True
2026-07-31,824975,663947,Tyler Holton,Detroit Tigers,Athletics,Sutter Health Park,0.95,6.5,7.035,3.484,0.2277,47.3,10.3,0.83,4.009,0.1117,0.8883,1.0,True
2026-07-31,824975,605488,Jeffrey Springs,Athletics,Detroit Tigers,Sutter Health Park,0.93,6.5,7.442,4.5,0.2293,104.0,16.0,4.95,4.333,0.1482,0.8518,2.0,True
2026-07-31,823272,687931,Carson Whisenhunt,San Francisco Giants,San Diego Padres,Petco Park,0.91,6.5,7.468,9.281,0.222,15.7,10.7,5.22,5.167,0.2627,0.7373,3.0,True
2026-07-31,823272,699134,Bradgley Rodriguez,San Diego Padres,San Francisco Giants,Petco Park,0.92,6.5,9.13,11.25,0.2085,46.3,12.0,1.0,4.243,0.1375,0.8625,2.0,True
2026-07-31,823922,624133,Ranger Suarez,Boston Red Sox,Los Angeles Dodgers,UNIQLO Field at Dodger Stadium,1.06,6.5,9.724,13.5,0.2063,95.3,12.7,5.3,5.388,0.2964,0.7036,2.0,True
2026-07-31,823922,683618,Edgardo Henriquez,Los Angeles Dodgers,Boston Red Sox,UNIQLO Field at Dodger Stadium,0.96,6.5,9.0,7.941,0.2208,42.0,11.3,5.5,5.224,0.2713,0.7287,1.0,True
2026-07-31,823111,805673,Zebby Matthews,Minnesota Twins,Seattle Mariners,T-Mobile Park,0.98,6.5,6.987,6.75,0.2299,76.0,26.7,5.85,4.946,0.2299,0.7701,10.0,True
2026-07-31,823111,682243,Bryce Miller,Seattle Mariners,Minnesota Twins,T-Mobile Park,0.92,6.5,9.306,6.652,0.2149,68.7,23.0,5.72,5.061,0.2468,0.7532,3.0,True
2026-08-01,822781,687273,Quinn Mathews,St. Louis Cardinals,Toronto Blue Jays,Rogers Centre,0.97,6.5,6.0,6.0,0.1937,3.0,3.0,3.0,4.324,0.1471,0.8529,3.0,True
2026-08-01,822781,592332,Kevin Gausman,Toronto Blue Jays,St. Louis Cardinals,Rogers Centre,1.0,6.5,9.072,9.791,0.2042,125.0,30.3,5.45,5.019,0.2406,0.7594,4.0,True
2026-08-01,823109,687570,Connor Prielipp,Minnesota Twins,Seattle Mariners,T-Mobile Park,0.98,6.5,9.456,11.34,0.2313,72.3,16.7,5.17,5.731,0.3506,0.6494,5.0,True
2026-08-01,823109,669302,Logan Gilbert,Seattle Mariners,Minnesota Twins,T-Mobile Park,0.92,6.5,9.525,9.092,0.215,125.7,32.7,5.98,5.652,0.338,0.662,6.0,True
2026-08-01,822944,663855,Jordan Hicks,Chicago White Sox,Tampa Bay Rays,Tropicana Field,1.02,6.5,10.452,14.595,0.1923,31.0,12.3,5.5,5.242,0.274,0.726,1.0,True
2026-08-01,822944,656876,Drew Rasmussen,Tampa Bay Rays,Chicago White Sox,Tropicana Field,0.97,6.5,9.054,8.171,0.2355,111.3,25.3,5.57,5.625,0.3337,0.6663,10.0,True
2026-08-01,823594,663969,Tyler Phillips,Miami Marlins,New York Mets,Citi Field,0.93,6.5,6.723,4.846,0.2259,84.3,26.0,4.15,3.696,0.0815,0.9185,3.0,True
2026-08-01,823594,804267,Zac Thornton,New York Mets,Miami Marlins,Citi Field,0.97,6.5,6.674,5.586,0.217,29.7,19.3,5.93,4.647,0.1882,0.8118,2.0,True
2026-08-01,824485,677952,Braxton Ashcraft,Pittsburgh Pirates,Cincinnati Reds,Great American Ball Park,0.97,6.5,9.932,9.818,0.2519,122.3,25.7,5.83,6.733,0.5098,0.4902,5.0,True
2026-08-01,824485,671096,Andrew Abbott,Cincinnati Reds,Pittsburgh Pirates,Great American Ball Park,1.05,6.5,7.231,8.0,0.2402,117.0,27.0,5.32,5.05,0.2452,0.7548,1.0,True
2026-08-01,824808,650911,Cristopher Sánchez,Philadelphia Phillies,Baltimore Orioles,Oriole Park at Camden Yards,1.03,6.5,10.19,9.418,0.2412,138.7,28.7,6.3,6.853,0.5282,0.4718,11.0,True
2026-08-01,824808,669358,Shane Baz,Baltimore Orioles,Philadelphia Phillies,Oriole Park at Camden Yards,0.97,6.5,7.893,8.357,0.2375,122.0,28.0,5.81,5.539,0.3201,0.6799,4.0,True
2026-08-01,824162,594798,Jacob deGrom,Texas Rangers,Houston Astros,Daikin Park,1.02,6.5,10.767,10.8,0.2172,110.3,21.7,5.52,5.898,0.3773,0.6227,3.0,True
2026-08-01,824162,669854,Ronel Blanco,Houston Astros,Texas Rangers,Daikin Park,1.0,6.5,10.8,10.8,0.2264,10.0,10.0,5.0,5.608,0.3311,0.6689,4.0,True
2026-08-01,824405,684442,Kohl Drake,Arizona Diamondbacks,Cleveland Guardians,Progressive Field,1.02,6.5,6.0,6.0,0.2214,9.0,9.0,4.5,4.782,0.2068,0.7932,6.0,True
2026-08-01,824405,800048,Parker Messick,Cleveland Guardians,Arizona Diamondbacks,Progressive Field,0.99,6.5,8.761,6.097,0.1921,125.3,31.0,5.97,4.463,0.1642,0.8358,6.0,True
2026-08-01,824890,625643,Reynaldo López,Atlanta Braves,Washington Nationals,Truist Park,1.01,6.5,8.288,9.36,0.2124,71.7,25.0,4.39,4.47,0.1652,0.8348,,False
2026-08-01,824326,663372,Ryan Feltner,Colorado Rockies,Kansas City Royals,Coors Field,1.13,6.5,6.877,7.225,0.2137,70.7,23.7,4.71,4.115,0.123,0.877,3.0,True
2026-08-02,824807,554430,Zack Wheeler,Philadelphia Phillies,Baltimore Orioles,Oriole Park at Camden Yards,1.03,6.5,10.8,15.775,0.2428,105.0,29.7,5.83,7.684,0.6465,0.3535,3.0,True
2026-08-02,824807,680694,Kyle Bradish,Baltimore Orioles,Philadelphia Phillies,Oriole Park at Camden Yards,0.97,6.5,8.702,6.469,0.2369,121.0,32.0,5.5,5.241,0.2738,0.7262,3.0,True
2026-08-02,824891,676917,Cade Cavalli,Washington Nationals,Atlanta Braves,Truist Park,0.99,6.5,9.758,10.068,0.2123,122.7,39.3,5.11,5.2,0.2675,0.7325,3.0,True
2026-08-02,824891,702275,JR Ritchie,Atlanta Braves,Washington Nationals,Truist Park,1.01,6.5,8.224,8.308,0.2128,58.0,17.3,4.64,4.491,0.1679,0.8321,4.0,True
2026-08-02,822783,669461,Matthew Liberatore,St. Louis Cardinals,Toronto Blue Jays,Rogers Centre,0.97,6.5,8.862,10.742,0.194,108.7,31.0,4.94,4.532,0.1731,0.8269,7.0,True
2026-08-02,822783,453286,Max Scherzer,Toronto Blue Jays,St. Louis Cardinals,Rogers Centre,1.0,6.5,6.75,9.346,0.2034,30.7,8.7,3.83,4.01,0.1117,0.8883,5.0,True
2026-08-02,824404,518876,Merrill Kelly,Arizona Diamondbacks,Cleveland Guardians,Progressive Field,1.02,6.5,5.983,7.448,0.2214,114.3,38.7,5.72,4.465,0.1645,0.8355,5.0,True
2026-08-02,824404,668909,Gavin Williams,Cleveland Guardians,Arizona Diamondbacks,Progressive Field,0.99,6.5,11.525,14.244,0.1933,139.0,42.3,6.04,6.402,0.458,0.542,10.0,True
2026-08-02,824483,656605,Mitch Keller,Pittsburgh Pirates,Cincinnati Reds,Great American Ball Park,0.97,6.5,6.925,6.585,0.2517,115.7,27.3,5.26,4.953,0.231,0.769,2.0,True
2026-08-02,824483,695505,Chase Burns,Cincinnati Reds,Pittsburgh Pirates,Great American Ball Park,1.05,6.5,10.249,8.1,0.2394,117.7,26.7,5.63,6.084,0.4071,0.5929,9.0,True
2026-08-02,822943,641743,Anthony Kay,Chicago White Sox,Tampa Bay Rays,Tropicana Field,1.02,6.5,7.364,7.218,0.1923,110.0,33.7,4.88,3.746,0.0859,0.9141,3.0,True
2026-08-02,822943,643377,Griffin Jax,Tampa Bay Rays,Chicago White Sox,Tropicana Field,0.97,6.5,9.818,11.23,0.238,91.7,37.7,4.59,5.651,0.3378,0.6622,8.0,True
2026-08-02,823592,645261,Sandy Alcantara,Miami Marlins,New York Mets,Citi Field,0.93,6.5,6.894,7.521,0.2252,156.7,46.7,6.53,5.216,0.2701,0.7299,5.0,True
2026-08-02,823592,476594,Robert Stock,New York Mets,Miami Marlins,Citi Field,0.97,6.5,7.2,7.2,0.2165,5.0,5.0,5.0,5.012,0.2396,0.7604,4.0,True
2026-08-02,824163,677958,Kumar Rocker,Texas Rangers,Houston Astros,Daikin Park,1.02,6.5,8.167,8.735,0.2165,108.0,34.0,5.14,4.768,0.2048,0.7952,5.0,True
2026-08-02,824163,663567,Peter Lambert,Houston Astros,Texas Rangers,Daikin Park,1.0,6.5,8.945,9.9,0.2277,108.7,40.0,5.72,5.777,0.358,0.642,8.0,True
2026-08-02,824648,543037,Gerrit Cole,New York Yankees,Chicago Cubs,Wrigley Field,1.04,6.5,9.529,11.0,0.2173,73.7,36.0,5.67,5.751,0.3537,0.6463,5.0,True
2026-08-02,824648,607067,Colin Rea,Chicago Cubs,New York Yankees,Wrigley Field,1.0,6.5,6.884,7.29,0.2443,117.7,33.3,5.12,4.785,0.2072,0.7928,7.0,True
2026-08-02,824323,607625,Seth Lugo,Kansas City Royals,Colorado Rockies,Coors Field,0.94,6.5,6.857,6.688,0.2285,126.0,36.3,5.48,4.571,0.1782,0.8218,3.0,True
2026-08-02,824323,607536,Kyle Freeland,Colorado Rockies,Kansas City Royals,Coors Field,1.13,6.5,7.739,8.011,0.2132,102.3,30.3,5.12,4.498,0.1686,0.8314,8.0,True
2026-08-02,823996,694819,Jacob Misiorowski,Milwaukee Brewers,Los Angeles Angels,Angel Stadium,1.02,6.5,13.943,16.352,0.2516,122.0,23.7,5.81,8.903,0.7842,0.2158,10.0,True
2026-08-02,823996,700712,Walbert Ureña,Los Angeles Angels,Milwaukee Brewers,Angel Stadium,0.99,6.5,8.689,8.757,0.2096,96.3,24.7,5.26,4.818,0.2117,0.7883,7.0,True
2026-08-02,824971,672456,Keider Montero,Detroit Tigers,Athletics,Sutter Health Park,0.95,6.5,6.444,9.132,0.2274,110.3,22.7,5.27,4.721,0.1982,0.8018,2.0,True
2026-08-02,824971,695611,Gage Jump,Athletics,Detroit Tigers,Sutter Health Park,0.93,6.5,9.714,10.735,0.2285,63.0,27.7,5.25,5.758,0.3549,0.6451,5.0,True
2026-08-02,823270,694738,Landen Roupp,San Francisco Giants,San Diego Padres,Petco Park,0.91,6.5,9.026,6.256,0.2222,113.7,27.3,5.41,4.936,0.2286,0.7714,6.0,True
2026-08-02,823270,606996,Kyle Hart,San Diego Padres,San Francisco Giants,Petco Park,0.92,6.5,7.967,9.818,0.2085,40.7,14.7,1.89,4.193,0.1318,0.8682,2.0,True
2026-08-02,823107,671737,Taj Bradley,Minnesota Twins,Seattle Mariners,T-Mobile Park,0.98,6.5,10.367,11.676,0.2309,120.7,37.0,5.75,6.56,0.4829,0.5171,2.0,True
2026-08-02,823107,669923,George Kirby,Seattle Mariners,Minnesota Twins,T-Mobile Park,0.92,6.5,8.025,8.625,0.2154,120.0,24.0,6.0,5.209,0.269,0.731,3.0,True
2026-08-02,823919,687562,Jake Bennett,Boston Red Sox,Los Angeles Dodgers,UNIQLO Field at Dodger Stadium,1.06,6.5,6.305,5.786,0.206,65.7,32.7,5.97,4.197,0.1321,0.8679,4.0,True
2026-08-02,823919,686218,Emmet Sheehan,Los Angeles Dodgers,Boston Red Sox,UNIQLO Field at Dodger Stadium,0.96,6.5,10.101,10.08,0.2199,92.7,25.0,4.88,5.278,0.2795,0.7205,4.0,True
2026-08-04,824805,680570,Grayson Rodriguez,Los Angeles Angels,Baltimore Orioles,Oriole Park at Camden Yards,0.99,6.5,7.364,5.891,0.243,44.0,18.3,4.4,4.647,0.1882,0.8118,6.0,True
2026-08-04,824805,700249,Cade Povich,Baltimore Orioles,Los Angeles Angels,Oriole Park at Camden Yards,0.97,6.5,5.586,8.9,0.252,19.3,0.0,4.83,5.466,0.3086,0.6914,7.0,True
2026-08-04,824403,640455,Sean Manaea,New York Mets,Cleveland Guardians,Progressive Field,0.97,6.5,8.64,7.535,0.2216,91.7,28.7,4.54,4.481,0.1666,0.8334,7.0,True
2026-08-04,824403,676282,Joey Cantillo,Cleveland Guardians,New York Mets,Progressive Field,0.99,6.5,9.818,12.687,0.2252,113.7,27.7,4.94,5.725,0.3496,0.6504,5.0,True
2026-08-04,824484,669372,J.T. Ginn,Athletics,Cincinnati Reds,Great American Ball Park,0.93,6.5,8.232,9.58,0.252,109.3,20.7,5.3,5.801,0.3617,0.6383,5.0,True
2026-08-04,824484,663903,Brady Singer,Cincinnati Reds,Athletics,Great American Ball Park,1.05,6.5,7.607,7.714,0.2271,107.7,30.3,5.13,4.716,0.1975,0.8025,6.0,True
2026-08-04,823432,687223,Carson Palmquist,Washington Nationals,Philadelphia Phillies,Citizens Bank Park,0.99,6.5,8.438,8.526,0.2356,16.0,12.7,2.07,4.407,0.1573,0.8427,0.0,True
2026-08-04,823432,666200,Jesús Luzardo,Philadelphia Phillies,Washington Nationals,Citizens Bank Park,1.03,6.5,10.982,11.777,0.2133,128.7,31.3,5.85,6.293,0.4407,0.5593,7.0,True
2026-08-04,823517,690928,Hunter Dobbins,St. Louis Cardinals,New York Yankees,Yankee Stadium,0.97,6.5,8.554,7.163,0.2441,33.7,16.3,4.81,5.3,0.2828,0.7172,4.0,True
2026-08-04,823517,677960,Ryan Weathers,New York Yankees,St. Louis Cardinals,Yankee Stadium,1.04,6.5,9.861,9.45,0.2038,115.0,26.7,5.48,5.157,0.2612,0.7388,6.0,True
2026-08-04,824731,663436,Davis Martin,Chicago White Sox,Boston Red Sox,Fenway Park,1.02,6.5,8.154,6.0,0.2202,117.0,24.0,5.57,4.756,0.2031,0.7969,1.0,True
2026-08-04,824731,663776,Patrick Sandoval,Boston Red Sox,Chicago White Sox,Fenway Park,1.06,6.5,9.474,9.474,0.2381,19.0,19.0,4.75,5.61,0.3313,0.6687,5.0,True
2026-08-04,824888,687473,Ryan Gusto,Miami Marlins,Atlanta Braves,Truist Park,0.93,6.5,7.846,7.132,0.2123,39.0,17.7,3.71,4.053,0.1162,0.8838,5.0,True
2026-08-04,824888,656550,Grant Holmes,Atlanta Braves,Miami Marlins,Truist Park,1.01,6.5,7.676,6.567,0.2163,102.0,24.7,4.86,4.232,0.1362,0.8638,5.0,True
2026-08-04,824084,657746,Joe Ryan,Minnesota Twins,Kansas City Royals,Kauffman Stadium,0.98,6.5,10.097,9.0,0.2133,120.3,27.0,5.47,5.395,0.2975,0.7025,3.0,True
2026-08-04,824084,677976,Randy Dobnak,Kansas City Royals,Minnesota Twins,Kauffman Stadium,0.94,6.5,4.846,4.846,0.2148,26.0,26.0,5.2,4.06,0.117,0.883,1.0,True
2026-08-04,823756,683003,Jared Jones,Pittsburgh Pirates,Milwaukee Brewers,American Family Field,0.97,6.5,10.038,11.0,0.2108,52.0,27.0,4.73,5.116,0.2549,0.7451,4.0,True
2026-08-04,823756,701656,Logan Henderson,Milwaukee Brewers,Pittsburgh Pirates,American Family Field,1.02,6.5,11.045,10.286,0.2407,44.0,21.0,4.89,6.008,0.3949,0.6051,8.0,True
2026-08-04,824645,669373,Tarik Skubal,Los Angeles Dodgers,Chicago Cubs,Wrigley Field,0.96,6.5,10.8,12.162,0.2181,96.7,37.0,6.04,6.538,0.4794,0.5206,6.0,True
2026-08-04,822865,694918,Blade Tidwell,San Francisco Giants,Texas Rangers,Globe Life Field,0.91,6.5,7.5,8.9,0.2283,12.0,0.0,3.0,5.148,0.2598,0.7402,3.0,True
2026-08-04,822865,669022,MacKenzie Gore,Texas Rangers,San Francisco Giants,Globe Life Field,1.02,6.5,9.978,11.084,0.2081,122.7,31.7,5.33,5.426,0.3024,0.6976,4.0,True
2026-08-04,824161,702056,Trey Yesavage,Toronto Blue Jays,Houston Astros,Daikin Park,1.0,6.5,8.935,11.096,0.2163,91.7,24.3,5.39,5.404,0.2989,0.7011,0.0,True
2026-08-04,824161,669713,Hayden Wesneski,Houston Astros,Toronto Blue Jays,Daikin Park,1.0,6.5,6.353,6.353,0.1942,5.7,5.7,5.67,4.466,0.1647,0.8353,4.0,True
2026-08-04,824321,642547,Freddy Peralta,Tampa Bay Rays,Colorado Rockies,Coors Field,0.97,6.5,8.947,10.075,0.2281,113.7,22.3,5.17,5.395,0.2976,0.7024,3.0,True
2026-08-04,824321,687312,Gabriel Hughes,Colorado Rockies,Tampa Bay Rays,Coors Field,1.13,6.5,7.767,7.767,0.191,24.3,24.3,4.87,4.168,0.1289,0.8711,7.0,True
2026-08-04,825054,681190,Randy Vásquez,San Diego Padres,Arizona Diamondbacks,Chase Field,0.92,6.5,6.063,2.571,0.1932,95.0,14.0,4.72,3.174,0.0431,0.9569,1.0,True
2026-08-04,825054,593958,Eduardo Rodriguez,Arizona Diamondbacks,San Diego Padres,Chase Field,1.02,6.5,6.061,5.337,0.2218,130.7,28.7,5.94,4.301,0.1444,0.8556,4.0,True
2026-08-04,823108,675512,Troy Melton,Detroit Tigers,Seattle Mariners,T-Mobile Park,0.95,6.5,8.06,10.739,0.2297,67.0,29.3,6.09,5.91,0.3793,0.6207,4.0,True
2026-08-04,823108,676106,Emerson Hancock,Seattle Mariners,Detroit Tigers,T-Mobile Park,0.92,6.5,8.32,6.864,0.2276,110.3,19.7,5.52,5.069,0.248,0.752,6.0,True
2026-08-05,824806,672282,Reid Detmers,Los Angeles Angels,Baltimore Orioles,Oriole Park at Camden Yards,0.99,6.5,10.44,11.724,0.2429,125.0,25.3,5.68,6.816,0.5225,0.4775,5.0,True
2026-08-05,824806,669432,Trevor Rogers,Baltimore Orioles,Los Angeles Angels,Oriole Park at Camden Yards,0.97,6.5,7.304,8.308,0.2524,109.7,30.3,5.48,5.492,0.3128,0.6872,9.0,True
2026-08-05,824402,681035,Christian Scott,New York Mets,Cleveland Guardians,Progressive Field,0.97,6.5,11.034,11.836,0.2214,69.3,24.3,4.62,5.545,0.3211,0.6789,7.0,True
2026-08-05,824402,676440,Tanner Bibee,Cleveland Guardians,New York Mets,Progressive Field,0.99,6.5,6.801,5.1,0.2253,132.3,30.0,5.75,4.429,0.1599,0.8401,10.0,True
2026-08-05,824482,682052,Jacob Lopez,Athletics,Cincinnati Reds,Great American Ball Park,0.93,6.5,7.843,10.707,0.2517,70.0,19.3,4.31,5.221,0.2708,0.7292,9.0,True
2026-08-05,824482,695076,Rhett Lowder,Cincinnati Reds,Athletics,Great American Ball Park,1.05,6.5,7.59,6.197,0.2272,83.0,20.3,4.65,4.341,0.1491,0.8509,3.0,True
2026-08-05,823429,663623,Jake Irvin,Washington Nationals,Philadelphia Phillies,Citizens Bank Park,0.99,6.5,9.371,1.8,0.2345,56.7,5.0,4.72,4.942,0.2293,0.7707,3.0,True
2026-08-05,823429,691725,Andrew Painter,Philadelphia Phillies,Washington Nationals,Citizens Bank Park,1.03,6.5,7.479,9.0,0.2137,71.0,6.0,4.73,4.433,0.1605,0.8395,4.0,True
2026-08-05,823516,669467,Andre Pallante,St. Louis Cardinals,New York Yankees,Yankee Stadium,0.97,6.5,6.522,5.523,0.2435,118.7,29.3,5.65,4.736,0.2003,0.7997,4.0,True
2026-08-05,823516,701542,Will Warren,New York Yankees,St. Louis Cardinals,Yankee Stadium,1.04,6.5,9.028,9.121,0.2045,108.7,24.7,5.14,4.738,0.2005,0.7995,5.0,True
2026-08-05,824728,680732,Sean Burke,Chicago White Sox,Boston Red Sox,Fenway Park,1.02,6.5,10.134,12.789,0.2186,124.3,31.7,5.65,6.225,0.4298,0.5702,4.0,True
2026-08-05,824728,543243,Sonny Gray,Boston Red Sox,Chicago White Sox,Fenway Park,1.06,6.5,7.76,6.9,0.238,113.7,30.0,5.68,5.203,0.2681,0.7319,8.0,True
2026-08-05,824889,691587,Eury Pérez,Miami Marlins,Atlanta Braves,Truist Park,0.93,6.5,9.631,8.719,0.212,104.7,32.0,5.51,5.229,0.272,0.728,9.0,True
2026-08-05,824889,693821,Bryce Elder,Atlanta Braves,Miami Marlins,Truist Park,1.01,6.5,7.596,7.714,0.2161,119.7,21.0,5.7,4.831,0.2135,0.7865,3.0,True
2026-08-05,824082,665152,Dean Kremer,Minnesota Twins,Kansas City Royals,Kauffman Stadium,0.98,6.5,9.5,7.92,0.2126,36.0,25.0,5.14,4.92,0.2263,0.7737,2.0,True
2026-08-05,824082,702070,Noah Cameron,Kansas City Royals,Minnesota Twins,Kauffman Stadium,0.94,6.5,8.326,9.0,0.2138,115.7,32.0,5.51,5.003,0.2383,0.7617,9.0,True
2026-08-05,823753,694973,Paul Skenes,Pittsburgh Pirates,Milwaukee Brewers,American Family Field,0.97,6.5,11.262,11.937,0.2109,124.7,31.7,5.42,5.989,0.3919,0.6081,6.0,True
2026-08-05,823753,690986,Kyle Harrison,Milwaukee Brewers,Pittsburgh Pirates,American Family Field,1.02,6.5,10.864,6.75,0.2413,83.7,6.7,4.92,5.716,0.3481,0.6519,10.0,True
2026-08-05,823106,623454,Drew Anderson,Detroit Tigers,Seattle Mariners,T-Mobile Park,0.95,6.5,11.026,9.0,0.2297,63.7,13.0,3.44,5.121,0.2557,0.7443,0.0,True
2026-08-05,823106,693433,Bryan Woo,Seattle Mariners,Detroit Tigers,T-Mobile Park,0.92,6.5,9.125,10.714,0.2279,120.3,21.0,5.73,5.91,0.3792,0.6208,5.0,True
2026-08-08,823514,519242,Chris Sale,Atlanta Braves,New York Yankees,Yankee Stadium,1.01,6.5,11.049,11.455,0.2451,123.0,33.0,5.86,7.201,0.5797,0.4203,8.0,True
2026-08-08,823514,543037,Gerrit Cole,New York Yankees,Atlanta Braves,Yankee Stadium,1.04,6.5,9.602,10.895,0.2134,79.7,38.0,5.69,5.674,0.3416,0.6584,9.0,True
2026-08-08,824726,695611,Gage Jump,Athletics,Boston Red Sox,Fenway Park,0.93,6.5,10.077,11.528,0.2178,69.7,29.7,4.98,5.504,0.3146,0.6854,11.0,True
2026-08-08,824726,687562,Jake Bennett,Boston Red Sox,Athletics,Fenway Park,1.06,6.5,6.175,5.346,0.2284,74.3,33.7,5.72,4.42,0.1588,0.8412,5.0,True
2026-08-08,823834,700712,Walbert Ureña,Los Angeles Angels,Miami Marlins,loanDepot park,0.99,6.5,8.587,8.137,0.2151,101.7,24.3,5.26,4.843,0.2153,0.7847,2.0,True
2026-08-08,823834,645261,Sandy Alcantara,Miami Marlins,Los Angeles Angels,loanDepot park,0.93,6.5,7.102,8.591,0.253,159.7,44.0,6.39,6.071,0.4052,0.5948,8.0,True
2026-08-08,823426,453286,Max Scherzer,Toronto Blue Jays,Philadelphia Phillies,Citizens Bank Park,1.0,6.5,6.75,9.346,0.2312,30.7,8.7,3.83,4.558,0.1765,0.8235,4.0,True
2026-08-08,823426,605400,Aaron Nola,Philadelphia Phillies,Toronto Blue Jays,Citizens Bank Park,1.03,6.5,9.075,8.743,0.1947,120.0,35.0,5.22,4.515,0.1709,0.8291,8.0,True
2026-08-08,823348,476594,Robert Stock,New York Mets,Pittsburgh Pirates,PNC Park,0.97,6.5,7.2,7.2,0.2417,5.0,5.0,5.0,5.596,0.3291,0.6709,4.0,True
2026-08-08,823348,696149,Bubba Chandler,Pittsburgh Pirates,New York Mets,PNC Park,0.97,6.5,7.994,6.932,0.2263,110.3,24.7,5.02,4.631,0.186,0.814,5.0,True
2026-08-08,822701,695505,Chase Burns,Cincinnati Reds,Washington Nationals,Nationals Park,1.05,6.5,10.39,9.0,0.2152,118.7,21.0,5.65,5.635,0.3353,0.6647,6.0,True
2026-08-08,822701,674841,Andrew Alvarez,Washington Nationals,Cincinnati Reds,Nationals Park,0.99,6.5,8.859,5.956,0.2536,64.0,22.7,4.33,4.942,0.2294,0.7706,2.0,True
2026-08-08,824079,605280,Clay Holmes,Chicago Cubs,Kansas City Royals,Kauffman Stadium,1.0,6.5,7.69,8.9,0.2113,52.7,0.0,5.85,4.998,0.2375,0.7625,1.0,True
2026-08-08,824079,607625,Seth Lugo,Kansas City Royals,Chicago Cubs,Kauffman Stadium,0.94,6.5,6.925,6.402,0.2175,128.7,32.3,5.59,4.402,0.1566,0.8434,5.0,True
2026-08-08,823752,671737,Taj Bradley,Minnesota Twins,Milwaukee Brewers,American Family Field,0.98,6.5,10.018,9.237,0.2123,126.7,38.0,5.76,5.586,0.3276,0.6724,7.0,True
2026-08-08,823752,688107,Robert Gasser,Milwaukee Brewers,Minnesota Twins,American Family Field,1.02,6.5,8.374,7.425,0.213,62.3,26.7,5.19,4.664,0.1905,0.8095,3.0,True
2026-08-08,823267,663567,Peter Lambert,Houston Astros,San Diego Padres,Petco Park,1.0,6.5,8.945,10.486,0.2199,108.7,34.3,5.72,5.661,0.3394,0.6606,3.0,True
2026-08-08,823267,650633,Michael King,San Diego Padres,Houston Astros,Petco Park,0.92,6.5,7.872,8.357,0.2141,130.3,28.0,5.67,4.901,0.2235,0.7765,6.0,True
2026-08-08,823188,695549,Jackson Jobe,Detroit Tigers,San Francisco Giants,Oracle Park,0.95,6.5,8.9,8.9,0.2089,0.0,0.0,5.5,5.005,0.2386,0.7614,4.0,True
2026-08-08,823188,694738,Landen Roupp,San Francisco Giants,Detroit Tigers,Oracle Park,0.91,6.5,9.127,6.443,0.2277,118.3,29.3,5.38,5.078,0.2493,0.7507,3.0,True
2026-08-08,823021,607536,Kyle Freeland,Colorado Rockies,St. Louis Cardinals,Busch Stadium,1.13,6.5,7.726,7.181,0.2046,108.3,31.3,5.42,4.361,0.1516,0.8484,3.0,True
2026-08-08,823021,669461,Matthew Liberatore,St. Louis Cardinals,Colorado Rockies,Busch Stadium,0.97,6.5,8.862,9.692,0.2286,108.7,26.0,4.94,5.187,0.2656,0.7344,3.0,True
2026-08-08,822864,680694,Kyle Bradish,Baltimore Orioles,Texas Rangers,Globe Life Field,0.97,6.5,8.702,6.75,0.2279,121.0,28.0,5.5,5.101,0.2528,0.7472,4.0,True
2026-08-08,822864,594798,Jacob deGrom,Texas Rangers,Baltimore Orioles,Globe Life Field,1.02,6.5,10.689,10.0,0.2433,113.7,18.0,5.41,6.385,0.4553,0.5447,9.0,True
2026-08-08,824565,668909,Gavin Williams,Cleveland Guardians,Chicago White Sox,Rate Field,0.99,6.5,11.525,15.153,0.24,139.0,32.7,6.04,8.018,0.6888,0.3112,7.0,True
2026-08-08,824565,641743,Anthony Kay,Chicago White Sox,Cleveland Guardians,Rate Field,1.02,6.5,7.364,7.962,0.2218,110.0,26.0,4.88,4.436,0.1608,0.8392,4.0,True
2026-08-08,825049,694297,Brandon Pfaadt,Arizona Diamondbacks,Los Angeles Dodgers,Chase Field,1.02,6.5,5.949,4.84,0.2048,78.7,35.3,5.36,3.684,0.0804,0.9196,2.0,True
2026-08-08,823102,669923,George Kirby,Seattle Mariners,Tampa Bay Rays,T-Mobile Park,0.92,6.5,7.795,7.435,0.1912,127.0,23.0,6.05,4.457,0.1634,0.8366,2.0,True
2026-08-09,822700,663903,Brady Singer,Cincinnati Reds,Washington Nationals,Nationals Park,1.05,6.5,7.68,7.468,0.215,113.7,31.3,5.17,4.461,0.164,0.836,,False
2026-08-09,822700,695418,Brad Lord,Washington Nationals,Cincinnati Reds,Nationals Park,0.99,6.5,7.932,0.0,0.2529,59.0,2.3,2.92,4.425,0.1594,0.8406,,False
2026-08-09,824724,669372,J.T. Ginn,Athletics,Boston Red Sox,Fenway Park,0.93,6.5,8.194,10.016,0.2186,115.3,20.7,5.33,5.09,0.2512,0.7488,,False
2026-08-09,824724,669062,Erik Miller,Boston Red Sox,Athletics,Fenway Park,1.06,6.5,12.6,15.431,0.2283,35.0,2.3,5.5,6.2,0.4257,0.5743,,False
2026-08-09,823345,640455,Sean Manaea,New York Mets,Pittsburgh Pirates,PNC Park,0.97,6.5,8.754,8.191,0.2411,97.7,29.7,4.62,5.027,0.2417,0.7583,,False
2026-08-09,823345,683003,Jared Jones,Pittsburgh Pirates,New York Mets,PNC Park,0.97,6.5,9.964,10.333,0.2268,56.0,27.0,4.67,5.358,0.2919,0.7081,,False
2026-08-09,823425,669456,Shane Bieber,Toronto Blue Jays,Philadelphia Phillies,Citizens Bank Park,1.0,6.5,6.811,7.125,0.2304,37.0,24.0,4.63,4.6,0.1819,0.8181,,False
2026-08-09,823425,666200,Jesús Luzardo,Philadelphia Phillies,Toronto Blue Jays,Citizens Bank Park,1.03,6.5,10.8,10.53,0.1956,136.7,33.3,5.94,5.64,0.3361,0.6639,,False
2026-08-09,823513,656550,Grant Holmes,Atlanta Braves,New York Yankees,Yankee Stadium,1.01,6.5,7.667,7.364,0.2456,108.0,25.7,4.91,4.929,0.2275,0.7725,,False
2026-08-09,823513,693645,Cam Schlittler,New York Yankees,Atlanta Braves,Yankee Stadium,1.04,6.5,11.019,12.112,0.2131,139.7,35.7,5.82,6.366,0.4523,0.5477,,False
2026-08-09,823835,680570,Grayson Rodriguez,Los Angeles Angels,Miami Marlins,loanDepot park,0.99,6.5,7.412,6.395,0.2153,51.0,25.3,4.64,4.197,0.1321,0.8679,,False
2026-08-09,823835,687473,Ryan Gusto,Miami Marlins,Los Angeles Angels,loanDepot park,0.93,6.5,7.8,7.403,0.253,45.0,20.7,3.96,4.895,0.2226,0.7774,,False
2026-08-09,824078,571510,Matthew Boyd,Chicago Cubs,Kansas City Royals,Kauffman Stadium,1.0,6.5,7.803,6.0,0.2098,72.7,39.0,5.59,4.414,0.1581,0.8419,,False
2026-08-09,824078,677976,Randy Dobnak,Kansas City Royals,Chicago Cubs,Kauffman Stadium,0.94,6.5,4.355,4.333,0.2179,31.0,27.0,5.17,3.902,0.1007,0.8993,,False
2026-08-09,824564,676282,Joey Cantillo,Cleveland Guardians,Chicago White Sox,Rate Field,0.99,6.5,9.784,13.012,0.2396,118.7,27.7,4.94,6.127,0.4141,0.5859,,False
2026-08-09,824564,663436,Davis Martin,Chicago White Sox,Cleveland Guardians,Rate Field,1.02,6.5,7.893,5.961,0.2212,122.0,25.7,5.55,4.678,0.1924,0.8076,,False
2026-08-09,823751,687570,Connor Prielipp,Minnesota Twins,Milwaukee Brewers,American Family Field,0.98,6.5,9.386,9.0,0.2138,77.7,16.0,5.18,5.051,0.2453,0.7547,,False
2026-08-09,823751,694819,Jacob Misiorowski,Milwaukee Brewers,Minnesota Twins,American Family Field,1.02,6.5,13.819,15.261,0.2126,127.0,23.0,6.05,7.563,0.6304,0.3696,,False
2026-08-09,823020,547179,Michael Lorenzen,Colorado Rockies,St. Louis Cardinals,Busch Stadium,1.13,6.5,6.687,5.4,0.2037,107.7,21.7,4.64,3.549,0.0691,0.9309,,False
2026-08-09,823020,700241,Michael McGreevy,St. Louis Cardinals,Colorado Rockies,Busch Stadium,0.97,6.5,6.058,7.56,0.2277,120.3,25.0,5.47,4.518,0.1712,0.8288,,False
2026-08-09,822862,677958,Kumar Rocker,Texas Rangers,Baltimore Orioles,Globe Life Field,1.02,6.5,8.167,9.0,0.2437,108.0,28.0,5.14,5.408,0.2996,0.7004,,False
